solid OpenSCAD_Model
  facet normal -0.555978 0.831197 0
    outer loop
      vertex 2 115.464 0
      vertex 1.56495 115.173 48.6
      vertex 2 115.464 48.6
    endloop
  endfacet
  facet normal -0.555978 0.831197 0
    outer loop
      vertex 1.56495 115.173 48.6
      vertex 2 115.464 0
      vertex 1.56495 115.173 0
    endloop
  endfacet
  facet normal 0.89633 0.443387 0
    outer loop
      vertex 165.696 113.531 48.6
      vertex 165.464 114 0
      vertex 165.464 114 48.6
    endloop
  endfacet
  facet normal 0.89633 0.443387 0
    outer loop
      vertex 165.464 114 0
      vertex 165.696 113.531 48.6
      vertex 165.696 113.531 0
    endloop
  endfacet
  facet normal 0.443387 0.89633 -0
    outer loop
      vertex 164 115.464 0
      vertex 163.531 115.696 48.6
      vertex 164 115.464 48.6
    endloop
  endfacet
  facet normal 0.443387 0.89633 0
    outer loop
      vertex 163.531 115.696 48.6
      vertex 164 115.464 0
      vertex 163.531 115.696 0
    endloop
  endfacet
  facet normal -0.0649827 0.997886 0
    outer loop
      vertex 4 116 0
      vertex 3.47789 115.966 48.6
      vertex 4 116 48.6
    endloop
  endfacet
  facet normal -0.0649827 0.997886 0
    outer loop
      vertex 3.47789 115.966 48.6
      vertex 4 116 0
      vertex 3.47789 115.966 0
    endloop
  endfacet
  facet normal -0.195091 -0.980785 0
    outer loop
      vertex 2.96472 0.136296 0
      vertex 3.47789 0.0342197 48.6
      vertex 2.96472 0.136296 48.6
    endloop
  endfacet
  facet normal -0.195091 -0.980785 -0
    outer loop
      vertex 3.47789 0.0342197 48.6
      vertex 2.96472 0.136296 0
      vertex 3.47789 0.0342197 0
    endloop
  endfacet
  facet normal 1 -0 0
    outer loop
      vertex 166 37.0022 18.0242
      vertex 166 112 0
      vertex 166 112 48.6
    endloop
  endfacet
  facet normal 1 0 0
    outer loop
      vertex 166 112 0
      vertex 166 37.0022 18.0242
      vertex 166 37.03 17.6
    endloop
  endfacet
  facet normal 1 0 0
    outer loop
      vertex 166 112 48.6
      vertex 166 36.9193 18.4412
      vertex 166 37.0022 18.0242
    endloop
  endfacet
  facet normal 1 0 0
    outer loop
      vertex 166 112 48.6
      vertex 166 36.7826 18.8437
      vertex 166 36.9193 18.4412
    endloop
  endfacet
  facet normal 1 0 0
    outer loop
      vertex 166 112 48.6
      vertex 166 36.5946 19.225
      vertex 166 36.7826 18.8437
    endloop
  endfacet
  facet normal 1 0 0
    outer loop
      vertex 166 112 48.6
      vertex 166 36.3584 19.5785
      vertex 166 36.5946 19.225
    endloop
  endfacet
  facet normal 1 0 0
    outer loop
      vertex 166 112 48.6
      vertex 166 36.0781 19.8981
      vertex 166 36.3584 19.5785
    endloop
  endfacet
  facet normal 1 0 0
    outer loop
      vertex 166 112 48.6
      vertex 166 35.7585 20.1784
      vertex 166 36.0781 19.8981
    endloop
  endfacet
  facet normal 1 0 0
    outer loop
      vertex 166 112 48.6
      vertex 166 35.405 20.4146
      vertex 166 35.7585 20.1784
    endloop
  endfacet
  facet normal 1 0 0
    outer loop
      vertex 166 112 48.6
      vertex 166 35.0237 20.6026
      vertex 166 35.405 20.4146
    endloop
  endfacet
  facet normal 1 -0 0
    outer loop
      vertex 166 4 48.6
      vertex 166 35.0237 20.6026
      vertex 166 112 48.6
    endloop
  endfacet
  facet normal 1 0 0
    outer loop
      vertex 166 35.0237 20.6026
      vertex 166 4 48.6
      vertex 166 34.6212 20.7393
    endloop
  endfacet
  facet normal 1 0 0
    outer loop
      vertex 166 34.6212 20.7393
      vertex 166 4 48.6
      vertex 166 34.2042 20.8222
    endloop
  endfacet
  facet normal 1 0 0
    outer loop
      vertex 166 34.2042 20.8222
      vertex 166 4 48.6
      vertex 166 33.78 20.85
    endloop
  endfacet
  facet normal 1 0 0
    outer loop
      vertex 166 33.78 20.85
      vertex 166 4 48.6
      vertex 166 33.3558 20.8222
    endloop
  endfacet
  facet normal 1 0 0
    outer loop
      vertex 166 33.3558 20.8222
      vertex 166 4 48.6
      vertex 166 32.9388 20.7393
    endloop
  endfacet
  facet normal 1 0 0
    outer loop
      vertex 166 30.6407 18.4412
      vertex 166 4 0
      vertex 166 30.5578 18.0242
    endloop
  endfacet
  facet normal 1 0 0
    outer loop
      vertex 166 4 0
      vertex 166 30.6407 18.4412
      vertex 166 4 48.6
    endloop
  endfacet
  facet normal 1 0 0
    outer loop
      vertex 166 30.7774 18.8437
      vertex 166 4 48.6
      vertex 166 30.6407 18.4412
    endloop
  endfacet
  facet normal 1 0 0
    outer loop
      vertex 166 30.9654 19.225
      vertex 166 4 48.6
      vertex 166 30.7774 18.8437
    endloop
  endfacet
  facet normal 1 0 0
    outer loop
      vertex 166 31.2016 19.5785
      vertex 166 4 48.6
      vertex 166 30.9654 19.225
    endloop
  endfacet
  facet normal 1 0 0
    outer loop
      vertex 166 31.4819 19.8981
      vertex 166 4 48.6
      vertex 166 31.2016 19.5785
    endloop
  endfacet
  facet normal 1 0 0
    outer loop
      vertex 166 31.8015 20.1784
      vertex 166 4 48.6
      vertex 166 31.4819 19.8981
    endloop
  endfacet
  facet normal 1 0 0
    outer loop
      vertex 166 32.155 20.4146
      vertex 166 4 48.6
      vertex 166 31.8015 20.1784
    endloop
  endfacet
  facet normal 1 0 0
    outer loop
      vertex 166 32.5363 20.6026
      vertex 166 4 48.6
      vertex 166 32.155 20.4146
    endloop
  endfacet
  facet normal 1 0 0
    outer loop
      vertex 166 32.9388 20.7393
      vertex 166 4 48.6
      vertex 166 32.5363 20.6026
    endloop
  endfacet
  facet normal 1 -0 0
    outer loop
      vertex 166 37.0022 17.1758
      vertex 166 112 0
      vertex 166 37.03 17.6
    endloop
  endfacet
  facet normal 1 -0 0
    outer loop
      vertex 166 36.9193 16.7588
      vertex 166 112 0
      vertex 166 37.0022 17.1758
    endloop
  endfacet
  facet normal 1 -0 0
    outer loop
      vertex 166 36.7826 16.3563
      vertex 166 112 0
      vertex 166 36.9193 16.7588
    endloop
  endfacet
  facet normal 1 -0 0
    outer loop
      vertex 166 36.5946 15.975
      vertex 166 112 0
      vertex 166 36.7826 16.3563
    endloop
  endfacet
  facet normal 1 -0 0
    outer loop
      vertex 166 36.3584 15.6215
      vertex 166 112 0
      vertex 166 36.5946 15.975
    endloop
  endfacet
  facet normal 1 -0 0
    outer loop
      vertex 166 36.0781 15.3019
      vertex 166 112 0
      vertex 166 36.3584 15.6215
    endloop
  endfacet
  facet normal 1 -0 0
    outer loop
      vertex 166 35.7585 15.0216
      vertex 166 112 0
      vertex 166 36.0781 15.3019
    endloop
  endfacet
  facet normal 1 -0 0
    outer loop
      vertex 166 35.405 14.7854
      vertex 166 112 0
      vertex 166 35.7585 15.0216
    endloop
  endfacet
  facet normal 1 -0 0
    outer loop
      vertex 166 35.0237 14.5974
      vertex 166 112 0
      vertex 166 35.405 14.7854
    endloop
  endfacet
  facet normal 1 -0 0
    outer loop
      vertex 166 34.6212 14.4607
      vertex 166 112 0
      vertex 166 35.0237 14.5974
    endloop
  endfacet
  facet normal 1 0 0
    outer loop
      vertex 166 4 0
      vertex 166 34.6212 14.4607
      vertex 166 34.2042 14.3778
    endloop
  endfacet
  facet normal 1 0 0
    outer loop
      vertex 166 4 0
      vertex 166 34.2042 14.3778
      vertex 166 33.78 14.35
    endloop
  endfacet
  facet normal 1 0 0
    outer loop
      vertex 166 4 0
      vertex 166 33.78 14.35
      vertex 166 33.3558 14.3778
    endloop
  endfacet
  facet normal 1 0 0
    outer loop
      vertex 166 30.5578 18.0242
      vertex 166 4 0
      vertex 166 30.53 17.6
    endloop
  endfacet
  facet normal 1 0 0
    outer loop
      vertex 166 30.53 17.6
      vertex 166 4 0
      vertex 166 30.5578 17.1758
    endloop
  endfacet
  facet normal 1 0 0
    outer loop
      vertex 166 30.5578 17.1758
      vertex 166 4 0
      vertex 166 30.6407 16.7588
    endloop
  endfacet
  facet normal 1 0 0
    outer loop
      vertex 166 30.6407 16.7588
      vertex 166 4 0
      vertex 166 30.7774 16.3563
    endloop
  endfacet
  facet normal 1 0 0
    outer loop
      vertex 166 30.7774 16.3563
      vertex 166 4 0
      vertex 166 30.9654 15.975
    endloop
  endfacet
  facet normal 1 0 0
    outer loop
      vertex 166 34.6212 14.4607
      vertex 166 4 0
      vertex 166 112 0
    endloop
  endfacet
  facet normal 1 0 0
    outer loop
      vertex 166 32.9388 14.4607
      vertex 166 4 0
      vertex 166 33.3558 14.3778
    endloop
  endfacet
  facet normal 1 0 0
    outer loop
      vertex 166 32.5363 14.5974
      vertex 166 4 0
      vertex 166 32.9388 14.4607
    endloop
  endfacet
  facet normal 1 0 0
    outer loop
      vertex 166 32.155 14.7854
      vertex 166 4 0
      vertex 166 32.5363 14.5974
    endloop
  endfacet
  facet normal 1 0 0
    outer loop
      vertex 166 31.8015 15.0216
      vertex 166 4 0
      vertex 166 32.155 14.7854
    endloop
  endfacet
  facet normal 1 0 0
    outer loop
      vertex 166 31.4819 15.3019
      vertex 166 4 0
      vertex 166 31.8015 15.0216
    endloop
  endfacet
  facet normal 1 0 0
    outer loop
      vertex 166 31.2016 15.6215
      vertex 166 4 0
      vertex 166 31.4819 15.3019
    endloop
  endfacet
  facet normal 1 0 0
    outer loop
      vertex 166 30.9654 15.975
      vertex 166 4 0
      vertex 166 31.2016 15.6215
    endloop
  endfacet
  facet normal 0.556022 0.831167 -0
    outer loop
      vertex 164.435 115.173 0
      vertex 164 115.464 48.6
      vertex 164.435 115.173 48.6
    endloop
  endfacet
  facet normal 0.556022 0.831167 0
    outer loop
      vertex 164 115.464 48.6
      vertex 164.435 115.173 0
      vertex 164 115.464 0
    endloop
  endfacet
  facet normal 0.947145 0.320807 0
    outer loop
      vertex 165.864 113.035 48.6
      vertex 165.696 113.531 0
      vertex 165.696 113.531 48.6
    endloop
  endfacet
  facet normal 0.947145 0.320807 0
    outer loop
      vertex 165.696 113.531 0
      vertex 165.864 113.035 48.6
      vertex 165.864 113.035 0
    endloop
  endfacet
  facet normal 0.320807 0.947145 -0
    outer loop
      vertex 163.531 115.696 0
      vertex 163.035 115.864 48.6
      vertex 163.531 115.696 48.6
    endloop
  endfacet
  facet normal 0.320807 0.947145 0
    outer loop
      vertex 163.035 115.864 48.6
      vertex 163.531 115.696 0
      vertex 163.035 115.864 0
    endloop
  endfacet
  facet normal 0 -1 0
    outer loop
      vertex 67.2815 0 31.5435
      vertex 4 0 48.6
      vertex 66.42 0 31.6
    endloop
  endfacet
  facet normal 0 -1 0
    outer loop
      vertex 4 0 48.6
      vertex 65.5585 0 31.5435
      vertex 66.42 0 31.6
    endloop
  endfacet
  facet normal 0 -1 0
    outer loop
      vertex 4 0 48.6
      vertex 64.7118 0 31.3751
      vertex 65.5585 0 31.5435
    endloop
  endfacet
  facet normal 0 -1 0
    outer loop
      vertex 4 0 48.6
      vertex 63.8943 0 31.0976
      vertex 64.7118 0 31.3751
    endloop
  endfacet
  facet normal 0 -1 0
    outer loop
      vertex 39.472 0 26.535
      vertex 63.8943 0 31.0976
      vertex 4 0 48.6
    endloop
  endfacet
  facet normal 0 -1 0
    outer loop
      vertex 63.8943 0 31.0976
      vertex 39.472 0 26.535
      vertex 63.12 0 30.7158
    endloop
  endfacet
  facet normal 0 -1 0
    outer loop
      vertex 40.447 0 26.341
      vertex 63.12 0 30.7158
      vertex 39.472 0 26.535
    endloop
  endfacet
  facet normal 0 -1 0
    outer loop
      vertex 63.12 0 30.7158
      vertex 40.447 0 26.341
      vertex 62.4022 0 30.2361
    endloop
  endfacet
  facet normal 0 -1 0
    outer loop
      vertex 41.3884 0 26.0215
      vertex 62.4022 0 30.2361
      vertex 40.447 0 26.341
    endloop
  endfacet
  facet normal 0 -1 0
    outer loop
      vertex 62.4022 0 30.2361
      vertex 41.3884 0 26.0215
      vertex 61.7531 0 29.6669
    endloop
  endfacet
  facet normal 0 -1 0
    outer loop
      vertex 42.28 0 25.5818
      vertex 61.7531 0 29.6669
      vertex 41.3884 0 26.0215
    endloop
  endfacet
  facet normal 0 -1 0
    outer loop
      vertex 39.472 0 26.535
      vertex 4 0 48.6
      vertex 38.48 0 26.6
    endloop
  endfacet
  facet normal 0 -1 0
    outer loop
      vertex 4 0 48.6
      vertex 37.488 0 26.535
      vertex 38.48 0 26.6
    endloop
  endfacet
  facet normal 0 -1 0
    outer loop
      vertex 4 0 48.6
      vertex 36.513 0 26.341
      vertex 37.488 0 26.535
    endloop
  endfacet
  facet normal 0 -1 0
    outer loop
      vertex 4 0 48.6
      vertex 35.5716 0 26.0215
      vertex 36.513 0 26.341
    endloop
  endfacet
  facet normal 0 -1 0
    outer loop
      vertex 4 0 48.6
      vertex 34.68 0 25.5818
      vertex 35.5716 0 26.0215
    endloop
  endfacet
  facet normal 0 -1 0
    outer loop
      vertex 4 0 48.6
      vertex 33.8534 0 25.0295
      vertex 34.68 0 25.5818
    endloop
  endfacet
  facet normal 0 -1 0
    outer loop
      vertex 4 0 48.6
      vertex 33.106 0 24.374
      vertex 33.8534 0 25.0295
    endloop
  endfacet
  facet normal 0 -1 0
    outer loop
      vertex 4 0 48.6
      vertex 32.4505 0 23.6266
      vertex 33.106 0 24.374
    endloop
  endfacet
  facet normal 0 -1 0
    outer loop
      vertex 4 0 48.6
      vertex 31.8982 0 22.8
      vertex 32.4505 0 23.6266
    endloop
  endfacet
  facet normal 0 -1 0
    outer loop
      vertex 4 0 48.6
      vertex 31.4585 0 21.9084
      vertex 31.8982 0 22.8
    endloop
  endfacet
  facet normal 0 -1 0
    outer loop
      vertex 4 0 48.6
      vertex 31.139 0 20.967
      vertex 31.4585 0 21.9084
    endloop
  endfacet
  facet normal 0 -1 0
    outer loop
      vertex 4 0 48.6
      vertex 30.945 0 19.992
      vertex 31.139 0 20.967
    endloop
  endfacet
  facet normal 0 -1 0
    outer loop
      vertex 4 0 0
      vertex 30.945 0 19.992
      vertex 4 0 48.6
    endloop
  endfacet
  facet normal 0 -1 0
    outer loop
      vertex 30.945 0 19.992
      vertex 4 0 0
      vertex 30.88 0 19
    endloop
  endfacet
  facet normal 0 -1 -0
    outer loop
      vertex 30.88 0 19
      vertex 4 0 0
      vertex 30.945 0 18.008
    endloop
  endfacet
  facet normal 0 -1 -0
    outer loop
      vertex 30.945 0 18.008
      vertex 4 0 0
      vertex 31.139 0 17.033
    endloop
  endfacet
  facet normal 0 -1 -0
    outer loop
      vertex 31.139 0 17.033
      vertex 4 0 0
      vertex 31.4585 0 16.0916
    endloop
  endfacet
  facet normal 0 -1 -0
    outer loop
      vertex 31.4585 0 16.0916
      vertex 4 0 0
      vertex 31.8982 0 15.2
    endloop
  endfacet
  facet normal 0 -1 -0
    outer loop
      vertex 37.488 0 11.465
      vertex 4 0 0
      vertex 38.48 0 11.4
    endloop
  endfacet
  facet normal 0 -1 -0
    outer loop
      vertex 36.513 0 11.659
      vertex 4 0 0
      vertex 37.488 0 11.465
    endloop
  endfacet
  facet normal 0 -1 -0
    outer loop
      vertex 35.5716 0 11.9785
      vertex 4 0 0
      vertex 36.513 0 11.659
    endloop
  endfacet
  facet normal 0 -1 -0
    outer loop
      vertex 34.68 0 12.4182
      vertex 4 0 0
      vertex 35.5716 0 11.9785
    endloop
  endfacet
  facet normal 0 -1 -0
    outer loop
      vertex 33.8534 0 12.9705
      vertex 4 0 0
      vertex 34.68 0 12.4182
    endloop
  endfacet
  facet normal 0 -1 -0
    outer loop
      vertex 33.106 0 13.626
      vertex 4 0 0
      vertex 33.8534 0 12.9705
    endloop
  endfacet
  facet normal 0 -1 -0
    outer loop
      vertex 32.4505 0 14.3734
      vertex 4 0 0
      vertex 33.106 0 13.626
    endloop
  endfacet
  facet normal 0 -1 -0
    outer loop
      vertex 31.8982 0 15.2
      vertex 4 0 0
      vertex 32.4505 0 14.3734
    endloop
  endfacet
  facet normal 0 -1 0
    outer loop
      vertex 4 0 48.6
      vertex 67.2815 0 31.5435
      vertex 162 0 48.6
    endloop
  endfacet
  facet normal 0 -1 0
    outer loop
      vertex 68.1282 0 31.3751
      vertex 162 0 48.6
      vertex 67.2815 0 31.5435
    endloop
  endfacet
  facet normal 0 -1 0
    outer loop
      vertex 68.9457 0 31.0976
      vertex 162 0 48.6
      vertex 68.1282 0 31.3751
    endloop
  endfacet
  facet normal 0 -1 0
    outer loop
      vertex 69.72 0 30.7158
      vertex 162 0 48.6
      vertex 68.9457 0 31.0976
    endloop
  endfacet
  facet normal 0 -1 0
    outer loop
      vertex 70.4378 0 30.2361
      vertex 162 0 48.6
      vertex 69.72 0 30.7158
    endloop
  endfacet
  facet normal 0 -1 0
    outer loop
      vertex 71.0869 0 29.6669
      vertex 162 0 48.6
      vertex 70.4378 0 30.2361
    endloop
  endfacet
  facet normal 0 -1 0
    outer loop
      vertex 71.6561 0 29.0178
      vertex 162 0 48.6
      vertex 71.0869 0 29.6669
    endloop
  endfacet
  facet normal 0 -1 0
    outer loop
      vertex 72.1358 0 28.3
      vertex 162 0 48.6
      vertex 71.6561 0 29.0178
    endloop
  endfacet
  facet normal 0 -1 0
    outer loop
      vertex 72.5176 0 27.5257
      vertex 162 0 48.6
      vertex 72.1358 0 28.3
    endloop
  endfacet
  facet normal 0 -1 0
    outer loop
      vertex 72.7951 0 26.7082
      vertex 162 0 48.6
      vertex 72.5176 0 27.5257
    endloop
  endfacet
  facet normal 0 -1 0
    outer loop
      vertex 72.9635 0 25.8615
      vertex 162 0 48.6
      vertex 72.7951 0 26.7082
    endloop
  endfacet
  facet normal 0 -1 0
    outer loop
      vertex 73.02 0 25
      vertex 162 0 48.6
      vertex 72.9635 0 25.8615
    endloop
  endfacet
  facet normal 0 -1 0
    outer loop
      vertex 162 0 0
      vertex 73.02 0 25
      vertex 72.9635 0 24.1385
    endloop
  endfacet
  facet normal 0 -1 0
    outer loop
      vertex 162 0 0
      vertex 72.9635 0 24.1385
      vertex 72.7951 0 23.2918
    endloop
  endfacet
  facet normal 0 -1 0
    outer loop
      vertex 162 0 0
      vertex 72.7951 0 23.2918
      vertex 72.5176 0 22.4743
    endloop
  endfacet
  facet normal 0 -1 0
    outer loop
      vertex 162 0 0
      vertex 72.5176 0 22.4743
      vertex 72.1358 0 21.7
    endloop
  endfacet
  facet normal 0 -1 0
    outer loop
      vertex 162 0 0
      vertex 72.1358 0 21.7
      vertex 71.6561 0 20.9822
    endloop
  endfacet
  facet normal 0 -1 0
    outer loop
      vertex 162 0 0
      vertex 71.6561 0 20.9822
      vertex 71.0869 0 20.3331
    endloop
  endfacet
  facet normal 0 -1 0
    outer loop
      vertex 162 0 0
      vertex 71.0869 0 20.3331
      vertex 70.4378 0 19.7639
    endloop
  endfacet
  facet normal 0 -1 0
    outer loop
      vertex 162 0 0
      vertex 70.4378 0 19.7639
      vertex 69.72 0 19.2842
    endloop
  endfacet
  facet normal 0 -1 0
    outer loop
      vertex 162 0 0
      vertex 69.72 0 19.2842
      vertex 68.9457 0 18.9024
    endloop
  endfacet
  facet normal 0 -1 0
    outer loop
      vertex 162 0 0
      vertex 68.9457 0 18.9024
      vertex 68.1282 0 18.6249
    endloop
  endfacet
  facet normal 0 -1 -0
    outer loop
      vertex 63.12 0 19.2842
      vertex 44.5095 0 14.3734
      vertex 63.8943 0 18.9024
    endloop
  endfacet
  facet normal 0 -1 0
    outer loop
      vertex 43.854 0 13.626
      vertex 63.8943 0 18.9024
      vertex 44.5095 0 14.3734
    endloop
  endfacet
  facet normal 0 -1 -0
    outer loop
      vertex 63.8943 0 18.9024
      vertex 43.854 0 13.626
      vertex 64.7118 0 18.6249
    endloop
  endfacet
  facet normal 0 -1 0
    outer loop
      vertex 43.1066 0 12.9705
      vertex 64.7118 0 18.6249
      vertex 43.854 0 13.626
    endloop
  endfacet
  facet normal 0 -1 -0
    outer loop
      vertex 64.7118 0 18.6249
      vertex 43.1066 0 12.9705
      vertex 65.5585 0 18.4565
    endloop
  endfacet
  facet normal 0 -1 0
    outer loop
      vertex 42.28 0 12.4182
      vertex 65.5585 0 18.4565
      vertex 43.1066 0 12.9705
    endloop
  endfacet
  facet normal 0 -1 -0
    outer loop
      vertex 65.5585 0 18.4565
      vertex 42.28 0 12.4182
      vertex 66.42 0 18.4
    endloop
  endfacet
  facet normal 0 -1 0
    outer loop
      vertex 41.3884 0 11.9785
      vertex 66.42 0 18.4
      vertex 42.28 0 12.4182
    endloop
  endfacet
  facet normal 0 -1 -0
    outer loop
      vertex 66.42 0 18.4
      vertex 41.3884 0 11.9785
      vertex 67.2815 0 18.4565
    endloop
  endfacet
  facet normal 0 -1 0
    outer loop
      vertex 162 0 0
      vertex 67.2815 0 18.4565
      vertex 41.3884 0 11.9785
    endloop
  endfacet
  facet normal 0 -1 0
    outer loop
      vertex 162 0 0
      vertex 41.3884 0 11.9785
      vertex 40.447 0 11.659
    endloop
  endfacet
  facet normal 0 -1 0
    outer loop
      vertex 4 0 0
      vertex 39.472 0 11.465
      vertex 38.48 0 11.4
    endloop
  endfacet
  facet normal 0 -1 0
    outer loop
      vertex 4 0 0
      vertex 40.447 0 11.659
      vertex 39.472 0 11.465
    endloop
  endfacet
  facet normal 0 -1 0
    outer loop
      vertex 162 0 0
      vertex 40.447 0 11.659
      vertex 4 0 0
    endloop
  endfacet
  facet normal 0 -1 0
    outer loop
      vertex 73.02 0 25
      vertex 162 0 0
      vertex 162 0 48.6
    endloop
  endfacet
  facet normal 0 -1 0
    outer loop
      vertex 67.2815 0 18.4565
      vertex 162 0 0
      vertex 68.1282 0 18.6249
    endloop
  endfacet
  facet normal 0 -1 0
    outer loop
      vertex 61.7531 0 29.6669
      vertex 42.28 0 25.5818
      vertex 61.1839 0 29.0178
    endloop
  endfacet
  facet normal 0 -1 0
    outer loop
      vertex 43.1066 0 25.0295
      vertex 61.1839 0 29.0178
      vertex 42.28 0 25.5818
    endloop
  endfacet
  facet normal 0 -1 0
    outer loop
      vertex 61.1839 0 29.0178
      vertex 43.1066 0 25.0295
      vertex 60.7042 0 28.3
    endloop
  endfacet
  facet normal 0 -1 0
    outer loop
      vertex 43.854 0 24.374
      vertex 60.7042 0 28.3
      vertex 43.1066 0 25.0295
    endloop
  endfacet
  facet normal 0 -1 0
    outer loop
      vertex 60.7042 0 28.3
      vertex 43.854 0 24.374
      vertex 60.3224 0 27.5257
    endloop
  endfacet
  facet normal 0 -1 0
    outer loop
      vertex 60.3224 0 27.5257
      vertex 43.854 0 24.374
      vertex 60.0449 0 26.7082
    endloop
  endfacet
  facet normal 0 -1 0
    outer loop
      vertex 44.5095 0 23.6266
      vertex 60.0449 0 26.7082
      vertex 43.854 0 24.374
    endloop
  endfacet
  facet normal 0 -1 0
    outer loop
      vertex 60.0449 0 26.7082
      vertex 44.5095 0 23.6266
      vertex 59.8765 0 25.8615
    endloop
  endfacet
  facet normal 0 -1 0
    outer loop
      vertex 45.0618 0 22.8
      vertex 59.8765 0 25.8615
      vertex 44.5095 0 23.6266
    endloop
  endfacet
  facet normal 0 -1 0
    outer loop
      vertex 59.8765 0 25.8615
      vertex 45.0618 0 22.8
      vertex 59.82 0 25
    endloop
  endfacet
  facet normal 0 -1 0
    outer loop
      vertex 45.5015 0 21.9084
      vertex 59.82 0 25
      vertex 45.0618 0 22.8
    endloop
  endfacet
  facet normal 0 -1 -0
    outer loop
      vertex 59.82 0 25
      vertex 45.5015 0 21.9084
      vertex 59.8765 0 24.1385
    endloop
  endfacet
  facet normal 0 -1 0
    outer loop
      vertex 45.821 0 20.967
      vertex 59.8765 0 24.1385
      vertex 45.5015 0 21.9084
    endloop
  endfacet
  facet normal 0 -1 -0
    outer loop
      vertex 59.8765 0 24.1385
      vertex 45.821 0 20.967
      vertex 60.0449 0 23.2918
    endloop
  endfacet
  facet normal 0 -1 0
    outer loop
      vertex 46.015 0 19.992
      vertex 60.0449 0 23.2918
      vertex 45.821 0 20.967
    endloop
  endfacet
  facet normal 0 -1 -0
    outer loop
      vertex 60.0449 0 23.2918
      vertex 46.015 0 19.992
      vertex 60.3224 0 22.4743
    endloop
  endfacet
  facet normal 0 -1 0
    outer loop
      vertex 46.08 0 19
      vertex 60.3224 0 22.4743
      vertex 46.015 0 19.992
    endloop
  endfacet
  facet normal 0 -1 -0
    outer loop
      vertex 60.3224 0 22.4743
      vertex 46.08 0 19
      vertex 60.7042 0 21.7
    endloop
  endfacet
  facet normal 0 -1 0
    outer loop
      vertex 46.015 0 18.008
      vertex 60.7042 0 21.7
      vertex 46.08 0 19
    endloop
  endfacet
  facet normal 0 -1 -0
    outer loop
      vertex 60.7042 0 21.7
      vertex 46.015 0 18.008
      vertex 61.1839 0 20.9822
    endloop
  endfacet
  facet normal 0 -1 0
    outer loop
      vertex 45.821 0 17.033
      vertex 61.1839 0 20.9822
      vertex 46.015 0 18.008
    endloop
  endfacet
  facet normal 0 -1 -0
    outer loop
      vertex 61.1839 0 20.9822
      vertex 45.821 0 17.033
      vertex 61.7531 0 20.3331
    endloop
  endfacet
  facet normal 0 -1 0
    outer loop
      vertex 45.5015 0 16.0916
      vertex 61.7531 0 20.3331
      vertex 45.821 0 17.033
    endloop
  endfacet
  facet normal 0 -1 -0
    outer loop
      vertex 61.7531 0 20.3331
      vertex 45.5015 0 16.0916
      vertex 62.4022 0 19.7639
    endloop
  endfacet
  facet normal 0 -1 0
    outer loop
      vertex 45.0618 0 15.2
      vertex 62.4022 0 19.7639
      vertex 45.5015 0 16.0916
    endloop
  endfacet
  facet normal 0 -1 -0
    outer loop
      vertex 62.4022 0 19.7639
      vertex 45.0618 0 15.2
      vertex 63.12 0 19.2842
    endloop
  endfacet
  facet normal 0 -1 0
    outer loop
      vertex 44.5095 0 14.3734
      vertex 63.12 0 19.2842
      vertex 45.0618 0 15.2
    endloop
  endfacet
  facet normal 0.831167 0.556022 0
    outer loop
      vertex 165.464 114 48.6
      vertex 165.173 114.435 0
      vertex 165.173 114.435 48.6
    endloop
  endfacet
  facet normal 0.831167 0.556022 0
    outer loop
      vertex 165.173 114.435 0
      vertex 165.464 114 48.6
      vertex 165.464 114 0
    endloop
  endfacet
  facet normal -0.947037 0.321126 0
    outer loop
      vertex 0.136296 113.035 0
      vertex 0.304482 113.531 48.6
      vertex 0.304482 113.531 0
    endloop
  endfacet
  facet normal -0.947037 0.321126 0
    outer loop
      vertex 0.304482 113.531 48.6
      vertex 0.136296 113.035 0
      vertex 0.136296 113.035 48.6
    endloop
  endfacet
  facet normal 0.75151 0.659722 0
    outer loop
      vertex 165.173 114.435 48.6
      vertex 164.828 114.828 0
      vertex 164.828 114.828 48.6
    endloop
  endfacet
  facet normal 0.75151 0.659722 0
    outer loop
      vertex 164.828 114.828 0
      vertex 165.173 114.435 48.6
      vertex 165.173 114.435 0
    endloop
  endfacet
  facet normal 0.997886 0.0649964 0
    outer loop
      vertex 166 112 48.6
      vertex 165.966 112.522 0
      vertex 165.966 112.522 48.6
    endloop
  endfacet
  facet normal 0.997886 0.0649964 0
    outer loop
      vertex 165.966 112.522 0
      vertex 166 112 48.6
      vertex 166 112 0
    endloop
  endfacet
  facet normal -1 0 0
    outer loop
      vertex 0 50.535 19.992
      vertex 0 112 0
      vertex 0 50.6 19
    endloop
  endfacet
  facet normal -1 0 0
    outer loop
      vertex 0 112 0
      vertex 0 50.535 18.008
      vertex 0 50.6 19
    endloop
  endfacet
  facet normal -1 0 0
    outer loop
      vertex 0 112 0
      vertex 0 50.341 17.033
      vertex 0 50.535 18.008
    endloop
  endfacet
  facet normal -1 0 0
    outer loop
      vertex 0 112 0
      vertex 0 50.0215 16.0916
      vertex 0 50.341 17.033
    endloop
  endfacet
  facet normal -1 0 0
    outer loop
      vertex 0 112 0
      vertex 0 49.5818 15.2
      vertex 0 50.0215 16.0916
    endloop
  endfacet
  facet normal -1 0 0
    outer loop
      vertex 0 112 0
      vertex 0 49.0295 14.3734
      vertex 0 49.5818 15.2
    endloop
  endfacet
  facet normal -1 0 0
    outer loop
      vertex 0 112 0
      vertex 0 48.374 13.626
      vertex 0 49.0295 14.3734
    endloop
  endfacet
  facet normal -1 0 0
    outer loop
      vertex 0 112 0
      vertex 0 47.6266 12.9705
      vertex 0 48.374 13.626
    endloop
  endfacet
  facet normal -1 0 0
    outer loop
      vertex 0 112 0
      vertex 0 46.8 12.4182
      vertex 0 47.6266 12.9705
    endloop
  endfacet
  facet normal -1 0 0
    outer loop
      vertex 0 112 0
      vertex 0 45.9084 11.9785
      vertex 0 46.8 12.4182
    endloop
  endfacet
  facet normal -1 0 0
    outer loop
      vertex 0 112 0
      vertex 0 44.967 11.659
      vertex 0 45.9084 11.9785
    endloop
  endfacet
  facet normal -1 0 0
    outer loop
      vertex 0 112 0
      vertex 0 43.992 11.465
      vertex 0 44.967 11.659
    endloop
  endfacet
  facet normal -1 0 0
    outer loop
      vertex 0 4 0
      vertex 0 43.992 11.465
      vertex 0 112 0
    endloop
  endfacet
  facet normal -1 0 0
    outer loop
      vertex 0 43.992 11.465
      vertex 0 4 0
      vertex 0 43 11.4
    endloop
  endfacet
  facet normal -1 0 0
    outer loop
      vertex 0 36.9705 14.3734
      vertex 0 36.7442 14.3778
      vertex 0 36.9414 14.417
    endloop
  endfacet
  facet normal -1 0 0
    outer loop
      vertex 0 37.626 13.626
      vertex 0 36.7442 14.3778
      vertex 0 36.9705 14.3734
    endloop
  endfacet
  facet normal -1 0 0
    outer loop
      vertex 0 35.8958 14.3778
      vertex 0 37.626 13.626
      vertex 0 38.3734 12.9705
    endloop
  endfacet
  facet normal -1 0 0
    outer loop
      vertex 0 37.626 13.626
      vertex 0 36.32 14.35
      vertex 0 36.7442 14.3778
    endloop
  endfacet
  facet normal -1 0 0
    outer loop
      vertex 0 37.626 13.626
      vertex 0 35.8958 14.3778
      vertex 0 36.32 14.35
    endloop
  endfacet
  facet normal -1 0 0
    outer loop
      vertex 0 35.0763 14.5974
      vertex 0 38.3734 12.9705
      vertex 0 39.2 12.4182
    endloop
  endfacet
  facet normal -1 0 0
    outer loop
      vertex 0 38.3734 12.9705
      vertex 0 35.4788 14.4607
      vertex 0 35.8958 14.3778
    endloop
  endfacet
  facet normal -1 0 0
    outer loop
      vertex 0 38.3734 12.9705
      vertex 0 35.0763 14.5974
      vertex 0 35.4788 14.4607
    endloop
  endfacet
  facet normal -1 0 0
    outer loop
      vertex 0 4 0
      vertex 0 35.0763 14.5974
      vertex 0 39.2 12.4182
    endloop
  endfacet
  facet normal -1 -0 0
    outer loop
      vertex 0 33.0978 17.1758
      vertex 0 4 0
      vertex 0 33.07 17.6
    endloop
  endfacet
  facet normal -1 -0 0
    outer loop
      vertex 0 33.1807 16.7588
      vertex 0 4 0
      vertex 0 33.0978 17.1758
    endloop
  endfacet
  facet normal -1 -0 0
    outer loop
      vertex 0 33.3174 16.3563
      vertex 0 4 0
      vertex 0 33.1807 16.7588
    endloop
  endfacet
  facet normal -1 -0 0
    outer loop
      vertex 0 33.5054 15.975
      vertex 0 4 0
      vertex 0 33.3174 16.3563
    endloop
  endfacet
  facet normal -1 -0 0
    outer loop
      vertex 0 33.7416 15.6215
      vertex 0 4 0
      vertex 0 33.5054 15.975
    endloop
  endfacet
  facet normal -1 -0 0
    outer loop
      vertex 0 34.0219 15.3019
      vertex 0 4 0
      vertex 0 33.7416 15.6215
    endloop
  endfacet
  facet normal -1 -0 0
    outer loop
      vertex 0 34.3415 15.0216
      vertex 0 4 0
      vertex 0 34.0219 15.3019
    endloop
  endfacet
  facet normal -1 -0 0
    outer loop
      vertex 0 34.695 14.7854
      vertex 0 4 0
      vertex 0 34.3415 15.0216
    endloop
  endfacet
  facet normal -1 -0 0
    outer loop
      vertex 0 35.0763 14.5974
      vertex 0 4 0
      vertex 0 34.695 14.7854
    endloop
  endfacet
  facet normal -1 -0 0
    outer loop
      vertex 0 40.0916 11.9785
      vertex 0 4 0
      vertex 0 39.2 12.4182
    endloop
  endfacet
  facet normal -1 -0 0
    outer loop
      vertex 0 41.033 11.659
      vertex 0 4 0
      vertex 0 40.0916 11.9785
    endloop
  endfacet
  facet normal -1 -0 0
    outer loop
      vertex 0 42.008 11.465
      vertex 0 4 0
      vertex 0 41.033 11.659
    endloop
  endfacet
  facet normal -1 -0 0
    outer loop
      vertex 0 43 11.4
      vertex 0 4 0
      vertex 0 42.008 11.465
    endloop
  endfacet
  facet normal -1 0 0
    outer loop
      vertex 0 112 0
      vertex 0 50.535 19.992
      vertex 0 112 48.6
    endloop
  endfacet
  facet normal -1 0 0
    outer loop
      vertex 0 50.341 20.967
      vertex 0 112 48.6
      vertex 0 50.535 19.992
    endloop
  endfacet
  facet normal -1 0 0
    outer loop
      vertex 0 50.0215 21.9084
      vertex 0 112 48.6
      vertex 0 50.341 20.967
    endloop
  endfacet
  facet normal -1 0 0
    outer loop
      vertex 0 49.5818 22.8
      vertex 0 112 48.6
      vertex 0 50.0215 21.9084
    endloop
  endfacet
  facet normal -1 0 0
    outer loop
      vertex 0 49.0295 23.6266
      vertex 0 112 48.6
      vertex 0 49.5818 22.8
    endloop
  endfacet
  facet normal -1 0 0
    outer loop
      vertex 0 48.374 24.374
      vertex 0 112 48.6
      vertex 0 49.0295 23.6266
    endloop
  endfacet
  facet normal -1 0 0
    outer loop
      vertex 0 47.6266 25.0295
      vertex 0 112 48.6
      vertex 0 48.374 24.374
    endloop
  endfacet
  facet normal -1 0 0
    outer loop
      vertex 0 46.8 25.5818
      vertex 0 112 48.6
      vertex 0 47.6266 25.0295
    endloop
  endfacet
  facet normal -1 0 0
    outer loop
      vertex 0 45.9084 26.0215
      vertex 0 112 48.6
      vertex 0 46.8 25.5818
    endloop
  endfacet
  facet normal -1 0 0
    outer loop
      vertex 0 44.967 26.341
      vertex 0 112 48.6
      vertex 0 45.9084 26.0215
    endloop
  endfacet
  facet normal -1 0 0
    outer loop
      vertex 0 43.992 26.535
      vertex 0 112 48.6
      vertex 0 44.967 26.341
    endloop
  endfacet
  facet normal -1 0 0
    outer loop
      vertex 0 4 48.6
      vertex 0 43.992 26.535
      vertex 0 43 26.6
    endloop
  endfacet
  facet normal -1 0 0
    outer loop
      vertex 0 4 48.6
      vertex 0 43 26.6
      vertex 0 42.008 26.535
    endloop
  endfacet
  facet normal -1 0 0
    outer loop
      vertex 0 4 48.6
      vertex 0 42.008 26.535
      vertex 0 41.033 26.341
    endloop
  endfacet
  facet normal -1 0 0
    outer loop
      vertex 0 35.4788 20.7393
      vertex 0 35.659 20.967
      vertex 0 35.6192 20.7672
    endloop
  endfacet
  facet normal -1 0 0
    outer loop
      vertex 0 35.0763 20.6026
      vertex 0 35.659 20.967
      vertex 0 35.4788 20.7393
    endloop
  endfacet
  facet normal -1 -0 0
    outer loop
      vertex 0 35.659 20.967
      vertex 0 35.0763 20.6026
      vertex 0 35.9785 21.9084
    endloop
  endfacet
  facet normal -1 0 0
    outer loop
      vertex 0 34.695 20.4146
      vertex 0 35.9785 21.9084
      vertex 0 35.0763 20.6026
    endloop
  endfacet
  facet normal -1 0 0
    outer loop
      vertex 0 34.3415 20.1784
      vertex 0 35.9785 21.9084
      vertex 0 34.695 20.4146
    endloop
  endfacet
  facet normal -1 -0 0
    outer loop
      vertex 0 35.9785 21.9084
      vertex 0 34.3415 20.1784
      vertex 0 36.4182 22.8
    endloop
  endfacet
  facet normal -1 0 0
    outer loop
      vertex 0 34.0219 19.8981
      vertex 0 36.4182 22.8
      vertex 0 34.3415 20.1784
    endloop
  endfacet
  facet normal -1 0 0
    outer loop
      vertex 0 4 48.6
      vertex 0 36.4182 22.8
      vertex 0 34.0219 19.8981
    endloop
  endfacet
  facet normal -1 0 0
    outer loop
      vertex 0 4 48.6
      vertex 0 34.0219 19.8981
      vertex 0 33.7416 19.5785
    endloop
  endfacet
  facet normal -1 0 0
    outer loop
      vertex 0 4 0
      vertex 0 33.0978 18.0242
      vertex 0 33.07 17.6
    endloop
  endfacet
  facet normal -1 0 0
    outer loop
      vertex 0 4 0
      vertex 0 33.1807 18.4412
      vertex 0 33.0978 18.0242
    endloop
  endfacet
  facet normal -1 0 0
    outer loop
      vertex 0 4 48.6
      vertex 0 33.1807 18.4412
      vertex 0 4 0
    endloop
  endfacet
  facet normal -1 0 0
    outer loop
      vertex 0 33.1807 18.4412
      vertex 0 4 48.6
      vertex 0 33.3174 18.8437
    endloop
  endfacet
  facet normal -1 0 0
    outer loop
      vertex 0 33.3174 18.8437
      vertex 0 4 48.6
      vertex 0 33.5054 19.225
    endloop
  endfacet
  facet normal -1 0 0
    outer loop
      vertex 0 33.5054 19.225
      vertex 0 4 48.6
      vertex 0 33.7416 19.5785
    endloop
  endfacet
  facet normal -1 0 0
    outer loop
      vertex 0 36.4182 22.8
      vertex 0 4 48.6
      vertex 0 36.9705 23.6266
    endloop
  endfacet
  facet normal -1 0 0
    outer loop
      vertex 0 36.9705 23.6266
      vertex 0 4 48.6
      vertex 0 37.626 24.374
    endloop
  endfacet
  facet normal -1 0 0
    outer loop
      vertex 0 43.992 26.535
      vertex 0 4 48.6
      vertex 0 112 48.6
    endloop
  endfacet
  facet normal -1 0 0
    outer loop
      vertex 0 40.0916 26.0215
      vertex 0 4 48.6
      vertex 0 41.033 26.341
    endloop
  endfacet
  facet normal -1 0 0
    outer loop
      vertex 0 39.2 25.5818
      vertex 0 4 48.6
      vertex 0 40.0916 26.0215
    endloop
  endfacet
  facet normal -1 0 0
    outer loop
      vertex 0 38.3734 25.0295
      vertex 0 4 48.6
      vertex 0 39.2 25.5818
    endloop
  endfacet
  facet normal -1 0 0
    outer loop
      vertex 0 37.626 24.374
      vertex 0 4 48.6
      vertex 0 38.3734 25.0295
    endloop
  endfacet
  facet normal -0.555566 -0.831472 0
    outer loop
      vertex 1.56495 0.826586 0
      vertex 2 0.535898 48.6
      vertex 1.56495 0.826586 48.6
    endloop
  endfacet
  facet normal -0.555566 -0.831472 -0
    outer loop
      vertex 2 0.535898 48.6
      vertex 1.56495 0.826586 0
      vertex 2 0.535898 0
    endloop
  endfacet
  facet normal 0.980801 0.195013 0
    outer loop
      vertex 165.966 112.522 48.6
      vertex 165.864 113.035 0
      vertex 165.864 113.035 48.6
    endloop
  endfacet
  facet normal 0.980801 0.195013 0
    outer loop
      vertex 165.864 113.035 0
      vertex 165.966 112.522 48.6
      vertex 165.966 112.522 0
    endloop
  endfacet
  facet normal 0 1 -0
    outer loop
      vertex 162 116 0
      vertex 4 116 48.6
      vertex 162 116 48.6
    endloop
  endfacet
  facet normal 0 1 0
    outer loop
      vertex 4 116 48.6
      vertex 162 116 0
      vertex 4 116 0
    endloop
  endfacet
  facet normal -0.946928 -0.321445 0
    outer loop
      vertex 0.304482 2.46927 0
      vertex 0.136296 2.96472 48.6
      vertex 0.136296 2.96472 0
    endloop
  endfacet
  facet normal -0.946928 -0.321445 0
    outer loop
      vertex 0.136296 2.96472 48.6
      vertex 0.304482 2.46927 0
      vertex 0.304482 2.46927 48.6
    endloop
  endfacet
  facet normal 0.195013 0.980801 -0
    outer loop
      vertex 163.035 115.864 0
      vertex 162.522 115.966 48.6
      vertex 163.035 115.864 48.6
    endloop
  endfacet
  facet normal 0.195013 0.980801 0
    outer loop
      vertex 162.522 115.966 48.6
      vertex 163.035 115.864 0
      vertex 162.522 115.966 0
    endloop
  endfacet
  facet normal -0.831472 -0.555566 0
    outer loop
      vertex 0.826586 1.56495 0
      vertex 0.535898 2 48.6
      vertex 0.535898 2 0
    endloop
  endfacet
  facet normal -0.831472 -0.555566 0
    outer loop
      vertex 0.535898 2 48.6
      vertex 0.826586 1.56495 0
      vertex 0.826586 1.56495 48.6
    endloop
  endfacet
  facet normal -0.751525 0.659705 0
    outer loop
      vertex 0.826586 114.435 0
      vertex 1.17157 114.828 48.6
      vertex 1.17157 114.828 0
    endloop
  endfacet
  facet normal -0.751525 0.659705 0
    outer loop
      vertex 1.17157 114.828 48.6
      vertex 0.826586 114.435 0
      vertex 0.826586 114.435 48.6
    endloop
  endfacet
  facet normal 0.659722 0.75151 -0
    outer loop
      vertex 164.828 114.828 0
      vertex 164.435 115.173 48.6
      vertex 164.828 114.828 48.6
    endloop
  endfacet
  facet normal 0.659722 0.75151 0
    outer loop
      vertex 164.435 115.173 48.6
      vertex 164.828 114.828 0
      vertex 164.435 115.173 0
    endloop
  endfacet
  facet normal 0.0654146 -0.997858 0
    outer loop
      vertex 162 0 0
      vertex 162.522 0.0342197 48.6
      vertex 162 0 48.6
    endloop
  endfacet
  facet normal 0.0654146 -0.997858 0
    outer loop
      vertex 162.522 0.0342197 48.6
      vertex 162 0 0
      vertex 162.522 0.0342197 0
    endloop
  endfacet
  facet normal -0.831443 0.55561 0
    outer loop
      vertex 0.535898 114 0
      vertex 0.826586 114.435 48.6
      vertex 0.826586 114.435 0
    endloop
  endfacet
  facet normal -0.831443 0.55561 0
    outer loop
      vertex 0.826586 114.435 48.6
      vertex 0.535898 114 0
      vertex 0.535898 114 48.6
    endloop
  endfacet
  facet normal -0.321445 -0.946928 0
    outer loop
      vertex 2.46927 0.304482 0
      vertex 2.96472 0.136296 48.6
      vertex 2.46927 0.304482 48.6
    endloop
  endfacet
  facet normal -0.321445 -0.946928 -0
    outer loop
      vertex 2.96472 0.136296 48.6
      vertex 2.46927 0.304482 0
      vertex 2.96472 0.136296 0
    endloop
  endfacet
  facet normal 0.751826 -0.659362 0
    outer loop
      vertex 164.828 1.17157 48.6
      vertex 165.173 1.56495 0
      vertex 165.173 1.56495 48.6
    endloop
  endfacet
  facet normal 0.751826 -0.659362 0
    outer loop
      vertex 165.173 1.56495 0
      vertex 164.828 1.17157 48.6
      vertex 164.828 1.17157 0
    endloop
  endfacet
  facet normal -0.194951 0.980813 0
    outer loop
      vertex 3.47789 115.966 0
      vertex 2.96472 115.864 48.6
      vertex 3.47789 115.966 48.6
    endloop
  endfacet
  facet normal -0.194951 0.980813 0
    outer loop
      vertex 2.96472 115.864 48.6
      vertex 3.47789 115.966 0
      vertex 2.96472 115.864 0
    endloop
  endfacet
  facet normal 0.947036 -0.321126 0
    outer loop
      vertex 165.696 2.46927 48.6
      vertex 165.864 2.96472 0
      vertex 165.864 2.96472 48.6
    endloop
  endfacet
  facet normal 0.947036 -0.321126 0
    outer loop
      vertex 165.864 2.96472 0
      vertex 165.696 2.46927 48.6
      vertex 165.696 2.46927 0
    endloop
  endfacet
  facet normal 0.195153 -0.980773 0
    outer loop
      vertex 162.522 0.0342197 0
      vertex 163.035 0.136296 48.6
      vertex 162.522 0.0342197 48.6
    endloop
  endfacet
  facet normal 0.195153 -0.980773 0
    outer loop
      vertex 163.035 0.136296 48.6
      vertex 162.522 0.0342197 0
      vertex 163.035 0.136296 0
    endloop
  endfacet
  facet normal 0.321126 -0.947037 0
    outer loop
      vertex 163.035 0.136296 0
      vertex 163.531 0.304482 48.6
      vertex 163.035 0.136296 48.6
    endloop
  endfacet
  facet normal 0.321126 -0.947037 0
    outer loop
      vertex 163.531 0.304482 48.6
      vertex 163.035 0.136296 0
      vertex 163.531 0.304482 0
    endloop
  endfacet
  facet normal -0.659362 0.751826 0
    outer loop
      vertex 1.56495 115.173 0
      vertex 1.17157 114.828 48.6
      vertex 1.56495 115.173 48.6
    endloop
  endfacet
  facet normal -0.659362 0.751826 0
    outer loop
      vertex 1.17157 114.828 48.6
      vertex 1.56495 115.173 0
      vertex 1.17157 114.828 0
    endloop
  endfacet
  facet normal -0.896875 -0.442285 0
    outer loop
      vertex 0.535898 2 0
      vertex 0.304482 2.46927 48.6
      vertex 0.304482 2.46927 0
    endloop
  endfacet
  facet normal -0.896875 -0.442285 0
    outer loop
      vertex 0.304482 2.46927 48.6
      vertex 0.535898 2 0
      vertex 0.535898 2 48.6
    endloop
  endfacet
  facet normal -0.896774 0.44249 0
    outer loop
      vertex 0.304482 113.531 0
      vertex 0.535898 114 48.6
      vertex 0.535898 114 0
    endloop
  endfacet
  facet normal -0.896774 0.44249 0
    outer loop
      vertex 0.535898 114 48.6
      vertex 0.304482 113.531 0
      vertex 0.304482 113.531 48.6
    endloop
  endfacet
  facet normal 0.980813 -0.194951 0
    outer loop
      vertex 165.864 2.96472 48.6
      vertex 165.966 3.47789 0
      vertex 165.966 3.47789 48.6
    endloop
  endfacet
  facet normal 0.980813 -0.194951 0
    outer loop
      vertex 165.966 3.47789 0
      vertex 165.864 2.96472 48.6
      vertex 165.864 2.96472 0
    endloop
  endfacet
  facet normal -0.443182 0.896432 0
    outer loop
      vertex 2.46927 115.696 0
      vertex 2 115.464 48.6
      vertex 2.46927 115.696 48.6
    endloop
  endfacet
  facet normal -0.443182 0.896432 0
    outer loop
      vertex 2 115.464 48.6
      vertex 2.46927 115.696 0
      vertex 2 115.464 0
    endloop
  endfacet
  facet normal -0.997859 -0.0654009 0
    outer loop
      vertex 0.0342197 3.47789 0
      vertex 0 4 48.6
      vertex 0 4 0
    endloop
  endfacet
  facet normal -0.997859 -0.0654009 0
    outer loop
      vertex 0 4 48.6
      vertex 0.0342197 3.47789 0
      vertex 0.0342197 3.47789 48.6
    endloop
  endfacet
  facet normal -0.321126 0.947036 0
    outer loop
      vertex 2.96472 115.864 0
      vertex 2.46927 115.696 48.6
      vertex 2.96472 115.864 48.6
    endloop
  endfacet
  facet normal -0.321126 0.947036 0
    outer loop
      vertex 2.46927 115.696 48.6
      vertex 2.96472 115.864 0
      vertex 2.46927 115.696 0
    endloop
  endfacet
  facet normal 0.0649964 0.997886 -0
    outer loop
      vertex 162.522 115.966 0
      vertex 162 116 48.6
      vertex 162.522 115.966 48.6
    endloop
  endfacet
  facet normal 0.0649964 0.997886 0
    outer loop
      vertex 162 116 48.6
      vertex 162.522 115.966 0
      vertex 162 116 0
    endloop
  endfacet
  facet normal 0.997886 -0.0649827 0
    outer loop
      vertex 165.966 3.47789 48.6
      vertex 166 4 0
      vertex 166 4 48.6
    endloop
  endfacet
  facet normal 0.997886 -0.0649827 0
    outer loop
      vertex 166 4 0
      vertex 165.966 3.47789 48.6
      vertex 165.966 3.47789 0
    endloop
  endfacet
  facet normal -0.751841 -0.659345 0
    outer loop
      vertex 1.17157 1.17157 0
      vertex 0.826586 1.56495 48.6
      vertex 0.826586 1.56495 0
    endloop
  endfacet
  facet normal -0.751841 -0.659345 0
    outer loop
      vertex 0.826586 1.56495 48.6
      vertex 1.17157 1.17157 0
      vertex 1.17157 1.17157 48.6
    endloop
  endfacet
  facet normal -0.997858 0.0654146 0
    outer loop
      vertex 0 112 0
      vertex 0.0342197 112.522 48.6
      vertex 0.0342197 112.522 0
    endloop
  endfacet
  facet normal -0.997858 0.0654146 0
    outer loop
      vertex 0.0342197 112.522 48.6
      vertex 0 112 0
      vertex 0 112 48.6
    endloop
  endfacet
  facet normal 0 0 -1
    outer loop
      vertex 162 0 0
      vertex 166 4 0
      vertex 165.966 3.47789 0
    endloop
  endfacet
  facet normal -0 0 -1
    outer loop
      vertex 166 4 0
      vertex 162 0 0
      vertex 166 112 0
    endloop
  endfacet
  facet normal 0 0 -1
    outer loop
      vertex 162 0 0
      vertex 165.966 3.47789 0
      vertex 165.864 2.96472 0
    endloop
  endfacet
  facet normal 0 0 -1
    outer loop
      vertex 162 116 0
      vertex 166 112 0
      vertex 162 0 0
    endloop
  endfacet
  facet normal 0 0 -1
    outer loop
      vertex 162 0 0
      vertex 165.864 2.96472 0
      vertex 165.696 2.46927 0
    endloop
  endfacet
  facet normal 0 0 -1
    outer loop
      vertex 166 112 0
      vertex 162 116 0
      vertex 165.966 112.522 0
    endloop
  endfacet
  facet normal 0 0 -1
    outer loop
      vertex 162 0 0
      vertex 165.696 2.46927 0
      vertex 165.464 2 0
    endloop
  endfacet
  facet normal 0 0 -1
    outer loop
      vertex 165.966 112.522 0
      vertex 162 116 0
      vertex 165.864 113.035 0
    endloop
  endfacet
  facet normal 0 0 -1
    outer loop
      vertex 162 0 0
      vertex 165.464 2 0
      vertex 165.173 1.56495 0
    endloop
  endfacet
  facet normal 0 0 -1
    outer loop
      vertex 165.864 113.035 0
      vertex 162 116 0
      vertex 165.696 113.531 0
    endloop
  endfacet
  facet normal 0 0 -1
    outer loop
      vertex 162 0 0
      vertex 165.173 1.56495 0
      vertex 164.828 1.17157 0
    endloop
  endfacet
  facet normal 0 0 -1
    outer loop
      vertex 165.696 113.531 0
      vertex 162 116 0
      vertex 165.464 114 0
    endloop
  endfacet
  facet normal 0 0 -1
    outer loop
      vertex 162 0 0
      vertex 164.828 1.17157 0
      vertex 164.435 0.826586 0
    endloop
  endfacet
  facet normal 0 0 -1
    outer loop
      vertex 165.464 114 0
      vertex 162 116 0
      vertex 165.173 114.435 0
    endloop
  endfacet
  facet normal 0 0 -1
    outer loop
      vertex 162 0 0
      vertex 164.435 0.826586 0
      vertex 164 0.535898 0
    endloop
  endfacet
  facet normal 0 0 -1
    outer loop
      vertex 165.173 114.435 0
      vertex 162 116 0
      vertex 164.828 114.828 0
    endloop
  endfacet
  facet normal 0 0 -1
    outer loop
      vertex 162 0 0
      vertex 164 0.535898 0
      vertex 163.531 0.304482 0
    endloop
  endfacet
  facet normal 0 0 -1
    outer loop
      vertex 164.828 114.828 0
      vertex 162 116 0
      vertex 164.435 115.173 0
    endloop
  endfacet
  facet normal 0 0 -1
    outer loop
      vertex 162 0 0
      vertex 163.531 0.304482 0
      vertex 163.035 0.136296 0
    endloop
  endfacet
  facet normal 0 0 -1
    outer loop
      vertex 164.435 115.173 0
      vertex 162 116 0
      vertex 164 115.464 0
    endloop
  endfacet
  facet normal 0 0 -1
    outer loop
      vertex 162 0 0
      vertex 163.035 0.136296 0
      vertex 162.522 0.0342197 0
    endloop
  endfacet
  facet normal 0 0 -1
    outer loop
      vertex 164 115.464 0
      vertex 162 116 0
      vertex 163.531 115.696 0
    endloop
  endfacet
  facet normal 0 0 -1
    outer loop
      vertex 163.531 115.696 0
      vertex 162 116 0
      vertex 163.035 115.864 0
    endloop
  endfacet
  facet normal 0 0 -1
    outer loop
      vertex 163.035 115.864 0
      vertex 162 116 0
      vertex 162.522 115.966 0
    endloop
  endfacet
  facet normal 0 0 -1
    outer loop
      vertex 4 0 0
      vertex 162 116 0
      vertex 162 0 0
    endloop
  endfacet
  facet normal 0 0 -1
    outer loop
      vertex 4 0 0
      vertex 4 116 0
      vertex 162 116 0
    endloop
  endfacet
  facet normal 0 0 -1
    outer loop
      vertex 0 4 0
      vertex 4 0 0
      vertex 3.47789 0.0342197 0
    endloop
  endfacet
  facet normal 0 0 -1
    outer loop
      vertex 4 0 0
      vertex 0 4 0
      vertex 4 116 0
    endloop
  endfacet
  facet normal 0 0 -1
    outer loop
      vertex 0 4 0
      vertex 3.47789 0.0342197 0
      vertex 2.96472 0.136296 0
    endloop
  endfacet
  facet normal 0 0 -1
    outer loop
      vertex 0 112 0
      vertex 4 116 0
      vertex 0 4 0
    endloop
  endfacet
  facet normal 0 0 -1
    outer loop
      vertex 0 4 0
      vertex 2.96472 0.136296 0
      vertex 2.46927 0.304482 0
    endloop
  endfacet
  facet normal 0 0 -1
    outer loop
      vertex 4 116 0
      vertex 0 112 0
      vertex 3.47789 115.966 0
    endloop
  endfacet
  facet normal 0 0 -1
    outer loop
      vertex 0 4 0
      vertex 2.46927 0.304482 0
      vertex 2 0.535898 0
    endloop
  endfacet
  facet normal 0 0 -1
    outer loop
      vertex 3.47789 115.966 0
      vertex 0 112 0
      vertex 2.96472 115.864 0
    endloop
  endfacet
  facet normal 0 0 -1
    outer loop
      vertex 0 4 0
      vertex 2 0.535898 0
      vertex 1.56495 0.826586 0
    endloop
  endfacet
  facet normal 0 0 -1
    outer loop
      vertex 2.96472 115.864 0
      vertex 0 112 0
      vertex 2.46927 115.696 0
    endloop
  endfacet
  facet normal 0 0 -1
    outer loop
      vertex 0 4 0
      vertex 1.56495 0.826586 0
      vertex 1.17157 1.17157 0
    endloop
  endfacet
  facet normal 0 0 -1
    outer loop
      vertex 2.46927 115.696 0
      vertex 0 112 0
      vertex 2 115.464 0
    endloop
  endfacet
  facet normal 0 0 -1
    outer loop
      vertex 0 4 0
      vertex 1.17157 1.17157 0
      vertex 0.826586 1.56495 0
    endloop
  endfacet
  facet normal 0 0 -1
    outer loop
      vertex 2 115.464 0
      vertex 0 112 0
      vertex 1.56495 115.173 0
    endloop
  endfacet
  facet normal 0 0 -1
    outer loop
      vertex 0 4 0
      vertex 0.826586 1.56495 0
      vertex 0.535898 2 0
    endloop
  endfacet
  facet normal 0 0 -1
    outer loop
      vertex 1.56495 115.173 0
      vertex 0 112 0
      vertex 1.17157 114.828 0
    endloop
  endfacet
  facet normal 0 0 -1
    outer loop
      vertex 0 4 0
      vertex 0.535898 2 0
      vertex 0.304482 2.46927 0
    endloop
  endfacet
  facet normal 0 0 -1
    outer loop
      vertex 1.17157 114.828 0
      vertex 0 112 0
      vertex 0.826586 114.435 0
    endloop
  endfacet
  facet normal 0 0 -1
    outer loop
      vertex 0 4 0
      vertex 0.304482 2.46927 0
      vertex 0.136296 2.96472 0
    endloop
  endfacet
  facet normal 0 0 -1
    outer loop
      vertex 0.826586 114.435 0
      vertex 0 112 0
      vertex 0.535898 114 0
    endloop
  endfacet
  facet normal 0 0 -1
    outer loop
      vertex 0 4 0
      vertex 0.136296 2.96472 0
      vertex 0.0342197 3.47789 0
    endloop
  endfacet
  facet normal 0 0 -1
    outer loop
      vertex 0.535898 114 0
      vertex 0 112 0
      vertex 0.304482 113.531 0
    endloop
  endfacet
  facet normal 0 0 -1
    outer loop
      vertex 0.304482 113.531 0
      vertex 0 112 0
      vertex 0.136296 113.035 0
    endloop
  endfacet
  facet normal 0 0 -1
    outer loop
      vertex 0.136296 113.035 0
      vertex 0 112 0
      vertex 0.0342197 112.522 0
    endloop
  endfacet
  facet normal -0.659345 -0.751841 0
    outer loop
      vertex 1.17157 1.17157 0
      vertex 1.56495 0.826586 48.6
      vertex 1.17157 1.17157 48.6
    endloop
  endfacet
  facet normal -0.659345 -0.751841 -0
    outer loop
      vertex 1.56495 0.826586 48.6
      vertex 1.17157 1.17157 0
      vertex 1.56495 0.826586 0
    endloop
  endfacet
  facet normal 0.55561 -0.831443 0
    outer loop
      vertex 164 0.535898 0
      vertex 164.435 0.826586 48.6
      vertex 164 0.535898 48.6
    endloop
  endfacet
  facet normal 0.55561 -0.831443 0
    outer loop
      vertex 164.435 0.826586 48.6
      vertex 164 0.535898 0
      vertex 164.435 0.826586 0
    endloop
  endfacet
  facet normal 0.44249 -0.896774 0
    outer loop
      vertex 163.531 0.304482 0
      vertex 164 0.535898 48.6
      vertex 163.531 0.304482 48.6
    endloop
  endfacet
  facet normal 0.44249 -0.896774 0
    outer loop
      vertex 164 0.535898 48.6
      vertex 163.531 0.304482 0
      vertex 164 0.535898 0
    endloop
  endfacet
  facet normal -0.980785 -0.195091 0
    outer loop
      vertex 0.136296 2.96472 0
      vertex 0.0342197 3.47789 48.6
      vertex 0.0342197 3.47789 0
    endloop
  endfacet
  facet normal -0.980785 -0.195091 0
    outer loop
      vertex 0.0342197 3.47789 48.6
      vertex 0.136296 2.96472 0
      vertex 0.136296 2.96472 48.6
    endloop
  endfacet
  facet normal -0.442285 -0.896875 0
    outer loop
      vertex 2 0.535898 0
      vertex 2.46927 0.304482 48.6
      vertex 2 0.535898 48.6
    endloop
  endfacet
  facet normal -0.442285 -0.896875 -0
    outer loop
      vertex 2.46927 0.304482 48.6
      vertex 2 0.535898 0
      vertex 2.46927 0.304482 0
    endloop
  endfacet
  facet normal -0.0654009 -0.997859 0
    outer loop
      vertex 3.47789 0.0342197 0
      vertex 4 0 48.6
      vertex 3.47789 0.0342197 48.6
    endloop
  endfacet
  facet normal -0.0654009 -0.997859 -0
    outer loop
      vertex 4 0 48.6
      vertex 3.47789 0.0342197 0
      vertex 4 0 0
    endloop
  endfacet
  facet normal 0.659705 -0.751525 0
    outer loop
      vertex 164.435 0.826586 0
      vertex 164.828 1.17157 48.6
      vertex 164.435 0.826586 48.6
    endloop
  endfacet
  facet normal 0.659705 -0.751525 0
    outer loop
      vertex 164.828 1.17157 48.6
      vertex 164.435 0.826586 0
      vertex 164.828 1.17157 0
    endloop
  endfacet
  facet normal 0.831197 -0.555978 0
    outer loop
      vertex 165.173 1.56495 48.6
      vertex 165.464 2 0
      vertex 165.464 2 48.6
    endloop
  endfacet
  facet normal 0.831197 -0.555978 0
    outer loop
      vertex 165.464 2 0
      vertex 165.173 1.56495 48.6
      vertex 165.173 1.56495 0
    endloop
  endfacet
  facet normal 0.896432 -0.443182 0
    outer loop
      vertex 165.464 2 48.6
      vertex 165.696 2.46927 0
      vertex 165.696 2.46927 48.6
    endloop
  endfacet
  facet normal 0.896432 -0.443182 0
    outer loop
      vertex 165.696 2.46927 0
      vertex 165.464 2 48.6
      vertex 165.464 2 0
    endloop
  endfacet
  facet normal -0.980773 0.195153 0
    outer loop
      vertex 0.0342197 112.522 0
      vertex 0.136296 113.035 48.6
      vertex 0.136296 113.035 0
    endloop
  endfacet
  facet normal -0.980773 0.195153 0
    outer loop
      vertex 0.136296 113.035 48.6
      vertex 0.0342197 112.522 0
      vertex 0.0342197 112.522 48.6
    endloop
  endfacet
  facet normal 0 0 1
    outer loop
      vertex 162.598 111.5 48.6
      vertex 166 112 48.6
      vertex 165.966 112.522 48.6
    endloop
  endfacet
  facet normal 0 0 1
    outer loop
      vertex 166 112 48.6
      vertex 163 110 48.6
      vertex 166 4 48.6
    endloop
  endfacet
  facet normal 0 0 1
    outer loop
      vertex 162.598 111.5 48.6
      vertex 165.966 112.522 48.6
      vertex 165.864 113.035 48.6
    endloop
  endfacet
  facet normal -0 0 1
    outer loop
      vertex 163 6 48.6
      vertex 166 4 48.6
      vertex 163 110 48.6
    endloop
  endfacet
  facet normal 0 0 1
    outer loop
      vertex 162.598 111.5 48.6
      vertex 165.864 113.035 48.6
      vertex 165.696 113.531 48.6
    endloop
  endfacet
  facet normal -0 0 1
    outer loop
      vertex 162.974 5.60842 48.6
      vertex 166 4 48.6
      vertex 163 6 48.6
    endloop
  endfacet
  facet normal 0 0 1
    outer loop
      vertex 162.38 111.826 48.6
      vertex 165.696 113.531 48.6
      vertex 165.464 114 48.6
    endloop
  endfacet
  facet normal -0 0 1
    outer loop
      vertex 162.898 5.22354 48.6
      vertex 166 4 48.6
      vertex 162.974 5.60842 48.6
    endloop
  endfacet
  facet normal 0 0 1
    outer loop
      vertex 162.38 111.826 48.6
      vertex 165.464 114 48.6
      vertex 165.173 114.435 48.6
    endloop
  endfacet
  facet normal -0 0 1
    outer loop
      vertex 162.772 4.85195 48.6
      vertex 166 4 48.6
      vertex 162.898 5.22354 48.6
    endloop
  endfacet
  facet normal 0 0 1
    outer loop
      vertex 162.121 112.121 48.6
      vertex 165.173 114.435 48.6
      vertex 164.828 114.828 48.6
    endloop
  endfacet
  facet normal -0 0 1
    outer loop
      vertex 162.598 4.5 48.6
      vertex 166 4 48.6
      vertex 162.772 4.85195 48.6
    endloop
  endfacet
  facet normal 0 0 1
    outer loop
      vertex 162.121 112.121 48.6
      vertex 164.828 114.828 48.6
      vertex 164.435 115.173 48.6
    endloop
  endfacet
  facet normal 0 0 1
    outer loop
      vertex 166 4 48.6
      vertex 162.598 4.5 48.6
      vertex 165.966 3.47789 48.6
    endloop
  endfacet
  facet normal 0 0 1
    outer loop
      vertex 161.826 112.38 48.6
      vertex 164.435 115.173 48.6
      vertex 164 115.464 48.6
    endloop
  endfacet
  facet normal 0 0 1
    outer loop
      vertex 165.966 3.47789 48.6
      vertex 162.598 4.5 48.6
      vertex 165.864 2.96472 48.6
    endloop
  endfacet
  facet normal 0 0 1
    outer loop
      vertex 161.826 112.38 48.6
      vertex 164 115.464 48.6
      vertex 163.531 115.696 48.6
    endloop
  endfacet
  facet normal 0 0 1
    outer loop
      vertex 165.864 2.96472 48.6
      vertex 162.598 4.5 48.6
      vertex 165.696 2.46927 48.6
    endloop
  endfacet
  facet normal 0 0 1
    outer loop
      vertex 161.826 112.38 48.6
      vertex 163.531 115.696 48.6
      vertex 163.035 115.864 48.6
    endloop
  endfacet
  facet normal -0 0 1
    outer loop
      vertex 162.38 4.17372 48.6
      vertex 165.696 2.46927 48.6
      vertex 162.598 4.5 48.6
    endloop
  endfacet
  facet normal 0 0 1
    outer loop
      vertex 165.696 2.46927 48.6
      vertex 162.38 4.17372 48.6
      vertex 165.464 2 48.6
    endloop
  endfacet
  facet normal 0 0 1
    outer loop
      vertex 166 112 48.6
      vertex 162.974 110.392 48.6
      vertex 163 110 48.6
    endloop
  endfacet
  facet normal 0 0 1
    outer loop
      vertex 166 112 48.6
      vertex 162.898 110.776 48.6
      vertex 162.974 110.392 48.6
    endloop
  endfacet
  facet normal 0 0 1
    outer loop
      vertex 166 112 48.6
      vertex 162.772 111.148 48.6
      vertex 162.898 110.776 48.6
    endloop
  endfacet
  facet normal 0 0 1
    outer loop
      vertex 166 112 48.6
      vertex 162.598 111.5 48.6
      vertex 162.772 111.148 48.6
    endloop
  endfacet
  facet normal 0 0 1
    outer loop
      vertex 161.5 112.598 48.6
      vertex 163.035 115.864 48.6
      vertex 162.522 115.966 48.6
    endloop
  endfacet
  facet normal 0 0 1
    outer loop
      vertex 165.696 113.531 48.6
      vertex 162.38 111.826 48.6
      vertex 162.598 111.5 48.6
    endloop
  endfacet
  facet normal 0 0 1
    outer loop
      vertex 165.173 114.435 48.6
      vertex 162.121 112.121 48.6
      vertex 162.38 111.826 48.6
    endloop
  endfacet
  facet normal 0 0 1
    outer loop
      vertex 161.5 112.598 48.6
      vertex 162.522 115.966 48.6
      vertex 162 116 48.6
    endloop
  endfacet
  facet normal 0 0 1
    outer loop
      vertex 164.435 115.173 48.6
      vertex 161.826 112.38 48.6
      vertex 162.121 112.121 48.6
    endloop
  endfacet
  facet normal 0 0 1
    outer loop
      vertex 163.035 115.864 48.6
      vertex 161.5 112.598 48.6
      vertex 161.826 112.38 48.6
    endloop
  endfacet
  facet normal 0 0 1
    outer loop
      vertex 162 116 48.6
      vertex 161.148 112.772 48.6
      vertex 161.5 112.598 48.6
    endloop
  endfacet
  facet normal 0 0 1
    outer loop
      vertex 162 116 48.6
      vertex 160.776 112.898 48.6
      vertex 161.148 112.772 48.6
    endloop
  endfacet
  facet normal 0 0 1
    outer loop
      vertex 162 116 48.6
      vertex 160.392 112.974 48.6
      vertex 160.776 112.898 48.6
    endloop
  endfacet
  facet normal 0 0 1
    outer loop
      vertex 162 116 48.6
      vertex 160 113 48.6
      vertex 160.392 112.974 48.6
    endloop
  endfacet
  facet normal 0 0 1
    outer loop
      vertex 162 116 48.6
      vertex 6 113 48.6
      vertex 160 113 48.6
    endloop
  endfacet
  facet normal -0 0 1
    outer loop
      vertex 4 116 48.6
      vertex 6 113 48.6
      vertex 162 116 48.6
    endloop
  endfacet
  facet normal 0 0 1
    outer loop
      vertex 4 116 48.6
      vertex 5.60842 112.974 48.6
      vertex 6 113 48.6
    endloop
  endfacet
  facet normal 0 0 1
    outer loop
      vertex 4 116 48.6
      vertex 5.22354 112.898 48.6
      vertex 5.60842 112.974 48.6
    endloop
  endfacet
  facet normal 0 0 1
    outer loop
      vertex 4 116 48.6
      vertex 4.85195 112.772 48.6
      vertex 5.22354 112.898 48.6
    endloop
  endfacet
  facet normal 0 0 1
    outer loop
      vertex 4 116 48.6
      vertex 4.5 112.598 48.6
      vertex 4.85195 112.772 48.6
    endloop
  endfacet
  facet normal -0 0 1
    outer loop
      vertex 3.47789 115.966 48.6
      vertex 4.5 112.598 48.6
      vertex 4 116 48.6
    endloop
  endfacet
  facet normal -0 0 1
    outer loop
      vertex 2.96472 115.864 48.6
      vertex 4.5 112.598 48.6
      vertex 3.47789 115.966 48.6
    endloop
  endfacet
  facet normal 0 0 1
    outer loop
      vertex 4.5 112.598 48.6
      vertex 2.96472 115.864 48.6
      vertex 4.17372 112.38 48.6
    endloop
  endfacet
  facet normal -0 0 1
    outer loop
      vertex 2.46927 115.696 48.6
      vertex 4.17372 112.38 48.6
      vertex 2.96472 115.864 48.6
    endloop
  endfacet
  facet normal -0 0 1
    outer loop
      vertex 2 115.464 48.6
      vertex 4.17372 112.38 48.6
      vertex 2.46927 115.696 48.6
    endloop
  endfacet
  facet normal -0 0 1
    outer loop
      vertex 1.56495 115.173 48.6
      vertex 4.17372 112.38 48.6
      vertex 2 115.464 48.6
    endloop
  endfacet
  facet normal 0 0 1
    outer loop
      vertex 4.17372 112.38 48.6
      vertex 1.56495 115.173 48.6
      vertex 3.87868 112.121 48.6
    endloop
  endfacet
  facet normal -0 0 1
    outer loop
      vertex 1.17157 114.828 48.6
      vertex 3.87868 112.121 48.6
      vertex 1.56495 115.173 48.6
    endloop
  endfacet
  facet normal -0 0 1
    outer loop
      vertex 0.535898 114 48.6
      vertex 3.61994 111.826 48.6
      vertex 0.826586 114.435 48.6
    endloop
  endfacet
  facet normal 0 0 1
    outer loop
      vertex 3.87868 112.121 48.6
      vertex 0.826586 114.435 48.6
      vertex 3.61994 111.826 48.6
    endloop
  endfacet
  facet normal -0 0 1
    outer loop
      vertex 0.826586 114.435 48.6
      vertex 3.87868 112.121 48.6
      vertex 1.17157 114.828 48.6
    endloop
  endfacet
  facet normal 0 0 1
    outer loop
      vertex 165.464 2 48.6
      vertex 162.38 4.17372 48.6
      vertex 165.173 1.56495 48.6
    endloop
  endfacet
  facet normal -0 0 1
    outer loop
      vertex 162.121 3.87868 48.6
      vertex 165.173 1.56495 48.6
      vertex 162.38 4.17372 48.6
    endloop
  endfacet
  facet normal 0 0 1
    outer loop
      vertex 165.173 1.56495 48.6
      vertex 162.121 3.87868 48.6
      vertex 164.828 1.17157 48.6
    endloop
  endfacet
  facet normal 0 0 1
    outer loop
      vertex 164.828 1.17157 48.6
      vertex 162.121 3.87868 48.6
      vertex 164.435 0.826586 48.6
    endloop
  endfacet
  facet normal -0 0 1
    outer loop
      vertex 161.826 3.61994 48.6
      vertex 164.435 0.826586 48.6
      vertex 162.121 3.87868 48.6
    endloop
  endfacet
  facet normal 0 0 1
    outer loop
      vertex 164.435 0.826586 48.6
      vertex 161.826 3.61994 48.6
      vertex 164 0.535898 48.6
    endloop
  endfacet
  facet normal 0 0 1
    outer loop
      vertex 164 0.535898 48.6
      vertex 161.826 3.61994 48.6
      vertex 163.531 0.304482 48.6
    endloop
  endfacet
  facet normal 0 0 1
    outer loop
      vertex 163.531 0.304482 48.6
      vertex 161.826 3.61994 48.6
      vertex 163.035 0.136296 48.6
    endloop
  endfacet
  facet normal -0 0 1
    outer loop
      vertex 161.5 3.40192 48.6
      vertex 163.035 0.136296 48.6
      vertex 161.826 3.61994 48.6
    endloop
  endfacet
  facet normal 0 0 1
    outer loop
      vertex 163.035 0.136296 48.6
      vertex 161.5 3.40192 48.6
      vertex 162.522 0.0342197 48.6
    endloop
  endfacet
  facet normal 0 0 1
    outer loop
      vertex 162.522 0.0342197 48.6
      vertex 161.5 3.40192 48.6
      vertex 162 0 48.6
    endloop
  endfacet
  facet normal -0 0 1
    outer loop
      vertex 161.148 3.22836 48.6
      vertex 162 0 48.6
      vertex 161.5 3.40192 48.6
    endloop
  endfacet
  facet normal -0 0 1
    outer loop
      vertex 160.776 3.10222 48.6
      vertex 162 0 48.6
      vertex 161.148 3.22836 48.6
    endloop
  endfacet
  facet normal -0 0 1
    outer loop
      vertex 160.392 3.02567 48.6
      vertex 162 0 48.6
      vertex 160.776 3.10222 48.6
    endloop
  endfacet
  facet normal -0 0 1
    outer loop
      vertex 160 3 48.6
      vertex 162 0 48.6
      vertex 160.392 3.02567 48.6
    endloop
  endfacet
  facet normal -0 0 1
    outer loop
      vertex 6 3 48.6
      vertex 162 0 48.6
      vertex 160 3 48.6
    endloop
  endfacet
  facet normal 0 0 1
    outer loop
      vertex 6 3 48.6
      vertex 4 0 48.6
      vertex 162 0 48.6
    endloop
  endfacet
  facet normal 0 0 1
    outer loop
      vertex 5.60842 3.02567 48.6
      vertex 4 0 48.6
      vertex 6 3 48.6
    endloop
  endfacet
  facet normal 0 0 1
    outer loop
      vertex 5.22354 3.10222 48.6
      vertex 4 0 48.6
      vertex 5.60842 3.02567 48.6
    endloop
  endfacet
  facet normal 0 0 1
    outer loop
      vertex 4.85195 3.22836 48.6
      vertex 4 0 48.6
      vertex 5.22354 3.10222 48.6
    endloop
  endfacet
  facet normal 0 0 1
    outer loop
      vertex 4.5 3.40192 48.6
      vertex 4 0 48.6
      vertex 4.85195 3.22836 48.6
    endloop
  endfacet
  facet normal 0 0 1
    outer loop
      vertex 2.96472 0.136296 48.6
      vertex 4.5 3.40192 48.6
      vertex 4.17372 3.61994 48.6
    endloop
  endfacet
  facet normal 0 0 1
    outer loop
      vertex 1.56495 0.826586 48.6
      vertex 4.17372 3.61994 48.6
      vertex 3.87868 3.87868 48.6
    endloop
  endfacet
  facet normal 0 0 1
    outer loop
      vertex 0.826586 1.56495 48.6
      vertex 3.87868 3.87868 48.6
      vertex 3.61994 4.17372 48.6
    endloop
  endfacet
  facet normal 0 0 1
    outer loop
      vertex 4.5 3.40192 48.6
      vertex 3.47789 0.0342197 48.6
      vertex 4 0 48.6
    endloop
  endfacet
  facet normal 0 0 1
    outer loop
      vertex 0.304482 2.46927 48.6
      vertex 3.61994 4.17372 48.6
      vertex 3.40192 4.5 48.6
    endloop
  endfacet
  facet normal 0 0 1
    outer loop
      vertex 0 4 48.6
      vertex 3.40192 4.5 48.6
      vertex 3.22836 4.85195 48.6
    endloop
  endfacet
  facet normal 0 0 1
    outer loop
      vertex 0 4 48.6
      vertex 3.22836 4.85195 48.6
      vertex 3.10222 5.22354 48.6
    endloop
  endfacet
  facet normal 0 0 1
    outer loop
      vertex 0 4 48.6
      vertex 3.10222 5.22354 48.6
      vertex 3.02567 5.60842 48.6
    endloop
  endfacet
  facet normal 0 0 1
    outer loop
      vertex 4.5 3.40192 48.6
      vertex 2.96472 0.136296 48.6
      vertex 3.47789 0.0342197 48.6
    endloop
  endfacet
  facet normal 0 0 1
    outer loop
      vertex 0 4 48.6
      vertex 3.02567 5.60842 48.6
      vertex 3 6 48.6
    endloop
  endfacet
  facet normal 0 0 1
    outer loop
      vertex 3 110 48.6
      vertex 0 112 48.6
      vertex 3 6 48.6
    endloop
  endfacet
  facet normal -0 0 1
    outer loop
      vertex 0.304482 113.531 48.6
      vertex 3.61994 111.826 48.6
      vertex 0.535898 114 48.6
    endloop
  endfacet
  facet normal 0 0 1
    outer loop
      vertex 0 4 48.6
      vertex 3 6 48.6
      vertex 0 112 48.6
    endloop
  endfacet
  facet normal 0 0 1
    outer loop
      vertex 3.61994 111.826 48.6
      vertex 0.304482 113.531 48.6
      vertex 3.40192 111.5 48.6
    endloop
  endfacet
  facet normal 0 0 1
    outer loop
      vertex 3.40192 4.5 48.6
      vertex 0 4 48.6
      vertex 0.0342197 3.47789 48.6
    endloop
  endfacet
  facet normal -0 0 1
    outer loop
      vertex 0.136296 113.035 48.6
      vertex 3.40192 111.5 48.6
      vertex 0.304482 113.531 48.6
    endloop
  endfacet
  facet normal 0 0 1
    outer loop
      vertex 4.17372 3.61994 48.6
      vertex 2.46927 0.304482 48.6
      vertex 2.96472 0.136296 48.6
    endloop
  endfacet
  facet normal -0 0 1
    outer loop
      vertex 0.0342197 112.522 48.6
      vertex 3.40192 111.5 48.6
      vertex 0.136296 113.035 48.6
    endloop
  endfacet
  facet normal 0 0 1
    outer loop
      vertex 4.17372 3.61994 48.6
      vertex 2 0.535898 48.6
      vertex 2.46927 0.304482 48.6
    endloop
  endfacet
  facet normal -0 0 1
    outer loop
      vertex 0 112 48.6
      vertex 3.40192 111.5 48.6
      vertex 0.0342197 112.522 48.6
    endloop
  endfacet
  facet normal 0 0 1
    outer loop
      vertex 4.17372 3.61994 48.6
      vertex 1.56495 0.826586 48.6
      vertex 2 0.535898 48.6
    endloop
  endfacet
  facet normal 0 0 1
    outer loop
      vertex 3.40192 111.5 48.6
      vertex 0 112 48.6
      vertex 3.22836 111.148 48.6
    endloop
  endfacet
  facet normal 0 0 1
    outer loop
      vertex 3.87868 3.87868 48.6
      vertex 1.17157 1.17157 48.6
      vertex 1.56495 0.826586 48.6
    endloop
  endfacet
  facet normal 0 0 1
    outer loop
      vertex 3.22836 111.148 48.6
      vertex 0 112 48.6
      vertex 3.10222 110.776 48.6
    endloop
  endfacet
  facet normal 0 0 1
    outer loop
      vertex 3.87868 3.87868 48.6
      vertex 0.826586 1.56495 48.6
      vertex 1.17157 1.17157 48.6
    endloop
  endfacet
  facet normal 0 0 1
    outer loop
      vertex 3.10222 110.776 48.6
      vertex 0 112 48.6
      vertex 3.02567 110.392 48.6
    endloop
  endfacet
  facet normal 0 0 1
    outer loop
      vertex 3.61994 4.17372 48.6
      vertex 0.535898 2 48.6
      vertex 0.826586 1.56495 48.6
    endloop
  endfacet
  facet normal 0 0 1
    outer loop
      vertex 3.02567 110.392 48.6
      vertex 0 112 48.6
      vertex 3 110 48.6
    endloop
  endfacet
  facet normal 0 0 1
    outer loop
      vertex 3.61994 4.17372 48.6
      vertex 0.304482 2.46927 48.6
      vertex 0.535898 2 48.6
    endloop
  endfacet
  facet normal 0 0 1
    outer loop
      vertex 3.40192 4.5 48.6
      vertex 0.136296 2.96472 48.6
      vertex 0.304482 2.46927 48.6
    endloop
  endfacet
  facet normal 0 0 1
    outer loop
      vertex 3.40192 4.5 48.6
      vertex 0.0342197 3.47789 48.6
      vertex 0.136296 2.96472 48.6
    endloop
  endfacet
  facet normal -0.443134 -0.896455 0
    outer loop
      vertex 161.148 112.772 3
      vertex 161.5 112.598 48.6
      vertex 161.148 112.772 48.6
    endloop
  endfacet
  facet normal -0.443134 -0.896455 -0
    outer loop
      vertex 161.5 112.598 48.6
      vertex 161.148 112.772 3
      vertex 161.5 112.598 3
    endloop
  endfacet
  facet normal 0.659341 0.751844 -0
    outer loop
      vertex 4.17372 3.61994 3
      vertex 3.87868 3.87868 48.6
      vertex 4.17372 3.61994 48.6
    endloop
  endfacet
  facet normal 0.659341 0.751844 0
    outer loop
      vertex 3.87868 3.87868 48.6
      vertex 4.17372 3.61994 3
      vertex 3.87868 3.87868 3
    endloop
  endfacet
  facet normal 0.659716 -0.751515 0
    outer loop
      vertex 3.87868 112.121 3
      vertex 4.17372 112.38 48.6
      vertex 3.87868 112.121 48.6
    endloop
  endfacet
  facet normal 0.659716 -0.751515 0
    outer loop
      vertex 4.17372 112.38 48.6
      vertex 3.87868 112.121 3
      vertex 4.17372 112.38 3
    endloop
  endfacet
  facet normal 0.0654145 0.997858 -0
    outer loop
      vertex 6 3 3
      vertex 5.60842 3.02567 48.6
      vertex 6 3 48.6
    endloop
  endfacet
  facet normal 0.0654145 0.997858 0
    outer loop
      vertex 5.60842 3.02567 48.6
      vertex 6 3 3
      vertex 5.60842 3.02567 3
    endloop
  endfacet
  facet normal -0.659766 -0.751471 0
    outer loop
      vertex 161.826 112.38 3
      vertex 162.121 112.121 48.6
      vertex 161.826 112.38 48.6
    endloop
  endfacet
  facet normal -0.659766 -0.751471 -0
    outer loop
      vertex 162.121 112.121 48.6
      vertex 161.826 112.38 3
      vertex 162.121 112.121 3
    endloop
  endfacet
  facet normal -0.195502 0.980703 0
    outer loop
      vertex 160.776 3.10222 3
      vertex 160.392 3.02567 48.6
      vertex 160.776 3.10222 48.6
    endloop
  endfacet
  facet normal -0.195502 0.980703 0
    outer loop
      vertex 160.392 3.02567 48.6
      vertex 160.776 3.10222 3
      vertex 160.392 3.02567 3
    endloop
  endfacet
  facet normal 1 -0 0
    outer loop
      vertex 3 50.535 19.992
      vertex 3 110 3
      vertex 3 110 48.6
    endloop
  endfacet
  facet normal 1 0 0
    outer loop
      vertex 3 110 3
      vertex 3 50.535 19.992
      vertex 3 50.6 19
    endloop
  endfacet
  facet normal 1 0 0
    outer loop
      vertex 3 110 48.6
      vertex 3 50.341 20.967
      vertex 3 50.535 19.992
    endloop
  endfacet
  facet normal 1 0 0
    outer loop
      vertex 3 110 48.6
      vertex 3 50.0215 21.9084
      vertex 3 50.341 20.967
    endloop
  endfacet
  facet normal 1 0 0
    outer loop
      vertex 3 110 48.6
      vertex 3 49.5818 22.8
      vertex 3 50.0215 21.9084
    endloop
  endfacet
  facet normal 1 0 0
    outer loop
      vertex 3 110 48.6
      vertex 3 49.0295 23.6266
      vertex 3 49.5818 22.8
    endloop
  endfacet
  facet normal 1 0 0
    outer loop
      vertex 3 110 48.6
      vertex 3 48.374 24.374
      vertex 3 49.0295 23.6266
    endloop
  endfacet
  facet normal 1 0 0
    outer loop
      vertex 3 110 48.6
      vertex 3 47.6266 25.0295
      vertex 3 48.374 24.374
    endloop
  endfacet
  facet normal 1 0 0
    outer loop
      vertex 3 110 48.6
      vertex 3 46.8 25.5818
      vertex 3 47.6266 25.0295
    endloop
  endfacet
  facet normal 1 0 0
    outer loop
      vertex 3 110 48.6
      vertex 3 45.9084 26.0215
      vertex 3 46.8 25.5818
    endloop
  endfacet
  facet normal 1 0 0
    outer loop
      vertex 3 110 48.6
      vertex 3 44.967 26.341
      vertex 3 45.9084 26.0215
    endloop
  endfacet
  facet normal 1 0 0
    outer loop
      vertex 3 110 48.6
      vertex 3 43.992 26.535
      vertex 3 44.967 26.341
    endloop
  endfacet
  facet normal 1 -0 0
    outer loop
      vertex 3 6 48.6
      vertex 3 43.992 26.535
      vertex 3 110 48.6
    endloop
  endfacet
  facet normal 1 0 0
    outer loop
      vertex 3 43.992 26.535
      vertex 3 6 48.6
      vertex 3 43 26.6
    endloop
  endfacet
  facet normal 1 0 0
    outer loop
      vertex 3 43 26.6
      vertex 3 6 48.6
      vertex 3 42.008 26.535
    endloop
  endfacet
  facet normal 1 0 0
    outer loop
      vertex 3 35.659 20.967
      vertex 3 35.4788 20.7393
      vertex 3 35.6192 20.7672
    endloop
  endfacet
  facet normal 1 0 0
    outer loop
      vertex 3 35.0763 20.6026
      vertex 3 35.659 20.967
      vertex 3 35.9785 21.9084
    endloop
  endfacet
  facet normal 1 0 0
    outer loop
      vertex 3 35.659 20.967
      vertex 3 35.0763 20.6026
      vertex 3 35.4788 20.7393
    endloop
  endfacet
  facet normal 1 0 0
    outer loop
      vertex 3 34.3415 20.1784
      vertex 3 35.9785 21.9084
      vertex 3 36.4182 22.8
    endloop
  endfacet
  facet normal 1 0 0
    outer loop
      vertex 3 35.9785 21.9084
      vertex 3 34.695 20.4146
      vertex 3 35.0763 20.6026
    endloop
  endfacet
  facet normal 1 0 0
    outer loop
      vertex 3 6 48.6
      vertex 3 36.4182 22.8
      vertex 3 36.9705 23.6266
    endloop
  endfacet
  facet normal 1 0 0
    outer loop
      vertex 3 35.9785 21.9084
      vertex 3 34.3415 20.1784
      vertex 3 34.695 20.4146
    endloop
  endfacet
  facet normal 1 0 0
    outer loop
      vertex 3 36.4182 22.8
      vertex 3 34.0219 19.8981
      vertex 3 34.3415 20.1784
    endloop
  endfacet
  facet normal 1 0 0
    outer loop
      vertex 3 36.4182 22.8
      vertex 3 6 48.6
      vertex 3 34.0219 19.8981
    endloop
  endfacet
  facet normal 1 0 0
    outer loop
      vertex 3 33.1807 18.4412
      vertex 3 6 3
      vertex 3 33.0978 18.0242
    endloop
  endfacet
  facet normal 1 0 0
    outer loop
      vertex 3 6 3
      vertex 3 33.1807 18.4412
      vertex 3 6 48.6
    endloop
  endfacet
  facet normal 1 0 0
    outer loop
      vertex 3 33.3174 18.8437
      vertex 3 6 48.6
      vertex 3 33.1807 18.4412
    endloop
  endfacet
  facet normal 1 0 0
    outer loop
      vertex 3 33.5054 19.225
      vertex 3 6 48.6
      vertex 3 33.3174 18.8437
    endloop
  endfacet
  facet normal 1 0 0
    outer loop
      vertex 3 33.7416 19.5785
      vertex 3 6 48.6
      vertex 3 33.5054 19.225
    endloop
  endfacet
  facet normal 1 0 0
    outer loop
      vertex 3 34.0219 19.8981
      vertex 3 6 48.6
      vertex 3 33.7416 19.5785
    endloop
  endfacet
  facet normal 1 0 0
    outer loop
      vertex 3 37.626 24.374
      vertex 3 6 48.6
      vertex 3 36.9705 23.6266
    endloop
  endfacet
  facet normal 1 0 0
    outer loop
      vertex 3 38.3734 25.0295
      vertex 3 6 48.6
      vertex 3 37.626 24.374
    endloop
  endfacet
  facet normal 1 0 0
    outer loop
      vertex 3 39.2 25.5818
      vertex 3 6 48.6
      vertex 3 38.3734 25.0295
    endloop
  endfacet
  facet normal 1 0 0
    outer loop
      vertex 3 40.0916 26.0215
      vertex 3 6 48.6
      vertex 3 39.2 25.5818
    endloop
  endfacet
  facet normal 1 0 0
    outer loop
      vertex 3 41.033 26.341
      vertex 3 6 48.6
      vertex 3 40.0916 26.0215
    endloop
  endfacet
  facet normal 1 0 0
    outer loop
      vertex 3 42.008 26.535
      vertex 3 6 48.6
      vertex 3 41.033 26.341
    endloop
  endfacet
  facet normal 1 -0 0
    outer loop
      vertex 3 50.535 18.008
      vertex 3 110 3
      vertex 3 50.6 19
    endloop
  endfacet
  facet normal 1 -0 0
    outer loop
      vertex 3 50.341 17.033
      vertex 3 110 3
      vertex 3 50.535 18.008
    endloop
  endfacet
  facet normal 1 -0 0
    outer loop
      vertex 3 50.0215 16.0916
      vertex 3 110 3
      vertex 3 50.341 17.033
    endloop
  endfacet
  facet normal 1 -0 0
    outer loop
      vertex 3 49.5818 15.2
      vertex 3 110 3
      vertex 3 50.0215 16.0916
    endloop
  endfacet
  facet normal 1 -0 0
    outer loop
      vertex 3 49.0295 14.3734
      vertex 3 110 3
      vertex 3 49.5818 15.2
    endloop
  endfacet
  facet normal 1 -0 0
    outer loop
      vertex 3 48.374 13.626
      vertex 3 110 3
      vertex 3 49.0295 14.3734
    endloop
  endfacet
  facet normal 1 -0 0
    outer loop
      vertex 3 47.6266 12.9705
      vertex 3 110 3
      vertex 3 48.374 13.626
    endloop
  endfacet
  facet normal 1 -0 0
    outer loop
      vertex 3 46.8 12.4182
      vertex 3 110 3
      vertex 3 47.6266 12.9705
    endloop
  endfacet
  facet normal 1 -0 0
    outer loop
      vertex 3 45.9084 11.9785
      vertex 3 110 3
      vertex 3 46.8 12.4182
    endloop
  endfacet
  facet normal 1 -0 0
    outer loop
      vertex 3 44.967 11.659
      vertex 3 110 3
      vertex 3 45.9084 11.9785
    endloop
  endfacet
  facet normal 1 -0 0
    outer loop
      vertex 3 43.992 11.465
      vertex 3 110 3
      vertex 3 44.967 11.659
    endloop
  endfacet
  facet normal 1 0 0
    outer loop
      vertex 3 6 3
      vertex 3 43.992 11.465
      vertex 3 43 11.4
    endloop
  endfacet
  facet normal 1 0 0
    outer loop
      vertex 3 6 3
      vertex 3 43 11.4
      vertex 3 42.008 11.465
    endloop
  endfacet
  facet normal 1 -0 0
    outer loop
      vertex 3 36.7442 14.3778
      vertex 3 36.9705 14.3734
      vertex 3 36.9414 14.417
    endloop
  endfacet
  facet normal 1 0 0
    outer loop
      vertex 3 36.7442 14.3778
      vertex 3 37.626 13.626
      vertex 3 36.9705 14.3734
    endloop
  endfacet
  facet normal 1 -0 0
    outer loop
      vertex 3 36.32 14.35
      vertex 3 37.626 13.626
      vertex 3 36.7442 14.3778
    endloop
  endfacet
  facet normal 1 0 0
    outer loop
      vertex 3 35.8958 14.3778
      vertex 3 37.626 13.626
      vertex 3 36.32 14.35
    endloop
  endfacet
  facet normal 1 0 0
    outer loop
      vertex 3 37.626 13.626
      vertex 3 35.8958 14.3778
      vertex 3 38.3734 12.9705
    endloop
  endfacet
  facet normal 1 0 0
    outer loop
      vertex 3 35.4788 14.4607
      vertex 3 38.3734 12.9705
      vertex 3 35.8958 14.3778
    endloop
  endfacet
  facet normal 1 0 0
    outer loop
      vertex 3 35.0763 14.5974
      vertex 3 38.3734 12.9705
      vertex 3 35.4788 14.4607
    endloop
  endfacet
  facet normal 1 0 0
    outer loop
      vertex 3 38.3734 12.9705
      vertex 3 35.0763 14.5974
      vertex 3 39.2 12.4182
    endloop
  endfacet
  facet normal 1 0 0
    outer loop
      vertex 3 6 3
      vertex 3 35.0763 14.5974
      vertex 3 34.695 14.7854
    endloop
  endfacet
  facet normal 1 0 0
    outer loop
      vertex 3 33.0978 18.0242
      vertex 3 6 3
      vertex 3 33.07 17.6
    endloop
  endfacet
  facet normal 1 0 0
    outer loop
      vertex 3 33.07 17.6
      vertex 3 6 3
      vertex 3 33.0978 17.1758
    endloop
  endfacet
  facet normal 1 0 0
    outer loop
      vertex 3 33.0978 17.1758
      vertex 3 6 3
      vertex 3 33.1807 16.7588
    endloop
  endfacet
  facet normal 1 0 0
    outer loop
      vertex 3 33.1807 16.7588
      vertex 3 6 3
      vertex 3 33.3174 16.3563
    endloop
  endfacet
  facet normal 1 0 0
    outer loop
      vertex 3 33.3174 16.3563
      vertex 3 6 3
      vertex 3 33.5054 15.975
    endloop
  endfacet
  facet normal 1 0 0
    outer loop
      vertex 3 43.992 11.465
      vertex 3 6 3
      vertex 3 110 3
    endloop
  endfacet
  facet normal 1 0 0
    outer loop
      vertex 3 41.033 11.659
      vertex 3 6 3
      vertex 3 42.008 11.465
    endloop
  endfacet
  facet normal 1 0 0
    outer loop
      vertex 3 40.0916 11.9785
      vertex 3 6 3
      vertex 3 41.033 11.659
    endloop
  endfacet
  facet normal 1 0 0
    outer loop
      vertex 3 39.2 12.4182
      vertex 3 6 3
      vertex 3 40.0916 11.9785
    endloop
  endfacet
  facet normal 1 0 0
    outer loop
      vertex 3 35.0763 14.5974
      vertex 3 6 3
      vertex 3 39.2 12.4182
    endloop
  endfacet
  facet normal 1 0 0
    outer loop
      vertex 3 34.3415 15.0216
      vertex 3 6 3
      vertex 3 34.695 14.7854
    endloop
  endfacet
  facet normal 1 0 0
    outer loop
      vertex 3 34.0219 15.3019
      vertex 3 6 3
      vertex 3 34.3415 15.0216
    endloop
  endfacet
  facet normal 1 0 0
    outer loop
      vertex 3 33.7416 15.6215
      vertex 3 6 3
      vertex 3 34.0219 15.3019
    endloop
  endfacet
  facet normal 1 0 0
    outer loop
      vertex 3 33.5054 15.975
      vertex 3 6 3
      vertex 3 33.7416 15.6215
    endloop
  endfacet
  facet normal -0.0661811 -0.997808 0
    outer loop
      vertex 160 113 3
      vertex 160.392 112.974 48.6
      vertex 160 113 48.6
    endloop
  endfacet
  facet normal -0.0661811 -0.997808 -0
    outer loop
      vertex 160.392 112.974 48.6
      vertex 160 113 3
      vertex 160.392 112.974 3
    endloop
  endfacet
  facet normal -0.980972 -0.194151 0
    outer loop
      vertex 162.974 110.392 3
      vertex 162.898 110.776 48.6
      vertex 162.898 110.776 3
    endloop
  endfacet
  facet normal -0.980972 -0.194151 0
    outer loop
      vertex 162.898 110.776 48.6
      vertex 162.974 110.392 3
      vertex 162.974 110.392 48.6
    endloop
  endfacet
  facet normal 0 -1 0
    outer loop
      vertex 6 113 3
      vertex 160 113 48.6
      vertex 6 113 48.6
    endloop
  endfacet
  facet normal 0 -1 -0
    outer loop
      vertex 160 113 48.6
      vertex 6 113 3
      vertex 160 113 3
    endloop
  endfacet
  facet normal 0 1 0
    outer loop
      vertex 6 3 48.6
      vertex 39.472 3 26.535
      vertex 38.48 3 26.6
    endloop
  endfacet
  facet normal 0 1 0
    outer loop
      vertex 60.3224 3 27.5257
      vertex 40.447 3 26.341
      vertex 39.472 3 26.535
    endloop
  endfacet
  facet normal 0 1 0
    outer loop
      vertex 60.3224 3 27.5257
      vertex 41.3884 3 26.0215
      vertex 40.447 3 26.341
    endloop
  endfacet
  facet normal 0 1 0
    outer loop
      vertex 44.5095 3 23.6266
      vertex 60.0449 3 26.7082
      vertex 59.8765 3 25.8615
    endloop
  endfacet
  facet normal 0 1 0
    outer loop
      vertex 60.3224 3 27.5257
      vertex 42.28 3 25.5818
      vertex 41.3884 3 26.0215
    endloop
  endfacet
  facet normal 0 1 0
    outer loop
      vertex 60.3224 3 27.5257
      vertex 43.1066 3 25.0295
      vertex 42.28 3 25.5818
    endloop
  endfacet
  facet normal 0 1 0
    outer loop
      vertex 45.0618 3 22.8
      vertex 59.8765 3 25.8615
      vertex 59.82 3 25
    endloop
  endfacet
  facet normal 0 1 0
    outer loop
      vertex 60.3224 3 27.5257
      vertex 43.854 3 24.374
      vertex 43.1066 3 25.0295
    endloop
  endfacet
  facet normal 0 1 0
    outer loop
      vertex 45.5015 3 21.9084
      vertex 59.82 3 25
      vertex 59.8765 3 24.1385
    endloop
  endfacet
  facet normal 0 1 0
    outer loop
      vertex 60.0449 3 26.7082
      vertex 44.5095 3 23.6266
      vertex 43.854 3 24.374
    endloop
  endfacet
  facet normal 0 1 0
    outer loop
      vertex 45.821 3 20.967
      vertex 59.8765 3 24.1385
      vertex 60.0449 3 23.2918
    endloop
  endfacet
  facet normal 0 1 0
    outer loop
      vertex 59.8765 3 25.8615
      vertex 45.0618 3 22.8
      vertex 44.5095 3 23.6266
    endloop
  endfacet
  facet normal 0 1 0
    outer loop
      vertex 46.015 3 19.992
      vertex 60.0449 3 23.2918
      vertex 60.3224 3 22.4743
    endloop
  endfacet
  facet normal 0 1 0
    outer loop
      vertex 59.82 3 25
      vertex 45.5015 3 21.9084
      vertex 45.0618 3 22.8
    endloop
  endfacet
  facet normal 0 1 0
    outer loop
      vertex 46.08 3 19
      vertex 60.3224 3 22.4743
      vertex 60.7042 3 21.7
    endloop
  endfacet
  facet normal 0 1 0
    outer loop
      vertex 46.015 3 18.008
      vertex 60.7042 3 21.7
      vertex 61.1839 3 20.9822
    endloop
  endfacet
  facet normal 0 1 0
    outer loop
      vertex 59.8765 3 24.1385
      vertex 45.821 3 20.967
      vertex 45.5015 3 21.9084
    endloop
  endfacet
  facet normal 0 1 0
    outer loop
      vertex 45.821 3 17.033
      vertex 61.1839 3 20.9822
      vertex 61.7531 3 20.3331
    endloop
  endfacet
  facet normal 0 1 0
    outer loop
      vertex 60.0449 3 23.2918
      vertex 46.015 3 19.992
      vertex 45.821 3 20.967
    endloop
  endfacet
  facet normal 0 1 0
    outer loop
      vertex 45.5015 3 16.0916
      vertex 61.7531 3 20.3331
      vertex 62.4022 3 19.7639
    endloop
  endfacet
  facet normal 0 1 0
    outer loop
      vertex 45.0618 3 15.2
      vertex 62.4022 3 19.7639
      vertex 63.12 3 19.2842
    endloop
  endfacet
  facet normal 0 1 0
    outer loop
      vertex 60.3224 3 22.4743
      vertex 46.08 3 19
      vertex 46.015 3 19.992
    endloop
  endfacet
  facet normal 0 1 0
    outer loop
      vertex 44.5095 3 14.3734
      vertex 63.12 3 19.2842
      vertex 63.8943 3 18.9024
    endloop
  endfacet
  facet normal 0 1 0
    outer loop
      vertex 43.854 3 13.626
      vertex 63.8943 3 18.9024
      vertex 64.7118 3 18.6249
    endloop
  endfacet
  facet normal 0 1 0
    outer loop
      vertex 43.1066 3 12.9705
      vertex 64.7118 3 18.6249
      vertex 65.5585 3 18.4565
    endloop
  endfacet
  facet normal 0 1 0
    outer loop
      vertex 42.28 3 12.4182
      vertex 65.5585 3 18.4565
      vertex 66.42 3 18.4
    endloop
  endfacet
  facet normal 0 1 0
    outer loop
      vertex 60.7042 3 21.7
      vertex 46.015 3 18.008
      vertex 46.08 3 19
    endloop
  endfacet
  facet normal 0 1 -0
    outer loop
      vertex 67.2815 3 31.5435
      vertex 6 3 48.6
      vertex 160 3 48.6
    endloop
  endfacet
  facet normal 0 1 0
    outer loop
      vertex 6 3 48.6
      vertex 67.2815 3 31.5435
      vertex 66.42 3 31.6
    endloop
  endfacet
  facet normal 0 1 0
    outer loop
      vertex 160 3 48.6
      vertex 68.1282 3 31.3751
      vertex 67.2815 3 31.5435
    endloop
  endfacet
  facet normal 0 1 0
    outer loop
      vertex 160 3 48.6
      vertex 68.9457 3 31.0976
      vertex 68.1282 3 31.3751
    endloop
  endfacet
  facet normal 0 1 0
    outer loop
      vertex 160 3 48.6
      vertex 69.72 3 30.7158
      vertex 68.9457 3 31.0976
    endloop
  endfacet
  facet normal 0 1 0
    outer loop
      vertex 160 3 48.6
      vertex 70.4378 3 30.2361
      vertex 69.72 3 30.7158
    endloop
  endfacet
  facet normal 0 1 0
    outer loop
      vertex 160 3 48.6
      vertex 71.0869 3 29.6669
      vertex 70.4378 3 30.2361
    endloop
  endfacet
  facet normal 0 1 0
    outer loop
      vertex 160 3 48.6
      vertex 71.6561 3 29.0178
      vertex 71.0869 3 29.6669
    endloop
  endfacet
  facet normal 0 1 0
    outer loop
      vertex 160 3 48.6
      vertex 72.1358 3 28.3
      vertex 71.6561 3 29.0178
    endloop
  endfacet
  facet normal 0 1 0
    outer loop
      vertex 160 3 48.6
      vertex 72.5176 3 27.5257
      vertex 72.1358 3 28.3
    endloop
  endfacet
  facet normal 0 1 0
    outer loop
      vertex 160 3 48.6
      vertex 72.7951 3 26.7082
      vertex 72.5176 3 27.5257
    endloop
  endfacet
  facet normal 0 1 0
    outer loop
      vertex 160 3 48.6
      vertex 72.9635 3 25.8615
      vertex 72.7951 3 26.7082
    endloop
  endfacet
  facet normal 0 1 0
    outer loop
      vertex 160 3 48.6
      vertex 73.02 3 25
      vertex 72.9635 3 25.8615
    endloop
  endfacet
  facet normal 0 1 -0
    outer loop
      vertex 160 3 3
      vertex 73.02 3 25
      vertex 160 3 48.6
    endloop
  endfacet
  facet normal 0 1 0
    outer loop
      vertex 73.02 3 25
      vertex 160 3 3
      vertex 72.9635 3 24.1385
    endloop
  endfacet
  facet normal 0 1 0
    outer loop
      vertex 72.9635 3 24.1385
      vertex 160 3 3
      vertex 72.7951 3 23.2918
    endloop
  endfacet
  facet normal 0 1 0
    outer loop
      vertex 72.7951 3 23.2918
      vertex 160 3 3
      vertex 72.5176 3 22.4743
    endloop
  endfacet
  facet normal 0 1 0
    outer loop
      vertex 72.5176 3 22.4743
      vertex 160 3 3
      vertex 72.1358 3 21.7
    endloop
  endfacet
  facet normal 0 1 0
    outer loop
      vertex 72.1358 3 21.7
      vertex 160 3 3
      vertex 71.6561 3 20.9822
    endloop
  endfacet
  facet normal 0 1 0
    outer loop
      vertex 71.6561 3 20.9822
      vertex 160 3 3
      vertex 71.0869 3 20.3331
    endloop
  endfacet
  facet normal 0 1 0
    outer loop
      vertex 71.0869 3 20.3331
      vertex 160 3 3
      vertex 70.4378 3 19.7639
    endloop
  endfacet
  facet normal 0 1 0
    outer loop
      vertex 70.4378 3 19.7639
      vertex 160 3 3
      vertex 69.72 3 19.2842
    endloop
  endfacet
  facet normal 0 1 0
    outer loop
      vertex 69.72 3 19.2842
      vertex 160 3 3
      vertex 68.9457 3 18.9024
    endloop
  endfacet
  facet normal 0 1 0
    outer loop
      vertex 61.1839 3 20.9822
      vertex 45.821 3 17.033
      vertex 46.015 3 18.008
    endloop
  endfacet
  facet normal 0 1 0
    outer loop
      vertex 41.3884 3 11.9785
      vertex 66.42 3 18.4
      vertex 67.2815 3 18.4565
    endloop
  endfacet
  facet normal 0 1 0
    outer loop
      vertex 61.7531 3 20.3331
      vertex 45.5015 3 16.0916
      vertex 45.821 3 17.033
    endloop
  endfacet
  facet normal 0 1 0
    outer loop
      vertex 62.4022 3 19.7639
      vertex 45.0618 3 15.2
      vertex 45.5015 3 16.0916
    endloop
  endfacet
  facet normal 0 1 0
    outer loop
      vertex 63.12 3 19.2842
      vertex 44.5095 3 14.3734
      vertex 45.0618 3 15.2
    endloop
  endfacet
  facet normal 0 1 0
    outer loop
      vertex 63.8943 3 18.9024
      vertex 43.854 3 13.626
      vertex 44.5095 3 14.3734
    endloop
  endfacet
  facet normal 0 1 0
    outer loop
      vertex 160 3 3
      vertex 67.2815 3 18.4565
      vertex 68.1282 3 18.6249
    endloop
  endfacet
  facet normal 0 1 0
    outer loop
      vertex 64.7118 3 18.6249
      vertex 43.1066 3 12.9705
      vertex 43.854 3 13.626
    endloop
  endfacet
  facet normal 0 1 0
    outer loop
      vertex 65.5585 3 18.4565
      vertex 42.28 3 12.4182
      vertex 43.1066 3 12.9705
    endloop
  endfacet
  facet normal 0 1 0
    outer loop
      vertex 66.42 3 18.4
      vertex 41.3884 3 11.9785
      vertex 42.28 3 12.4182
    endloop
  endfacet
  facet normal 0 1 0
    outer loop
      vertex 67.2815 3 18.4565
      vertex 160 3 3
      vertex 41.3884 3 11.9785
    endloop
  endfacet
  facet normal 0 1 0
    outer loop
      vertex 6 3 3
      vertex 39.472 3 11.465
      vertex 160 3 3
    endloop
  endfacet
  facet normal 0 1 0
    outer loop
      vertex 40.447 3 11.659
      vertex 160 3 3
      vertex 39.472 3 11.465
    endloop
  endfacet
  facet normal 0 1 0
    outer loop
      vertex 41.3884 3 11.9785
      vertex 160 3 3
      vertex 40.447 3 11.659
    endloop
  endfacet
  facet normal 0 1 0
    outer loop
      vertex 68.9457 3 18.9024
      vertex 160 3 3
      vertex 68.1282 3 18.6249
    endloop
  endfacet
  facet normal 0 1 -0
    outer loop
      vertex 65.5585 3 31.5435
      vertex 6 3 48.6
      vertex 66.42 3 31.6
    endloop
  endfacet
  facet normal 0 1 -0
    outer loop
      vertex 64.7118 3 31.3751
      vertex 6 3 48.6
      vertex 65.5585 3 31.5435
    endloop
  endfacet
  facet normal 0 1 -0
    outer loop
      vertex 63.8943 3 31.0976
      vertex 6 3 48.6
      vertex 64.7118 3 31.3751
    endloop
  endfacet
  facet normal 0 1 -0
    outer loop
      vertex 63.12 3 30.7158
      vertex 6 3 48.6
      vertex 63.8943 3 31.0976
    endloop
  endfacet
  facet normal 0 1 0
    outer loop
      vertex 39.472 3 26.535
      vertex 63.12 3 30.7158
      vertex 62.4022 3 30.2361
    endloop
  endfacet
  facet normal 0 1 0
    outer loop
      vertex 39.472 3 26.535
      vertex 62.4022 3 30.2361
      vertex 61.7531 3 29.6669
    endloop
  endfacet
  facet normal 0 1 0
    outer loop
      vertex 39.472 3 26.535
      vertex 61.7531 3 29.6669
      vertex 61.1839 3 29.0178
    endloop
  endfacet
  facet normal 0 1 0
    outer loop
      vertex 39.472 3 26.535
      vertex 61.1839 3 29.0178
      vertex 60.7042 3 28.3
    endloop
  endfacet
  facet normal 0 1 0
    outer loop
      vertex 39.472 3 26.535
      vertex 60.7042 3 28.3
      vertex 60.3224 3 27.5257
    endloop
  endfacet
  facet normal 0 1 0
    outer loop
      vertex 43.854 3 24.374
      vertex 60.3224 3 27.5257
      vertex 60.0449 3 26.7082
    endloop
  endfacet
  facet normal 0 1 -0
    outer loop
      vertex 39.472 3 26.535
      vertex 6 3 48.6
      vertex 63.12 3 30.7158
    endloop
  endfacet
  facet normal 0 1 -0
    outer loop
      vertex 37.488 3 26.535
      vertex 6 3 48.6
      vertex 38.48 3 26.6
    endloop
  endfacet
  facet normal 0 1 -0
    outer loop
      vertex 36.513 3 26.341
      vertex 6 3 48.6
      vertex 37.488 3 26.535
    endloop
  endfacet
  facet normal 0 1 -0
    outer loop
      vertex 35.5716 3 26.0215
      vertex 6 3 48.6
      vertex 36.513 3 26.341
    endloop
  endfacet
  facet normal 0 1 -0
    outer loop
      vertex 34.68 3 25.5818
      vertex 6 3 48.6
      vertex 35.5716 3 26.0215
    endloop
  endfacet
  facet normal 0 1 -0
    outer loop
      vertex 33.8534 3 25.0295
      vertex 6 3 48.6
      vertex 34.68 3 25.5818
    endloop
  endfacet
  facet normal 0 1 -0
    outer loop
      vertex 33.106 3 24.374
      vertex 6 3 48.6
      vertex 33.8534 3 25.0295
    endloop
  endfacet
  facet normal 0 1 -0
    outer loop
      vertex 32.4505 3 23.6266
      vertex 6 3 48.6
      vertex 33.106 3 24.374
    endloop
  endfacet
  facet normal 0 1 -0
    outer loop
      vertex 31.8982 3 22.8
      vertex 6 3 48.6
      vertex 32.4505 3 23.6266
    endloop
  endfacet
  facet normal 0 1 -0
    outer loop
      vertex 31.4585 3 21.9084
      vertex 6 3 48.6
      vertex 31.8982 3 22.8
    endloop
  endfacet
  facet normal 0 1 -0
    outer loop
      vertex 31.139 3 20.967
      vertex 6 3 48.6
      vertex 31.4585 3 21.9084
    endloop
  endfacet
  facet normal 0 1 0
    outer loop
      vertex 6 3 3
      vertex 31.139 3 20.967
      vertex 30.945 3 19.992
    endloop
  endfacet
  facet normal 0 1 0
    outer loop
      vertex 6 3 3
      vertex 30.945 3 19.992
      vertex 30.88 3 19
    endloop
  endfacet
  facet normal 0 1 0
    outer loop
      vertex 6 3 3
      vertex 30.88 3 19
      vertex 30.945 3 18.008
    endloop
  endfacet
  facet normal 0 1 0
    outer loop
      vertex 6 3 3
      vertex 30.945 3 18.008
      vertex 31.139 3 17.033
    endloop
  endfacet
  facet normal 0 1 0
    outer loop
      vertex 6 3 3
      vertex 31.139 3 17.033
      vertex 31.4585 3 16.0916
    endloop
  endfacet
  facet normal 0 1 0
    outer loop
      vertex 6 3 3
      vertex 31.4585 3 16.0916
      vertex 31.8982 3 15.2
    endloop
  endfacet
  facet normal 0 1 0
    outer loop
      vertex 6 3 3
      vertex 31.8982 3 15.2
      vertex 32.4505 3 14.3734
    endloop
  endfacet
  facet normal 0 1 0
    outer loop
      vertex 39.472 3 11.465
      vertex 6 3 3
      vertex 38.48 3 11.4
    endloop
  endfacet
  facet normal 0 1 0
    outer loop
      vertex 31.139 3 20.967
      vertex 6 3 3
      vertex 6 3 48.6
    endloop
  endfacet
  facet normal 0 1 0
    outer loop
      vertex 33.106 3 13.626
      vertex 6 3 3
      vertex 32.4505 3 14.3734
    endloop
  endfacet
  facet normal 0 1 0
    outer loop
      vertex 33.8534 3 12.9705
      vertex 6 3 3
      vertex 33.106 3 13.626
    endloop
  endfacet
  facet normal 0 1 0
    outer loop
      vertex 34.68 3 12.4182
      vertex 6 3 3
      vertex 33.8534 3 12.9705
    endloop
  endfacet
  facet normal 0 1 0
    outer loop
      vertex 35.5716 3 11.9785
      vertex 6 3 3
      vertex 34.68 3 12.4182
    endloop
  endfacet
  facet normal 0 1 0
    outer loop
      vertex 36.513 3 11.659
      vertex 6 3 3
      vertex 35.5716 3 11.9785
    endloop
  endfacet
  facet normal 0 1 0
    outer loop
      vertex 37.488 3 11.465
      vertex 6 3 3
      vertex 36.513 3 11.659
    endloop
  endfacet
  facet normal 0 1 0
    outer loop
      vertex 38.48 3 11.4
      vertex 6 3 3
      vertex 37.488 3 11.465
    endloop
  endfacet
  facet normal -1 0 0
    outer loop
      vertex 163 37.0022 18.0242
      vertex 163 110 3
      vertex 163 37.03 17.6
    endloop
  endfacet
  facet normal -1 0 0
    outer loop
      vertex 163 110 3
      vertex 163 37.0022 17.1758
      vertex 163 37.03 17.6
    endloop
  endfacet
  facet normal -1 0 0
    outer loop
      vertex 163 110 3
      vertex 163 36.9193 16.7588
      vertex 163 37.0022 17.1758
    endloop
  endfacet
  facet normal -1 0 0
    outer loop
      vertex 163 110 3
      vertex 163 36.7826 16.3563
      vertex 163 36.9193 16.7588
    endloop
  endfacet
  facet normal -1 0 0
    outer loop
      vertex 163 110 3
      vertex 163 36.5946 15.975
      vertex 163 36.7826 16.3563
    endloop
  endfacet
  facet normal -1 0 0
    outer loop
      vertex 163 110 3
      vertex 163 36.3584 15.6215
      vertex 163 36.5946 15.975
    endloop
  endfacet
  facet normal -1 0 0
    outer loop
      vertex 163 110 3
      vertex 163 36.0781 15.3019
      vertex 163 36.3584 15.6215
    endloop
  endfacet
  facet normal -1 0 0
    outer loop
      vertex 163 110 3
      vertex 163 35.7585 15.0216
      vertex 163 36.0781 15.3019
    endloop
  endfacet
  facet normal -1 0 0
    outer loop
      vertex 163 110 3
      vertex 163 35.405 14.7854
      vertex 163 35.7585 15.0216
    endloop
  endfacet
  facet normal -1 0 0
    outer loop
      vertex 163 110 3
      vertex 163 35.0237 14.5974
      vertex 163 35.405 14.7854
    endloop
  endfacet
  facet normal -1 0 0
    outer loop
      vertex 163 110 3
      vertex 163 34.6212 14.4607
      vertex 163 35.0237 14.5974
    endloop
  endfacet
  facet normal -1 0 0
    outer loop
      vertex 163 6 3
      vertex 163 34.6212 14.4607
      vertex 163 110 3
    endloop
  endfacet
  facet normal -1 0 0
    outer loop
      vertex 163 34.6212 14.4607
      vertex 163 6 3
      vertex 163 34.2042 14.3778
    endloop
  endfacet
  facet normal -1 0 0
    outer loop
      vertex 163 34.2042 14.3778
      vertex 163 6 3
      vertex 163 33.78 14.35
    endloop
  endfacet
  facet normal -1 -0 0
    outer loop
      vertex 163 30.5578 17.1758
      vertex 163 6 3
      vertex 163 30.53 17.6
    endloop
  endfacet
  facet normal -1 -0 0
    outer loop
      vertex 163 30.6407 16.7588
      vertex 163 6 3
      vertex 163 30.5578 17.1758
    endloop
  endfacet
  facet normal -1 -0 0
    outer loop
      vertex 163 30.7774 16.3563
      vertex 163 6 3
      vertex 163 30.6407 16.7588
    endloop
  endfacet
  facet normal -1 -0 0
    outer loop
      vertex 163 30.9654 15.975
      vertex 163 6 3
      vertex 163 30.7774 16.3563
    endloop
  endfacet
  facet normal -1 -0 0
    outer loop
      vertex 163 31.2016 15.6215
      vertex 163 6 3
      vertex 163 30.9654 15.975
    endloop
  endfacet
  facet normal -1 -0 0
    outer loop
      vertex 163 31.4819 15.3019
      vertex 163 6 3
      vertex 163 31.2016 15.6215
    endloop
  endfacet
  facet normal -1 -0 0
    outer loop
      vertex 163 31.8015 15.0216
      vertex 163 6 3
      vertex 163 31.4819 15.3019
    endloop
  endfacet
  facet normal -1 -0 0
    outer loop
      vertex 163 32.155 14.7854
      vertex 163 6 3
      vertex 163 31.8015 15.0216
    endloop
  endfacet
  facet normal -1 -0 0
    outer loop
      vertex 163 32.5363 14.5974
      vertex 163 6 3
      vertex 163 32.155 14.7854
    endloop
  endfacet
  facet normal -1 -0 0
    outer loop
      vertex 163 32.9388 14.4607
      vertex 163 6 3
      vertex 163 32.5363 14.5974
    endloop
  endfacet
  facet normal -1 -0 0
    outer loop
      vertex 163 33.3558 14.3778
      vertex 163 6 3
      vertex 163 32.9388 14.4607
    endloop
  endfacet
  facet normal -1 -0 0
    outer loop
      vertex 163 33.78 14.35
      vertex 163 6 3
      vertex 163 33.3558 14.3778
    endloop
  endfacet
  facet normal -1 0 0
    outer loop
      vertex 163 110 3
      vertex 163 37.0022 18.0242
      vertex 163 110 48.6
    endloop
  endfacet
  facet normal -1 0 0
    outer loop
      vertex 163 36.9193 18.4412
      vertex 163 110 48.6
      vertex 163 37.0022 18.0242
    endloop
  endfacet
  facet normal -1 0 0
    outer loop
      vertex 163 36.7826 18.8437
      vertex 163 110 48.6
      vertex 163 36.9193 18.4412
    endloop
  endfacet
  facet normal -1 0 0
    outer loop
      vertex 163 36.5946 19.225
      vertex 163 110 48.6
      vertex 163 36.7826 18.8437
    endloop
  endfacet
  facet normal -1 0 0
    outer loop
      vertex 163 36.3584 19.5785
      vertex 163 110 48.6
      vertex 163 36.5946 19.225
    endloop
  endfacet
  facet normal -1 0 0
    outer loop
      vertex 163 36.0781 19.8981
      vertex 163 110 48.6
      vertex 163 36.3584 19.5785
    endloop
  endfacet
  facet normal -1 0 0
    outer loop
      vertex 163 35.7585 20.1784
      vertex 163 110 48.6
      vertex 163 36.0781 19.8981
    endloop
  endfacet
  facet normal -1 0 0
    outer loop
      vertex 163 35.405 20.4146
      vertex 163 110 48.6
      vertex 163 35.7585 20.1784
    endloop
  endfacet
  facet normal -1 0 0
    outer loop
      vertex 163 35.0237 20.6026
      vertex 163 110 48.6
      vertex 163 35.405 20.4146
    endloop
  endfacet
  facet normal -1 0 0
    outer loop
      vertex 163 6 48.6
      vertex 163 35.0237 20.6026
      vertex 163 34.6212 20.7393
    endloop
  endfacet
  facet normal -1 0 0
    outer loop
      vertex 163 6 48.6
      vertex 163 34.6212 20.7393
      vertex 163 34.2042 20.8222
    endloop
  endfacet
  facet normal -1 0 0
    outer loop
      vertex 163 6 48.6
      vertex 163 34.2042 20.8222
      vertex 163 33.78 20.85
    endloop
  endfacet
  facet normal -1 0 0
    outer loop
      vertex 163 6 48.6
      vertex 163 33.78 20.85
      vertex 163 33.3558 20.8222
    endloop
  endfacet
  facet normal -1 0 0
    outer loop
      vertex 163 6 48.6
      vertex 163 33.3558 20.8222
      vertex 163 32.9388 20.7393
    endloop
  endfacet
  facet normal -1 0 0
    outer loop
      vertex 163 6 48.6
      vertex 163 32.9388 20.7393
      vertex 163 32.5363 20.6026
    endloop
  endfacet
  facet normal -1 0 0
    outer loop
      vertex 163 6 3
      vertex 163 30.5578 18.0242
      vertex 163 30.53 17.6
    endloop
  endfacet
  facet normal -1 0 0
    outer loop
      vertex 163 6 3
      vertex 163 30.6407 18.4412
      vertex 163 30.5578 18.0242
    endloop
  endfacet
  facet normal -1 0 0
    outer loop
      vertex 163 6 48.6
      vertex 163 30.6407 18.4412
      vertex 163 6 3
    endloop
  endfacet
  facet normal -1 0 0
    outer loop
      vertex 163 30.6407 18.4412
      vertex 163 6 48.6
      vertex 163 30.7774 18.8437
    endloop
  endfacet
  facet normal -1 0 0
    outer loop
      vertex 163 30.7774 18.8437
      vertex 163 6 48.6
      vertex 163 30.9654 19.225
    endloop
  endfacet
  facet normal -1 0 0
    outer loop
      vertex 163 30.9654 19.225
      vertex 163 6 48.6
      vertex 163 31.2016 19.5785
    endloop
  endfacet
  facet normal -1 0 0
    outer loop
      vertex 163 31.2016 19.5785
      vertex 163 6 48.6
      vertex 163 31.4819 19.8981
    endloop
  endfacet
  facet normal -1 0 0
    outer loop
      vertex 163 31.4819 19.8981
      vertex 163 6 48.6
      vertex 163 31.8015 20.1784
    endloop
  endfacet
  facet normal -1 0 0
    outer loop
      vertex 163 35.0237 20.6026
      vertex 163 6 48.6
      vertex 163 110 48.6
    endloop
  endfacet
  facet normal -1 0 0
    outer loop
      vertex 163 32.155 20.4146
      vertex 163 6 48.6
      vertex 163 32.5363 20.6026
    endloop
  endfacet
  facet normal -1 0 0
    outer loop
      vertex 163 31.8015 20.1784
      vertex 163 6 48.6
      vertex 163 32.155 20.4146
    endloop
  endfacet
  facet normal -0.442233 0.8969 0
    outer loop
      vertex 161.5 3.40192 3
      vertex 161.148 3.22836 48.6
      vertex 161.5 3.40192 48.6
    endloop
  endfacet
  facet normal -0.442233 0.8969 0
    outer loop
      vertex 161.148 3.22836 48.6
      vertex 161.5 3.40192 3
      vertex 161.148 3.22836 3
    endloop
  endfacet
  facet normal 0.0662518 -0.997803 0
    outer loop
      vertex 5.60842 112.974 3
      vertex 6 113 48.6
      vertex 5.60842 112.974 48.6
    endloop
  endfacet
  facet normal 0.0662518 -0.997803 0
    outer loop
      vertex 6 113 48.6
      vertex 5.60842 112.974 3
      vertex 6 113 3
    endloop
  endfacet
  facet normal 0.442283 0.896875 -0
    outer loop
      vertex 4.85195 3.22836 3
      vertex 4.5 3.40192 48.6
      vertex 4.85195 3.22836 48.6
    endloop
  endfacet
  facet normal 0.442283 0.896875 0
    outer loop
      vertex 4.5 3.40192 48.6
      vertex 4.85195 3.22836 3
      vertex 4.5 3.40192 3
    endloop
  endfacet
  facet normal 0.555582 0.831462 -0
    outer loop
      vertex 4.5 3.40192 3
      vertex 4.17372 3.61994 48.6
      vertex 4.5 3.40192 48.6
    endloop
  endfacet
  facet normal 0.555582 0.831462 0
    outer loop
      vertex 4.17372 3.61994 48.6
      vertex 4.5 3.40192 3
      vertex 4.17372 3.61994 3
    endloop
  endfacet
  facet normal 0.443185 -0.89643 0
    outer loop
      vertex 4.5 112.598 3
      vertex 4.85195 112.772 48.6
      vertex 4.5 112.598 48.6
    endloop
  endfacet
  facet normal 0.443185 -0.89643 0
    outer loop
      vertex 4.85195 112.772 48.6
      vertex 4.5 112.598 3
      vertex 4.85195 112.772 3
    endloop
  endfacet
  facet normal 0.980789 0.195072 0
    outer loop
      vertex 3.10222 5.22354 48.6
      vertex 3.02567 5.60842 3
      vertex 3.02567 5.60842 48.6
    endloop
  endfacet
  facet normal 0.980789 0.195072 0
    outer loop
      vertex 3.02567 5.60842 3
      vertex 3.10222 5.22354 48.6
      vertex 3.10222 5.22354 3
    endloop
  endfacet
  facet normal -0.947145 -0.320807 0
    outer loop
      vertex 162.898 110.776 3
      vertex 162.772 111.148 48.6
      vertex 162.772 111.148 3
    endloop
  endfacet
  facet normal -0.947145 -0.320807 0
    outer loop
      vertex 162.772 111.148 48.6
      vertex 162.898 110.776 3
      vertex 162.898 110.776 48.6
    endloop
  endfacet
  facet normal 0.896875 0.442283 0
    outer loop
      vertex 3.40192 4.5 48.6
      vertex 3.22836 4.85195 3
      vertex 3.22836 4.85195 48.6
    endloop
  endfacet
  facet normal 0.896875 0.442283 0
    outer loop
      vertex 3.22836 4.85195 3
      vertex 3.40192 4.5 48.6
      vertex 3.40192 4.5 3
    endloop
  endfacet
  facet normal 0.555547 -0.831485 0
    outer loop
      vertex 4.17372 112.38 3
      vertex 4.5 112.598 48.6
      vertex 4.17372 112.38 48.6
    endloop
  endfacet
  facet normal 0.555547 -0.831485 0
    outer loop
      vertex 4.5 112.598 48.6
      vertex 4.17372 112.38 3
      vertex 4.5 112.598 3
    endloop
  endfacet
  facet normal 0.751844 0.659341 0
    outer loop
      vertex 3.87868 3.87868 48.6
      vertex 3.61994 4.17372 3
      vertex 3.61994 4.17372 48.6
    endloop
  endfacet
  facet normal 0.751844 0.659341 0
    outer loop
      vertex 3.61994 4.17372 3
      vertex 3.87868 3.87868 48.6
      vertex 3.87868 3.87868 3
    endloop
  endfacet
  facet normal -0.555877 -0.831265 0
    outer loop
      vertex 161.5 112.598 3
      vertex 161.826 112.38 48.6
      vertex 161.5 112.598 48.6
    endloop
  endfacet
  facet normal -0.555877 -0.831265 -0
    outer loop
      vertex 161.826 112.38 48.6
      vertex 161.5 112.598 3
      vertex 161.826 112.38 3
    endloop
  endfacet
  facet normal -0.320807 -0.947145 0
    outer loop
      vertex 160.776 112.898 3
      vertex 161.148 112.772 48.6
      vertex 160.776 112.898 48.6
    endloop
  endfacet
  facet normal -0.320807 -0.947145 -0
    outer loop
      vertex 161.148 112.772 48.6
      vertex 160.776 112.898 3
      vertex 161.148 112.772 3
    endloop
  endfacet
  facet normal 0.751799 -0.659392 0
    outer loop
      vertex 3.61994 111.826 48.6
      vertex 3.87868 112.121 3
      vertex 3.87868 112.121 48.6
    endloop
  endfacet
  facet normal 0.751799 -0.659392 0
    outer loop
      vertex 3.87868 112.121 3
      vertex 3.61994 111.826 48.6
      vertex 3.61994 111.826 3
    endloop
  endfacet
  facet normal -0.751515 0.659716 0
    outer loop
      vertex 162.121 3.87868 3
      vertex 162.38 4.17372 48.6
      vertex 162.38 4.17372 3
    endloop
  endfacet
  facet normal -0.751515 0.659716 0
    outer loop
      vertex 162.38 4.17372 48.6
      vertex 162.121 3.87868 3
      vertex 162.121 3.87868 48.6
    endloop
  endfacet
  facet normal -0.997803 0.0662518 0
    outer loop
      vertex 162.974 5.60842 3
      vertex 163 6 48.6
      vertex 163 6 3
    endloop
  endfacet
  facet normal -0.997803 0.0662518 0
    outer loop
      vertex 163 6 48.6
      vertex 162.974 5.60842 3
      vertex 162.974 5.60842 48.6
    endloop
  endfacet
  facet normal -0.997808 -0.0661811 0
    outer loop
      vertex 163 110 3
      vertex 162.974 110.392 48.6
      vertex 162.974 110.392 3
    endloop
  endfacet
  facet normal -0.997808 -0.0661811 0
    outer loop
      vertex 162.974 110.392 48.6
      vertex 163 110 3
      vertex 163 110 48.6
    endloop
  endfacet
  facet normal 0.321125 -0.947037 0
    outer loop
      vertex 4.85195 112.772 3
      vertex 5.22354 112.898 48.6
      vertex 4.85195 112.772 48.6
    endloop
  endfacet
  facet normal 0.321125 -0.947037 0
    outer loop
      vertex 5.22354 112.898 48.6
      vertex 4.85195 112.772 3
      vertex 5.22354 112.898 3
    endloop
  endfacet
  facet normal -0.0653447 0.997863 0
    outer loop
      vertex 160.392 3.02567 3
      vertex 160 3 48.6
      vertex 160.392 3.02567 48.6
    endloop
  endfacet
  facet normal -0.0653447 0.997863 0
    outer loop
      vertex 160 3 48.6
      vertex 160.392 3.02567 3
      vertex 160 3 3
    endloop
  endfacet
  facet normal -0.321127 0.947036 0
    outer loop
      vertex 161.148 3.22836 3
      vertex 160.776 3.10222 48.6
      vertex 161.148 3.22836 48.6
    endloop
  endfacet
  facet normal -0.321127 0.947036 0
    outer loop
      vertex 160.776 3.10222 48.6
      vertex 161.148 3.22836 3
      vertex 160.776 3.10222 3
    endloop
  endfacet
  facet normal 0.831462 0.555582 0
    outer loop
      vertex 3.61994 4.17372 48.6
      vertex 3.40192 4.5 3
      vertex 3.40192 4.5 48.6
    endloop
  endfacet
  facet normal 0.831462 0.555582 0
    outer loop
      vertex 3.40192 4.5 3
      vertex 3.61994 4.17372 48.6
      vertex 3.61994 4.17372 3
    endloop
  endfacet
  facet normal 0.947036 -0.321127 0
    outer loop
      vertex 3.10222 110.776 48.6
      vertex 3.22836 111.148 3
      vertex 3.22836 111.148 48.6
    endloop
  endfacet
  facet normal 0.947036 -0.321127 0
    outer loop
      vertex 3.22836 111.148 3
      vertex 3.10222 110.776 48.6
      vertex 3.10222 110.776 3
    endloop
  endfacet
  facet normal 0.8969 -0.442233 0
    outer loop
      vertex 3.22836 111.148 48.6
      vertex 3.40192 111.5 3
      vertex 3.40192 111.5 48.6
    endloop
  endfacet
  facet normal 0.8969 -0.442233 0
    outer loop
      vertex 3.40192 111.5 3
      vertex 3.22836 111.148 48.6
      vertex 3.22836 111.148 3
    endloop
  endfacet
  facet normal 0.946928 0.321444 0
    outer loop
      vertex 3.22836 4.85195 48.6
      vertex 3.10222 5.22354 3
      vertex 3.10222 5.22354 48.6
    endloop
  endfacet
  facet normal 0.946928 0.321444 0
    outer loop
      vertex 3.10222 5.22354 3
      vertex 3.22836 4.85195 48.6
      vertex 3.22836 4.85195 3
    endloop
  endfacet
  facet normal 0.321444 0.946928 -0
    outer loop
      vertex 5.22354 3.10222 3
      vertex 4.85195 3.22836 48.6
      vertex 5.22354 3.10222 48.6
    endloop
  endfacet
  facet normal 0.321444 0.946928 0
    outer loop
      vertex 4.85195 3.22836 48.6
      vertex 5.22354 3.10222 3
      vertex 4.85195 3.22836 3
    endloop
  endfacet
  facet normal 0.831241 -0.555912 0
    outer loop
      vertex 3.40192 111.5 48.6
      vertex 3.61994 111.826 3
      vertex 3.61994 111.826 48.6
    endloop
  endfacet
  facet normal 0.831241 -0.555912 0
    outer loop
      vertex 3.61994 111.826 3
      vertex 3.40192 111.5 48.6
      vertex 3.40192 111.5 3
    endloop
  endfacet
  facet normal -0 0 1
    outer loop
      vertex 8.58737 103.538 3
      vertex 8.29 103.337 3
      vertex 8.77341 103.576 3
    endloop
  endfacet
  facet normal -0 0 1
    outer loop
      vertex 8 103.5 3
      vertex 8.29 103.337 3
      vertex 8.58737 103.538 3
    endloop
  endfacet
  facet normal 0 0 1
    outer loop
      vertex 8 103.5 3
      vertex 7.80057 103.01 3
      vertex 8.29 103.337 3
    endloop
  endfacet
  facet normal 0 0 1
    outer loop
      vertex 7.41263 103.538 3
      vertex 7.80057 103.01 3
      vertex 8 103.5 3
    endloop
  endfacet
  facet normal 0 0 1
    outer loop
      vertex 7.41263 103.538 3
      vertex 7.35802 102.622 3
      vertex 7.80057 103.01 3
    endloop
  endfacet
  facet normal 0 0 1
    outer loop
      vertex 6.83531 103.653 3
      vertex 7.35802 102.622 3
      vertex 7.41263 103.538 3
    endloop
  endfacet
  facet normal 0 0 1
    outer loop
      vertex 7.35802 102.622 3
      vertex 6.83531 103.653 3
      vertex 6.96991 102.179 3
    endloop
  endfacet
  facet normal 0 0 1
    outer loop
      vertex 6.27793 103.843 3
      vertex 6.96991 102.179 3
      vertex 6.83531 103.653 3
    endloop
  endfacet
  facet normal 0 0 1
    outer loop
      vertex 6.96991 102.179 3
      vertex 6.27793 103.843 3
      vertex 6.64289 101.69 3
    endloop
  endfacet
  facet normal 0 0 1
    outer loop
      vertex 5.75 104.103 3
      vertex 6.64289 101.69 3
      vertex 6.27793 103.843 3
    endloop
  endfacet
  facet normal 0 0 1
    outer loop
      vertex 6.64289 101.69 3
      vertex 5.75 104.103 3
      vertex 6.38254 101.162 3
    endloop
  endfacet
  facet normal 0 0 1
    outer loop
      vertex 5.26057 104.43 3
      vertex 6.38254 101.162 3
      vertex 5.75 104.103 3
    endloop
  endfacet
  facet normal 0 0 1
    outer loop
      vertex 6.38254 101.162 3
      vertex 5.26057 104.43 3
      vertex 6.19333 100.605 3
    endloop
  endfacet
  facet normal 0 0 1
    outer loop
      vertex 4.81802 104.818 3
      vertex 6.19333 100.605 3
      vertex 5.26057 104.43 3
    endloop
  endfacet
  facet normal 0 0 1
    outer loop
      vertex 146.083 97.7179 3
      vertex 14.6975 97.7179 3
      vertex 146.343 97.19 3
    endloop
  endfacet
  facet normal 0 0 1
    outer loop
      vertex 146.343 12.79 3
      vertex 15.0015 11.1274 3
      vertex 15.04 10.54 3
    endloop
  endfacet
  facet normal 0 0 1
    outer loop
      vertex 14.4371 97.19 3
      vertex 146.343 97.19 3
      vertex 14.6975 97.7179 3
    endloop
  endfacet
  facet normal 0 0 1
    outer loop
      vertex 146.343 12.79 3
      vertex 14.8867 11.7047 3
      vertex 15.0015 11.1274 3
    endloop
  endfacet
  facet normal 0 0 1
    outer loop
      vertex 146.343 97.19 3
      vertex 14.4371 97.19 3
      vertex 146.343 12.79 3
    endloop
  endfacet
  facet normal 0 0 1
    outer loop
      vertex 146.343 12.79 3
      vertex 14.6975 12.2621 3
      vertex 14.8867 11.7047 3
    endloop
  endfacet
  facet normal 0 0 1
    outer loop
      vertex 14.4371 12.79 3
      vertex 146.343 12.79 3
      vertex 14.4371 97.19 3
    endloop
  endfacet
  facet normal 0 0 1
    outer loop
      vertex 146.343 12.79 3
      vertex 14.4371 12.79 3
      vertex 14.6975 12.2621 3
    endloop
  endfacet
  facet normal -0 0 1
    outer loop
      vertex 14.1101 96.7006 3
      vertex 14.4371 12.79 3
      vertex 14.4371 97.19 3
    endloop
  endfacet
  facet normal 0 0 1
    outer loop
      vertex 14.1101 96.7006 3
      vertex 14.1101 13.2794 3
      vertex 14.4371 12.79 3
    endloop
  endfacet
  facet normal -0 0 1
    outer loop
      vertex 13.722 96.258 3
      vertex 14.1101 13.2794 3
      vertex 14.1101 96.7006 3
    endloop
  endfacet
  facet normal 0 0 1
    outer loop
      vertex 13.722 96.258 3
      vertex 13.722 13.722 3
      vertex 14.1101 13.2794 3
    endloop
  endfacet
  facet normal -0 0 1
    outer loop
      vertex 13.2794 95.8699 3
      vertex 13.722 13.722 3
      vertex 13.722 96.258 3
    endloop
  endfacet
  facet normal 0 0 1
    outer loop
      vertex 13.2794 95.8699 3
      vertex 13.2794 14.1101 3
      vertex 13.722 13.722 3
    endloop
  endfacet
  facet normal -0 0 1
    outer loop
      vertex 12.79 95.5429 3
      vertex 13.2794 14.1101 3
      vertex 13.2794 95.8699 3
    endloop
  endfacet
  facet normal 0 0 1
    outer loop
      vertex 12.79 95.5429 3
      vertex 12.79 14.4371 3
      vertex 13.2794 14.1101 3
    endloop
  endfacet
  facet normal -0 0 1
    outer loop
      vertex 12.2621 95.2825 3
      vertex 12.79 14.4371 3
      vertex 12.79 95.5429 3
    endloop
  endfacet
  facet normal 0 0 1
    outer loop
      vertex 12.2621 95.2825 3
      vertex 12.2621 14.6975 3
      vertex 12.79 14.4371 3
    endloop
  endfacet
  facet normal -0 0 1
    outer loop
      vertex 11.7047 95.0933 3
      vertex 12.2621 14.6975 3
      vertex 12.2621 95.2825 3
    endloop
  endfacet
  facet normal 0 0 1
    outer loop
      vertex 11.7047 95.0933 3
      vertex 11.7047 14.8867 3
      vertex 12.2621 14.6975 3
    endloop
  endfacet
  facet normal -0 0 1
    outer loop
      vertex 11.1274 94.9785 3
      vertex 11.7047 14.8867 3
      vertex 11.7047 95.0933 3
    endloop
  endfacet
  facet normal 0 0 1
    outer loop
      vertex 11.1274 94.9785 3
      vertex 11.1274 15.0015 3
      vertex 11.7047 14.8867 3
    endloop
  endfacet
  facet normal -0 0 1
    outer loop
      vertex 10.54 94.94 3
      vertex 11.1274 15.0015 3
      vertex 11.1274 94.9785 3
    endloop
  endfacet
  facet normal 0 0 1
    outer loop
      vertex 10.54 94.94 3
      vertex 10.54 15.04 3
      vertex 11.1274 15.0015 3
    endloop
  endfacet
  facet normal 0 0 1
    outer loop
      vertex 9.95263 94.9785 3
      vertex 10.54 15.04 3
      vertex 10.54 94.94 3
    endloop
  endfacet
  facet normal 0 0 1
    outer loop
      vertex 9.95263 94.9785 3
      vertex 9.95263 15.0015 3
      vertex 10.54 15.04 3
    endloop
  endfacet
  facet normal 0 0 1
    outer loop
      vertex 9.37531 95.0933 3
      vertex 9.95263 15.0015 3
      vertex 9.95263 94.9785 3
    endloop
  endfacet
  facet normal 0 0 1
    outer loop
      vertex 9.37531 95.0933 3
      vertex 9.37531 14.8867 3
      vertex 9.95263 15.0015 3
    endloop
  endfacet
  facet normal 0 0 1
    outer loop
      vertex 8.81793 95.2825 3
      vertex 9.37531 14.8867 3
      vertex 9.37531 95.0933 3
    endloop
  endfacet
  facet normal 0 0 1
    outer loop
      vertex 8.81793 95.2825 3
      vertex 8.81793 14.6975 3
      vertex 9.37531 14.8867 3
    endloop
  endfacet
  facet normal 0 0 1
    outer loop
      vertex 8.29 95.5429 3
      vertex 8.81793 14.6975 3
      vertex 8.81793 95.2825 3
    endloop
  endfacet
  facet normal 0 0 1
    outer loop
      vertex 8.29 95.5429 3
      vertex 8.29 14.4371 3
      vertex 8.81793 14.6975 3
    endloop
  endfacet
  facet normal 0 0 1
    outer loop
      vertex 7.80057 95.8699 3
      vertex 8.29 14.4371 3
      vertex 8.29 95.5429 3
    endloop
  endfacet
  facet normal 0 0 1
    outer loop
      vertex 7.80057 95.8699 3
      vertex 7.80057 14.1101 3
      vertex 8.29 14.4371 3
    endloop
  endfacet
  facet normal 0 0 1
    outer loop
      vertex 7.35802 96.258 3
      vertex 7.80057 14.1101 3
      vertex 7.80057 95.8699 3
    endloop
  endfacet
  facet normal 0 0 1
    outer loop
      vertex 7.35802 96.258 3
      vertex 7.35802 13.722 3
      vertex 7.80057 14.1101 3
    endloop
  endfacet
  facet normal 0 0 1
    outer loop
      vertex 4.81802 11.182 3
      vertex 7.35802 96.258 3
      vertex 6.96991 96.7006 3
    endloop
  endfacet
  facet normal 0 0 1
    outer loop
      vertex 7.35802 96.258 3
      vertex 4.81802 11.182 3
      vertex 7.35802 13.722 3
    endloop
  endfacet
  facet normal 0 0 1
    outer loop
      vertex 4.42991 10.7394 3
      vertex 6.96991 96.7006 3
      vertex 6.64289 97.19 3
    endloop
  endfacet
  facet normal 0 0 1
    outer loop
      vertex 7.35802 13.722 3
      vertex 4.81802 11.182 3
      vertex 6.96991 13.2794 3
    endloop
  endfacet
  facet normal 0 0 1
    outer loop
      vertex 4.10289 10.25 3
      vertex 6.64289 97.19 3
      vertex 6.38254 97.7179 3
    endloop
  endfacet
  facet normal 0 0 1
    outer loop
      vertex 6.96991 13.2794 3
      vertex 5.26057 11.5701 3
      vertex 6.64289 12.79 3
    endloop
  endfacet
  facet normal 0 0 1
    outer loop
      vertex 6.64289 12.79 3
      vertex 5.75 11.8971 3
      vertex 6.38254 12.2621 3
    endloop
  endfacet
  facet normal 0 0 1
    outer loop
      vertex 6.38254 12.2621 3
      vertex 6.27793 12.1575 3
      vertex 6.35603 12.184 3
    endloop
  endfacet
  facet normal 0 0 1
    outer loop
      vertex 3.84254 9.72207 3
      vertex 6.38254 97.7179 3
      vertex 6.19333 98.2753 3
    endloop
  endfacet
  facet normal 0 0 1
    outer loop
      vertex 3.84254 106.278 3
      vertex 6.19333 98.2753 3
      vertex 6.0785 98.8526 3
    endloop
  endfacet
  facet normal 0 0 1
    outer loop
      vertex 4.10289 105.75 3
      vertex 6.0785 98.8526 3
      vertex 6.04 99.44 3
    endloop
  endfacet
  facet normal 0 0 1
    outer loop
      vertex 6.19333 100.605 3
      vertex 4.81802 104.818 3
      vertex 6.0785 100.027 3
    endloop
  endfacet
  facet normal 0 0 1
    outer loop
      vertex 6.38254 12.2621 3
      vertex 5.75 11.8971 3
      vertex 6.27793 12.1575 3
    endloop
  endfacet
  facet normal 0 0 1
    outer loop
      vertex 4.42991 105.261 3
      vertex 6.0785 100.027 3
      vertex 4.81802 104.818 3
    endloop
  endfacet
  facet normal 0 0 1
    outer loop
      vertex 6.64289 12.79 3
      vertex 5.26057 11.5701 3
      vertex 5.75 11.8971 3
    endloop
  endfacet
  facet normal 0 0 1
    outer loop
      vertex 6.0785 100.027 3
      vertex 4.42991 105.261 3
      vertex 6.04 99.44 3
    endloop
  endfacet
  facet normal 0 0 1
    outer loop
      vertex 6.96991 13.2794 3
      vertex 4.81802 11.182 3
      vertex 5.26057 11.5701 3
    endloop
  endfacet
  facet normal 0 0 1
    outer loop
      vertex 4.10289 105.75 3
      vertex 6.04 99.44 3
      vertex 4.42991 105.261 3
    endloop
  endfacet
  facet normal 0 0 1
    outer loop
      vertex 6.96991 96.7006 3
      vertex 4.42991 10.7394 3
      vertex 4.81802 11.182 3
    endloop
  endfacet
  facet normal 0 0 1
    outer loop
      vertex 6.0785 98.8526 3
      vertex 4.10289 105.75 3
      vertex 3.84254 106.278 3
    endloop
  endfacet
  facet normal 0 0 1
    outer loop
      vertex 6.64289 97.19 3
      vertex 4.10289 10.25 3
      vertex 4.42991 10.7394 3
    endloop
  endfacet
  facet normal 0 0 1
    outer loop
      vertex 3.65333 106.835 3
      vertex 6.19333 98.2753 3
      vertex 3.84254 106.278 3
    endloop
  endfacet
  facet normal 0 0 1
    outer loop
      vertex 6.38254 97.7179 3
      vertex 3.84254 9.72207 3
      vertex 4.10289 10.25 3
    endloop
  endfacet
  facet normal 0 0 1
    outer loop
      vertex 3.65333 9.16469 3
      vertex 6.19333 98.2753 3
      vertex 3.65333 106.835 3
    endloop
  endfacet
  facet normal 0 0 1
    outer loop
      vertex 6.19333 98.2753 3
      vertex 3.65333 9.16469 3
      vertex 3.84254 9.72207 3
    endloop
  endfacet
  facet normal 0 0 1
    outer loop
      vertex 3.5385 107.413 3
      vertex 3.65333 9.16469 3
      vertex 3.65333 106.835 3
    endloop
  endfacet
  facet normal 0 0 1
    outer loop
      vertex 3.5385 107.413 3
      vertex 3.5385 8.58737 3
      vertex 3.65333 9.16469 3
    endloop
  endfacet
  facet normal 0 0 1
    outer loop
      vertex 3 110 3
      vertex 3.5385 107.413 3
      vertex 3.5 108 3
    endloop
  endfacet
  facet normal 0 0 1
    outer loop
      vertex 3.5385 107.413 3
      vertex 3 110 3
      vertex 3.5385 8.58737 3
    endloop
  endfacet
  facet normal -0 0 1
    outer loop
      vertex 162.462 8.58737 3
      vertex 163 6 3
      vertex 162.462 107.413 3
    endloop
  endfacet
  facet normal 0 0 1
    outer loop
      vertex 163 6 3
      vertex 162.462 8.58737 3
      vertex 162.5 8 3
    endloop
  endfacet
  facet normal -0 0 1
    outer loop
      vertex 162.347 106.835 3
      vertex 162.462 8.58737 3
      vertex 162.462 107.413 3
    endloop
  endfacet
  facet normal 0 0 1
    outer loop
      vertex 162.347 106.835 3
      vertex 162.347 9.16469 3
      vertex 162.462 8.58737 3
    endloop
  endfacet
  facet normal -0 0 1
    outer loop
      vertex 162.157 106.278 3
      vertex 162.347 9.16469 3
      vertex 162.347 106.835 3
    endloop
  endfacet
  facet normal 0 0 1
    outer loop
      vertex 162.157 106.278 3
      vertex 162.157 9.72207 3
      vertex 162.347 9.16469 3
    endloop
  endfacet
  facet normal -0 0 1
    outer loop
      vertex 161.897 105.75 3
      vertex 162.157 9.72207 3
      vertex 162.157 106.278 3
    endloop
  endfacet
  facet normal 0 0 1
    outer loop
      vertex 161.897 105.75 3
      vertex 161.897 10.25 3
      vertex 162.157 9.72207 3
    endloop
  endfacet
  facet normal -0 0 1
    outer loop
      vertex 161.57 105.261 3
      vertex 161.897 10.25 3
      vertex 161.897 105.75 3
    endloop
  endfacet
  facet normal 0 0 1
    outer loop
      vertex 161.57 105.261 3
      vertex 161.57 10.7394 3
      vertex 161.897 10.25 3
    endloop
  endfacet
  facet normal -0 0 1
    outer loop
      vertex 161.182 104.818 3
      vertex 161.57 10.7394 3
      vertex 161.57 105.261 3
    endloop
  endfacet
  facet normal 0 0 1
    outer loop
      vertex 161.182 104.818 3
      vertex 161.182 11.182 3
      vertex 161.57 10.7394 3
    endloop
  endfacet
  facet normal 0 0 1
    outer loop
      vertex 153.81 96.7006 3
      vertex 161.182 104.818 3
      vertex 160.739 104.43 3
    endloop
  endfacet
  facet normal 0 0 1
    outer loop
      vertex 161.182 104.818 3
      vertex 153.81 96.7006 3
      vertex 161.182 11.182 3
    endloop
  endfacet
  facet normal 0 0 1
    outer loop
      vertex 154.137 97.19 3
      vertex 160.739 104.43 3
      vertex 160.25 104.103 3
    endloop
  endfacet
  facet normal 0 0 1
    outer loop
      vertex 161.182 11.182 3
      vertex 153.81 96.7006 3
      vertex 160.739 11.5701 3
    endloop
  endfacet
  facet normal 0 0 1
    outer loop
      vertex 154.397 97.7179 3
      vertex 160.25 104.103 3
      vertex 159.722 103.843 3
    endloop
  endfacet
  facet normal -0 0 1
    outer loop
      vertex 153.422 96.258 3
      vertex 160.739 11.5701 3
      vertex 153.81 96.7006 3
    endloop
  endfacet
  facet normal 0 0 1
    outer loop
      vertex 154.587 98.2753 3
      vertex 159.722 103.843 3
      vertex 159.165 103.653 3
    endloop
  endfacet
  facet normal 0 0 1
    outer loop
      vertex 160.739 104.43 3
      vertex 154.137 97.19 3
      vertex 153.81 96.7006 3
    endloop
  endfacet
  facet normal 0 0 1
    outer loop
      vertex 154.702 98.8526 3
      vertex 159.165 103.653 3
      vertex 158.587 103.538 3
    endloop
  endfacet
  facet normal 0 0 1
    outer loop
      vertex 160.739 11.5701 3
      vertex 153.422 96.258 3
      vertex 160.25 11.8971 3
    endloop
  endfacet
  facet normal 0 0 1
    outer loop
      vertex 154.74 99.44 3
      vertex 158.587 103.538 3
      vertex 158 103.5 3
    endloop
  endfacet
  facet normal -0 0 1
    outer loop
      vertex 152.979 95.8699 3
      vertex 160.25 11.8971 3
      vertex 153.422 96.258 3
    endloop
  endfacet
  facet normal 0 0 1
    outer loop
      vertex 154.702 100.027 3
      vertex 158 103.5 3
      vertex 157.413 103.538 3
    endloop
  endfacet
  facet normal 0 0 1
    outer loop
      vertex 160.25 104.103 3
      vertex 154.397 97.7179 3
      vertex 154.137 97.19 3
    endloop
  endfacet
  facet normal 0 0 1
    outer loop
      vertex 154.587 100.605 3
      vertex 157.413 103.538 3
      vertex 156.835 103.653 3
    endloop
  endfacet
  facet normal 0 0 1
    outer loop
      vertex 160.25 11.8971 3
      vertex 152.979 95.8699 3
      vertex 159.722 12.1575 3
    endloop
  endfacet
  facet normal 0 0 1
    outer loop
      vertex 154.397 101.162 3
      vertex 156.835 103.653 3
      vertex 156.278 103.843 3
    endloop
  endfacet
  facet normal 0 0 1
    outer loop
      vertex 159.722 103.843 3
      vertex 154.587 98.2753 3
      vertex 154.397 97.7179 3
    endloop
  endfacet
  facet normal 0 0 1
    outer loop
      vertex 154.137 101.69 3
      vertex 156.278 103.843 3
      vertex 155.75 104.103 3
    endloop
  endfacet
  facet normal 0 0 1
    outer loop
      vertex 159.165 103.653 3
      vertex 154.702 98.8526 3
      vertex 154.587 98.2753 3
    endloop
  endfacet
  facet normal 0 0 1
    outer loop
      vertex 153.81 102.179 3
      vertex 155.75 104.103 3
      vertex 155.261 104.43 3
    endloop
  endfacet
  facet normal -0 0 1
    outer loop
      vertex 152.49 95.5429 3
      vertex 159.722 12.1575 3
      vertex 152.979 95.8699 3
    endloop
  endfacet
  facet normal 0 0 1
    outer loop
      vertex 153.422 102.622 3
      vertex 155.261 104.43 3
      vertex 154.818 104.818 3
    endloop
  endfacet
  facet normal 0 0 1
    outer loop
      vertex 158.587 103.538 3
      vertex 154.74 99.44 3
      vertex 154.702 98.8526 3
    endloop
  endfacet
  facet normal 0 0 1
    outer loop
      vertex 159.722 12.1575 3
      vertex 152.49 95.5429 3
      vertex 159.165 12.3467 3
    endloop
  endfacet
  facet normal 0 0 1
    outer loop
      vertex 158 103.5 3
      vertex 154.702 100.027 3
      vertex 154.74 99.44 3
    endloop
  endfacet
  facet normal 0 0 1
    outer loop
      vertex 157.413 103.538 3
      vertex 154.587 100.605 3
      vertex 154.702 100.027 3
    endloop
  endfacet
  facet normal 0 0 1
    outer loop
      vertex 152.979 103.01 3
      vertex 154.818 104.818 3
      vertex 154.43 105.261 3
    endloop
  endfacet
  facet normal 0 0 1
    outer loop
      vertex 156.835 103.653 3
      vertex 154.397 101.162 3
      vertex 154.587 100.605 3
    endloop
  endfacet
  facet normal 0 0 1
    outer loop
      vertex 156.278 103.843 3
      vertex 154.137 101.69 3
      vertex 154.397 101.162 3
    endloop
  endfacet
  facet normal 0 0 1
    outer loop
      vertex 152.49 103.337 3
      vertex 154.43 105.261 3
      vertex 154.103 105.75 3
    endloop
  endfacet
  facet normal 0 0 1
    outer loop
      vertex 151.962 103.597 3
      vertex 154.103 105.75 3
      vertex 153.843 106.278 3
    endloop
  endfacet
  facet normal 0 0 1
    outer loop
      vertex 155.75 104.103 3
      vertex 153.81 102.179 3
      vertex 154.137 101.69 3
    endloop
  endfacet
  facet normal 0 0 1
    outer loop
      vertex 151.405 103.787 3
      vertex 153.843 106.278 3
      vertex 153.653 106.835 3
    endloop
  endfacet
  facet normal 0 0 1
    outer loop
      vertex 150.827 103.902 3
      vertex 153.653 106.835 3
      vertex 153.538 107.413 3
    endloop
  endfacet
  facet normal 0 0 1
    outer loop
      vertex 150.24 103.94 3
      vertex 153.538 107.413 3
      vertex 153.5 108 3
    endloop
  endfacet
  facet normal 0 0 1
    outer loop
      vertex 155.261 104.43 3
      vertex 153.422 102.622 3
      vertex 153.81 102.179 3
    endloop
  endfacet
  facet normal 0 0 1
    outer loop
      vertex 162.157 109.722 3
      vertex 163 110 3
      vertex 162.974 110.392 3
    endloop
  endfacet
  facet normal 0 0 1
    outer loop
      vertex 162.462 107.413 3
      vertex 163 110 3
      vertex 162.5 108 3
    endloop
  endfacet
  facet normal 0 0 1
    outer loop
      vertex 161.897 110.25 3
      vertex 162.974 110.392 3
      vertex 162.898 110.776 3
    endloop
  endfacet
  facet normal 0 0 1
    outer loop
      vertex 163 110 3
      vertex 162.462 107.413 3
      vertex 163 6 3
    endloop
  endfacet
  facet normal 0 0 1
    outer loop
      vertex 161.897 110.25 3
      vertex 162.898 110.776 3
      vertex 162.772 111.148 3
    endloop
  endfacet
  facet normal -0 0 1
    outer loop
      vertex 162.462 7.41263 3
      vertex 163 6 3
      vertex 162.5 8 3
    endloop
  endfacet
  facet normal 0 0 1
    outer loop
      vertex 161.57 110.739 3
      vertex 162.772 111.148 3
      vertex 162.598 111.5 3
    endloop
  endfacet
  facet normal -0 0 1
    outer loop
      vertex 162.347 6.83531 3
      vertex 163 6 3
      vertex 162.462 7.41263 3
    endloop
  endfacet
  facet normal -0 0 1
    outer loop
      vertex 162.157 6.27793 3
      vertex 163 6 3
      vertex 162.347 6.83531 3
    endloop
  endfacet
  facet normal 0 0 1
    outer loop
      vertex 163 110 3
      vertex 162.462 108.587 3
      vertex 162.5 108 3
    endloop
  endfacet
  facet normal 0 0 1
    outer loop
      vertex 161.57 110.739 3
      vertex 162.598 111.5 3
      vertex 162.38 111.826 3
    endloop
  endfacet
  facet normal 0 0 1
    outer loop
      vertex 163 110 3
      vertex 162.347 109.165 3
      vertex 162.462 108.587 3
    endloop
  endfacet
  facet normal 0 0 1
    outer loop
      vertex 163 110 3
      vertex 162.157 109.722 3
      vertex 162.347 109.165 3
    endloop
  endfacet
  facet normal 0 0 1
    outer loop
      vertex 161.182 111.182 3
      vertex 162.38 111.826 3
      vertex 162.121 112.121 3
    endloop
  endfacet
  facet normal 0 0 1
    outer loop
      vertex 162.974 110.392 3
      vertex 161.897 110.25 3
      vertex 162.157 109.722 3
    endloop
  endfacet
  facet normal 0 0 1
    outer loop
      vertex 161.182 111.182 3
      vertex 162.121 112.121 3
      vertex 161.826 112.38 3
    endloop
  endfacet
  facet normal 0 0 1
    outer loop
      vertex 162.772 111.148 3
      vertex 161.57 110.739 3
      vertex 161.897 110.25 3
    endloop
  endfacet
  facet normal 0 0 1
    outer loop
      vertex 160.739 111.57 3
      vertex 161.826 112.38 3
      vertex 161.5 112.598 3
    endloop
  endfacet
  facet normal 0 0 1
    outer loop
      vertex 162.38 111.826 3
      vertex 161.182 111.182 3
      vertex 161.57 110.739 3
    endloop
  endfacet
  facet normal 0 0 1
    outer loop
      vertex 160.739 111.57 3
      vertex 161.5 112.598 3
      vertex 161.148 112.772 3
    endloop
  endfacet
  facet normal 0 0 1
    outer loop
      vertex 160.25 111.897 3
      vertex 161.148 112.772 3
      vertex 160.776 112.898 3
    endloop
  endfacet
  facet normal 0 0 1
    outer loop
      vertex 161.826 112.38 3
      vertex 160.739 111.57 3
      vertex 161.182 111.182 3
    endloop
  endfacet
  facet normal 0 0 1
    outer loop
      vertex 160.25 111.897 3
      vertex 160.776 112.898 3
      vertex 160.392 112.974 3
    endloop
  endfacet
  facet normal 0 0 1
    outer loop
      vertex 161.148 112.772 3
      vertex 160.25 111.897 3
      vertex 160.739 111.57 3
    endloop
  endfacet
  facet normal 0 0 1
    outer loop
      vertex 159.722 112.157 3
      vertex 160.392 112.974 3
      vertex 160 113 3
    endloop
  endfacet
  facet normal 0 0 1
    outer loop
      vertex 160.392 112.974 3
      vertex 159.722 112.157 3
      vertex 160.25 111.897 3
    endloop
  endfacet
  facet normal 0 0 1
    outer loop
      vertex 160 113 3
      vertex 159.165 112.347 3
      vertex 159.722 112.157 3
    endloop
  endfacet
  facet normal 0 0 1
    outer loop
      vertex 160 113 3
      vertex 158.587 112.462 3
      vertex 159.165 112.347 3
    endloop
  endfacet
  facet normal 0 0 1
    outer loop
      vertex 160 113 3
      vertex 158 112.5 3
      vertex 158.587 112.462 3
    endloop
  endfacet
  facet normal 0 0 1
    outer loop
      vertex 160 113 3
      vertex 157.413 112.462 3
      vertex 158 112.5 3
    endloop
  endfacet
  facet normal 0 0 1
    outer loop
      vertex 160 113 3
      vertex 156.835 112.347 3
      vertex 157.413 112.462 3
    endloop
  endfacet
  facet normal 0 0 1
    outer loop
      vertex 154.818 104.818 3
      vertex 152.979 103.01 3
      vertex 153.422 102.622 3
    endloop
  endfacet
  facet normal 0 0 1
    outer loop
      vertex 149.653 103.902 3
      vertex 153.5 108 3
      vertex 153.538 108.587 3
    endloop
  endfacet
  facet normal 0 0 1
    outer loop
      vertex 154.43 105.261 3
      vertex 152.49 103.337 3
      vertex 152.979 103.01 3
    endloop
  endfacet
  facet normal 0 0 1
    outer loop
      vertex 149.075 103.787 3
      vertex 153.538 108.587 3
      vertex 153.653 109.165 3
    endloop
  endfacet
  facet normal 0 0 1
    outer loop
      vertex 154.103 105.75 3
      vertex 151.962 103.597 3
      vertex 152.49 103.337 3
    endloop
  endfacet
  facet normal 0 0 1
    outer loop
      vertex 153.843 106.278 3
      vertex 151.405 103.787 3
      vertex 151.962 103.597 3
    endloop
  endfacet
  facet normal 0 0 1
    outer loop
      vertex 148.518 103.597 3
      vertex 153.653 109.165 3
      vertex 153.843 109.722 3
    endloop
  endfacet
  facet normal 0 0 1
    outer loop
      vertex 153.653 106.835 3
      vertex 150.827 103.902 3
      vertex 151.405 103.787 3
    endloop
  endfacet
  facet normal 0 0 1
    outer loop
      vertex 147.99 103.337 3
      vertex 153.843 109.722 3
      vertex 154.103 110.25 3
    endloop
  endfacet
  facet normal 0 0 1
    outer loop
      vertex 153.538 107.413 3
      vertex 150.24 103.94 3
      vertex 150.827 103.902 3
    endloop
  endfacet
  facet normal 0 0 1
    outer loop
      vertex 153.5 108 3
      vertex 149.653 103.902 3
      vertex 150.24 103.94 3
    endloop
  endfacet
  facet normal 0 0 1
    outer loop
      vertex 147.501 103.01 3
      vertex 154.103 110.25 3
      vertex 154.43 110.739 3
    endloop
  endfacet
  facet normal 0 0 1
    outer loop
      vertex 153.538 108.587 3
      vertex 149.075 103.787 3
      vertex 149.653 103.902 3
    endloop
  endfacet
  facet normal 0 0 1
    outer loop
      vertex 153.653 109.165 3
      vertex 148.518 103.597 3
      vertex 149.075 103.787 3
    endloop
  endfacet
  facet normal 0 0 1
    outer loop
      vertex 153.843 109.722 3
      vertex 147.99 103.337 3
      vertex 148.518 103.597 3
    endloop
  endfacet
  facet normal 0 0 1
    outer loop
      vertex 154.103 110.25 3
      vertex 147.501 103.01 3
      vertex 147.99 103.337 3
    endloop
  endfacet
  facet normal 0 0 1
    outer loop
      vertex 11.5701 110.739 3
      vertex 154.43 110.739 3
      vertex 154.818 111.182 3
    endloop
  endfacet
  facet normal 0 0 1
    outer loop
      vertex 154.43 110.739 3
      vertex 147.058 102.622 3
      vertex 147.501 103.01 3
    endloop
  endfacet
  facet normal 0 0 1
    outer loop
      vertex 145.893 11.7047 3
      vertex 15.04 10.54 3
      vertex 145.779 11.1274 3
    endloop
  endfacet
  facet normal 0 0 1
    outer loop
      vertex 145.779 100.027 3
      vertex 15.04 99.44 3
      vertex 145.74 99.44 3
    endloop
  endfacet
  facet normal 0 0 1
    outer loop
      vertex 15.0015 100.027 3
      vertex 145.779 100.027 3
      vertex 145.893 100.605 3
    endloop
  endfacet
  facet normal 0 0 1
    outer loop
      vertex 14.8867 100.605 3
      vertex 145.893 100.605 3
      vertex 146.083 101.162 3
    endloop
  endfacet
  facet normal 0 0 1
    outer loop
      vertex 12.1575 109.722 3
      vertex 146.083 101.162 3
      vertex 146.343 101.69 3
    endloop
  endfacet
  facet normal 0 0 1
    outer loop
      vertex 11.8971 110.25 3
      vertex 146.343 101.69 3
      vertex 146.67 102.179 3
    endloop
  endfacet
  facet normal 0 0 1
    outer loop
      vertex 11.5701 110.739 3
      vertex 146.67 102.179 3
      vertex 147.058 102.622 3
    endloop
  endfacet
  facet normal 0 0 1
    outer loop
      vertex 154.43 110.739 3
      vertex 11.5701 110.739 3
      vertex 147.058 102.622 3
    endloop
  endfacet
  facet normal 0 0 1
    outer loop
      vertex 11.182 111.182 3
      vertex 154.818 111.182 3
      vertex 155.261 111.57 3
    endloop
  endfacet
  facet normal 0 0 1
    outer loop
      vertex 10.7394 111.57 3
      vertex 155.261 111.57 3
      vertex 155.75 111.897 3
    endloop
  endfacet
  facet normal 0 0 1
    outer loop
      vertex 10.25 111.897 3
      vertex 155.75 111.897 3
      vertex 156.278 112.157 3
    endloop
  endfacet
  facet normal 0 0 1
    outer loop
      vertex 9.72207 112.157 3
      vertex 156.278 112.157 3
      vertex 156.835 112.347 3
    endloop
  endfacet
  facet normal 0 0 1
    outer loop
      vertex 9.16469 112.347 3
      vertex 156.835 112.347 3
      vertex 160 113 3
    endloop
  endfacet
  facet normal 0 0 1
    outer loop
      vertex 145.779 100.027 3
      vertex 15.0015 100.027 3
      vertex 15.04 99.44 3
    endloop
  endfacet
  facet normal 0 0 1
    outer loop
      vertex 145.893 100.605 3
      vertex 14.8867 100.605 3
      vertex 15.0015 100.027 3
    endloop
  endfacet
  facet normal 0 0 1
    outer loop
      vertex 146.083 101.162 3
      vertex 14.6975 101.162 3
      vertex 14.8867 100.605 3
    endloop
  endfacet
  facet normal 0 0 1
    outer loop
      vertex 146.083 101.162 3
      vertex 12.3467 109.165 3
      vertex 14.6975 101.162 3
    endloop
  endfacet
  facet normal -0 -0 1
    outer loop
      vertex 12.4615 108.587 3
      vertex 14.6975 101.162 3
      vertex 12.3467 109.165 3
    endloop
  endfacet
  facet normal -0 -0 1
    outer loop
      vertex 12.5 108 3
      vertex 14.4371 101.69 3
      vertex 12.4615 108.587 3
    endloop
  endfacet
  facet normal 0 0 1
    outer loop
      vertex 14.4371 101.69 3
      vertex 12.5 108 3
      vertex 14.1101 102.179 3
    endloop
  endfacet
  facet normal -0 0 1
    outer loop
      vertex 12.4615 107.413 3
      vertex 14.1101 102.179 3
      vertex 12.5 108 3
    endloop
  endfacet
  facet normal -0 0 1
    outer loop
      vertex 12.3467 106.835 3
      vertex 13.722 102.622 3
      vertex 12.4615 107.413 3
    endloop
  endfacet
  facet normal 0 0 1
    outer loop
      vertex 14.1101 102.179 3
      vertex 12.4615 107.413 3
      vertex 13.722 102.622 3
    endloop
  endfacet
  facet normal 0 0 1
    outer loop
      vertex 14.6975 101.162 3
      vertex 12.4615 108.587 3
      vertex 14.4371 101.69 3
    endloop
  endfacet
  facet normal 0 0 1
    outer loop
      vertex 146.083 101.162 3
      vertex 12.1575 109.722 3
      vertex 12.3467 109.165 3
    endloop
  endfacet
  facet normal 0 0 1
    outer loop
      vertex 146.343 101.69 3
      vertex 11.8971 110.25 3
      vertex 12.1575 109.722 3
    endloop
  endfacet
  facet normal 0 0 1
    outer loop
      vertex 146.67 102.179 3
      vertex 11.5701 110.739 3
      vertex 11.8971 110.25 3
    endloop
  endfacet
  facet normal 0 0 1
    outer loop
      vertex 154.818 111.182 3
      vertex 11.182 111.182 3
      vertex 11.5701 110.739 3
    endloop
  endfacet
  facet normal 0 0 1
    outer loop
      vertex 155.261 111.57 3
      vertex 10.7394 111.57 3
      vertex 11.182 111.182 3
    endloop
  endfacet
  facet normal 0 0 1
    outer loop
      vertex 155.75 111.897 3
      vertex 10.25 111.897 3
      vertex 10.7394 111.57 3
    endloop
  endfacet
  facet normal 0 0 1
    outer loop
      vertex 156.278 112.157 3
      vertex 9.72207 112.157 3
      vertex 10.25 111.897 3
    endloop
  endfacet
  facet normal 0 0 1
    outer loop
      vertex 156.835 112.347 3
      vertex 9.16469 112.347 3
      vertex 9.72207 112.157 3
    endloop
  endfacet
  facet normal 0 0 1
    outer loop
      vertex 160 113 3
      vertex 8.58737 112.462 3
      vertex 9.16469 112.347 3
    endloop
  endfacet
  facet normal -0 0 1
    outer loop
      vertex 6 113 3
      vertex 8.58737 112.462 3
      vertex 160 113 3
    endloop
  endfacet
  facet normal 0 0 1
    outer loop
      vertex 8.58737 112.462 3
      vertex 6 113 3
      vertex 8 112.5 3
    endloop
  endfacet
  facet normal 0 0 1
    outer loop
      vertex 6 113 3
      vertex 7.41263 112.462 3
      vertex 8 112.5 3
    endloop
  endfacet
  facet normal 0 0 1
    outer loop
      vertex 6 113 3
      vertex 6.83531 112.347 3
      vertex 7.41263 112.462 3
    endloop
  endfacet
  facet normal 0 0 1
    outer loop
      vertex 6 113 3
      vertex 6.27793 112.157 3
      vertex 6.83531 112.347 3
    endloop
  endfacet
  facet normal -0 0 1
    outer loop
      vertex 5.60842 112.974 3
      vertex 6.27793 112.157 3
      vertex 6 113 3
    endloop
  endfacet
  facet normal 0 0 1
    outer loop
      vertex 6.27793 112.157 3
      vertex 5.60842 112.974 3
      vertex 5.75 111.897 3
    endloop
  endfacet
  facet normal -0 0 1
    outer loop
      vertex 5.22354 112.898 3
      vertex 5.75 111.897 3
      vertex 5.60842 112.974 3
    endloop
  endfacet
  facet normal -0 0 1
    outer loop
      vertex 4.85195 112.772 3
      vertex 5.75 111.897 3
      vertex 5.22354 112.898 3
    endloop
  endfacet
  facet normal 0 0 1
    outer loop
      vertex 5.75 111.897 3
      vertex 4.85195 112.772 3
      vertex 5.26057 111.57 3
    endloop
  endfacet
  facet normal -0 0 1
    outer loop
      vertex 4.5 112.598 3
      vertex 5.26057 111.57 3
      vertex 4.85195 112.772 3
    endloop
  endfacet
  facet normal -0 0 1
    outer loop
      vertex 4.17372 112.38 3
      vertex 5.26057 111.57 3
      vertex 4.5 112.598 3
    endloop
  endfacet
  facet normal 0 0 1
    outer loop
      vertex 5.26057 111.57 3
      vertex 4.17372 112.38 3
      vertex 4.81802 111.182 3
    endloop
  endfacet
  facet normal -0 0 1
    outer loop
      vertex 3.87868 112.121 3
      vertex 4.81802 111.182 3
      vertex 4.17372 112.38 3
    endloop
  endfacet
  facet normal -0 0 1
    outer loop
      vertex 3.61994 111.826 3
      vertex 4.81802 111.182 3
      vertex 3.87868 112.121 3
    endloop
  endfacet
  facet normal 0 0 1
    outer loop
      vertex 4.81802 111.182 3
      vertex 3.61994 111.826 3
      vertex 4.42991 110.739 3
    endloop
  endfacet
  facet normal -0 0 1
    outer loop
      vertex 3.40192 111.5 3
      vertex 4.42991 110.739 3
      vertex 3.61994 111.826 3
    endloop
  endfacet
  facet normal -0 0 1
    outer loop
      vertex 3.22836 111.148 3
      vertex 4.42991 110.739 3
      vertex 3.40192 111.5 3
    endloop
  endfacet
  facet normal 0 0 1
    outer loop
      vertex 4.42991 110.739 3
      vertex 3.22836 111.148 3
      vertex 4.10289 110.25 3
    endloop
  endfacet
  facet normal -0 0 1
    outer loop
      vertex 3.10222 110.776 3
      vertex 4.10289 110.25 3
      vertex 3.22836 111.148 3
    endloop
  endfacet
  facet normal -0 0 1
    outer loop
      vertex 3.02567 110.392 3
      vertex 4.10289 110.25 3
      vertex 3.10222 110.776 3
    endloop
  endfacet
  facet normal 0 0 1
    outer loop
      vertex 3.5385 108.587 3
      vertex 3 110 3
      vertex 3.5 108 3
    endloop
  endfacet
  facet normal 0 0 1
    outer loop
      vertex 4.10289 110.25 3
      vertex 3.02567 110.392 3
      vertex 3.84254 109.722 3
    endloop
  endfacet
  facet normal 0 0 1
    outer loop
      vertex 163 6 3
      vertex 162.157 6.27793 3
      vertex 162.974 5.60842 3
    endloop
  endfacet
  facet normal -0 0 1
    outer loop
      vertex 161.897 5.75 3
      vertex 162.974 5.60842 3
      vertex 162.157 6.27793 3
    endloop
  endfacet
  facet normal 0 0 1
    outer loop
      vertex 162.974 5.60842 3
      vertex 161.897 5.75 3
      vertex 162.898 5.22354 3
    endloop
  endfacet
  facet normal 0 0 1
    outer loop
      vertex 162.898 5.22354 3
      vertex 161.897 5.75 3
      vertex 162.772 4.85195 3
    endloop
  endfacet
  facet normal -0 0 1
    outer loop
      vertex 161.57 5.26057 3
      vertex 162.772 4.85195 3
      vertex 161.897 5.75 3
    endloop
  endfacet
  facet normal 0 0 1
    outer loop
      vertex 162.772 4.85195 3
      vertex 161.57 5.26057 3
      vertex 162.598 4.5 3
    endloop
  endfacet
  facet normal 0 0 1
    outer loop
      vertex 162.598 4.5 3
      vertex 161.57 5.26057 3
      vertex 162.38 4.17372 3
    endloop
  endfacet
  facet normal -0 0 1
    outer loop
      vertex 161.182 4.81802 3
      vertex 162.38 4.17372 3
      vertex 161.57 5.26057 3
    endloop
  endfacet
  facet normal 0 0 1
    outer loop
      vertex 162.38 4.17372 3
      vertex 161.182 4.81802 3
      vertex 162.121 3.87868 3
    endloop
  endfacet
  facet normal 0 0 1
    outer loop
      vertex 162.121 3.87868 3
      vertex 161.182 4.81802 3
      vertex 161.826 3.61994 3
    endloop
  endfacet
  facet normal -0 0 1
    outer loop
      vertex 160.739 4.42991 3
      vertex 161.826 3.61994 3
      vertex 161.182 4.81802 3
    endloop
  endfacet
  facet normal 0 0 1
    outer loop
      vertex 161.826 3.61994 3
      vertex 160.739 4.42991 3
      vertex 161.5 3.40192 3
    endloop
  endfacet
  facet normal 0 0 1
    outer loop
      vertex 161.5 3.40192 3
      vertex 160.739 4.42991 3
      vertex 161.148 3.22836 3
    endloop
  endfacet
  facet normal -0 0 1
    outer loop
      vertex 160.25 4.10289 3
      vertex 161.148 3.22836 3
      vertex 160.739 4.42991 3
    endloop
  endfacet
  facet normal 0 0 1
    outer loop
      vertex 161.148 3.22836 3
      vertex 160.25 4.10289 3
      vertex 160.776 3.10222 3
    endloop
  endfacet
  facet normal 0 0 1
    outer loop
      vertex 160.776 3.10222 3
      vertex 160.25 4.10289 3
      vertex 160.392 3.02567 3
    endloop
  endfacet
  facet normal -0 0 1
    outer loop
      vertex 159.722 3.84254 3
      vertex 160.392 3.02567 3
      vertex 160.25 4.10289 3
    endloop
  endfacet
  facet normal 0 0 1
    outer loop
      vertex 160.392 3.02567 3
      vertex 159.722 3.84254 3
      vertex 160 3 3
    endloop
  endfacet
  facet normal -0 0 1
    outer loop
      vertex 159.165 3.65333 3
      vertex 160 3 3
      vertex 159.722 3.84254 3
    endloop
  endfacet
  facet normal -0 0 1
    outer loop
      vertex 158.587 3.5385 3
      vertex 160 3 3
      vertex 159.165 3.65333 3
    endloop
  endfacet
  facet normal -0 0 1
    outer loop
      vertex 158 3.5 3
      vertex 160 3 3
      vertex 158.587 3.5385 3
    endloop
  endfacet
  facet normal 0 0 1
    outer loop
      vertex 157.413 3.5385 3
      vertex 160 3 3
      vertex 158 3.5 3
    endloop
  endfacet
  facet normal 0 0 1
    outer loop
      vertex 156.835 3.65333 3
      vertex 160 3 3
      vertex 157.413 3.5385 3
    endloop
  endfacet
  facet normal 0 0 1
    outer loop
      vertex 153.422 7.35802 3
      vertex 153.538 7.41263 3
      vertex 153.534 7.48544 3
    endloop
  endfacet
  facet normal -0 0 1
    outer loop
      vertex 153.422 7.35802 3
      vertex 153.653 6.83531 3
      vertex 153.538 7.41263 3
    endloop
  endfacet
  facet normal -0 0 1
    outer loop
      vertex 152.979 6.96991 3
      vertex 153.653 6.83531 3
      vertex 153.422 7.35802 3
    endloop
  endfacet
  facet normal 0 0 1
    outer loop
      vertex 153.653 6.83531 3
      vertex 152.979 6.96991 3
      vertex 153.843 6.27793 3
    endloop
  endfacet
  facet normal -0 0 1
    outer loop
      vertex 152.49 6.64289 3
      vertex 153.843 6.27793 3
      vertex 152.979 6.96991 3
    endloop
  endfacet
  facet normal 0 0 1
    outer loop
      vertex 153.843 6.27793 3
      vertex 152.49 6.64289 3
      vertex 154.103 5.75 3
    endloop
  endfacet
  facet normal -0 0 1
    outer loop
      vertex 151.962 6.38254 3
      vertex 154.103 5.75 3
      vertex 152.49 6.64289 3
    endloop
  endfacet
  facet normal 0 0 1
    outer loop
      vertex 154.103 5.75 3
      vertex 151.962 6.38254 3
      vertex 154.43 5.26057 3
    endloop
  endfacet
  facet normal -0 0 1
    outer loop
      vertex 151.405 6.19333 3
      vertex 154.43 5.26057 3
      vertex 151.962 6.38254 3
    endloop
  endfacet
  facet normal 0 0 1
    outer loop
      vertex 154.43 5.26057 3
      vertex 151.405 6.19333 3
      vertex 154.818 4.81802 3
    endloop
  endfacet
  facet normal -0 0 1
    outer loop
      vertex 150.827 6.0785 3
      vertex 154.818 4.81802 3
      vertex 151.405 6.19333 3
    endloop
  endfacet
  facet normal 0 0 1
    outer loop
      vertex 154.818 4.81802 3
      vertex 150.827 6.0785 3
      vertex 155.261 4.42991 3
    endloop
  endfacet
  facet normal -0 0 1
    outer loop
      vertex 150.24 6.04 3
      vertex 155.261 4.42991 3
      vertex 150.827 6.0785 3
    endloop
  endfacet
  facet normal 0 0 1
    outer loop
      vertex 155.261 4.42991 3
      vertex 150.24 6.04 3
      vertex 155.75 4.10289 3
    endloop
  endfacet
  facet normal 0 0 1
    outer loop
      vertex 149.653 6.0785 3
      vertex 155.75 4.10289 3
      vertex 150.24 6.04 3
    endloop
  endfacet
  facet normal 0 0 1
    outer loop
      vertex 155.75 4.10289 3
      vertex 149.653 6.0785 3
      vertex 156.278 3.84254 3
    endloop
  endfacet
  facet normal 0 0 1
    outer loop
      vertex 149.075 6.19333 3
      vertex 156.278 3.84254 3
      vertex 149.653 6.0785 3
    endloop
  endfacet
  facet normal 0 0 1
    outer loop
      vertex 156.278 3.84254 3
      vertex 149.075 6.19333 3
      vertex 156.835 3.65333 3
    endloop
  endfacet
  facet normal 0 0 1
    outer loop
      vertex 145.779 11.1274 3
      vertex 15.04 10.54 3
      vertex 145.74 10.54 3
    endloop
  endfacet
  facet normal 0 0 1
    outer loop
      vertex 145.74 10.54 3
      vertex 15.04 10.54 3
      vertex 145.779 9.95263 3
    endloop
  endfacet
  facet normal 0 0 1
    outer loop
      vertex 15.0015 9.95263 3
      vertex 145.779 9.95263 3
      vertex 15.04 10.54 3
    endloop
  endfacet
  facet normal 0 0 1
    outer loop
      vertex 145.779 9.95263 3
      vertex 15.0015 9.95263 3
      vertex 145.893 9.37531 3
    endloop
  endfacet
  facet normal 0 0 1
    outer loop
      vertex 14.8867 9.37531 3
      vertex 145.893 9.37531 3
      vertex 15.0015 9.95263 3
    endloop
  endfacet
  facet normal 0 0 1
    outer loop
      vertex 145.893 9.37531 3
      vertex 14.8867 9.37531 3
      vertex 146.083 8.81793 3
    endloop
  endfacet
  facet normal 0 0 1
    outer loop
      vertex 14.6975 8.81793 3
      vertex 146.083 8.81793 3
      vertex 14.8867 9.37531 3
    endloop
  endfacet
  facet normal 0 0 1
    outer loop
      vertex 146.083 8.81793 3
      vertex 14.6975 8.81793 3
      vertex 146.343 8.29 3
    endloop
  endfacet
  facet normal 0 0 1
    outer loop
      vertex 14.4371 8.29 3
      vertex 146.343 8.29 3
      vertex 14.6975 8.81793 3
    endloop
  endfacet
  facet normal 0 0 1
    outer loop
      vertex 146.343 8.29 3
      vertex 14.4371 8.29 3
      vertex 146.67 7.80057 3
    endloop
  endfacet
  facet normal 0 0 1
    outer loop
      vertex 14.1101 7.80057 3
      vertex 146.67 7.80057 3
      vertex 14.4371 8.29 3
    endloop
  endfacet
  facet normal 0 0 1
    outer loop
      vertex 146.67 7.80057 3
      vertex 14.1101 7.80057 3
      vertex 147.058 7.35802 3
    endloop
  endfacet
  facet normal 0 0 1
    outer loop
      vertex 13.722 7.35802 3
      vertex 147.058 7.35802 3
      vertex 14.1101 7.80057 3
    endloop
  endfacet
  facet normal 0 0 1
    outer loop
      vertex 11.182 4.81802 3
      vertex 147.058 7.35802 3
      vertex 13.722 7.35802 3
    endloop
  endfacet
  facet normal 0 0 1
    outer loop
      vertex 147.058 7.35802 3
      vertex 11.182 4.81802 3
      vertex 147.501 6.96991 3
    endloop
  endfacet
  facet normal 0 0 1
    outer loop
      vertex 10.7394 4.42991 3
      vertex 147.501 6.96991 3
      vertex 11.182 4.81802 3
    endloop
  endfacet
  facet normal 0 0 1
    outer loop
      vertex 147.501 6.96991 3
      vertex 10.7394 4.42991 3
      vertex 147.99 6.64289 3
    endloop
  endfacet
  facet normal 0 0 1
    outer loop
      vertex 10.25 4.10289 3
      vertex 147.99 6.64289 3
      vertex 10.7394 4.42991 3
    endloop
  endfacet
  facet normal 0 0 1
    outer loop
      vertex 147.99 6.64289 3
      vertex 10.25 4.10289 3
      vertex 148.518 6.38254 3
    endloop
  endfacet
  facet normal 0 0 1
    outer loop
      vertex 11.182 4.81802 3
      vertex 13.722 7.35802 3
      vertex 13.2794 6.96991 3
    endloop
  endfacet
  facet normal 0 0 1
    outer loop
      vertex 11.5701 5.26057 3
      vertex 13.2794 6.96991 3
      vertex 12.79 6.64289 3
    endloop
  endfacet
  facet normal 0 0 1
    outer loop
      vertex 11.8971 5.75 3
      vertex 12.79 6.64289 3
      vertex 12.2621 6.38254 3
    endloop
  endfacet
  facet normal 0 0 1
    outer loop
      vertex 12.1575 6.27793 3
      vertex 12.2621 6.38254 3
      vertex 12.184 6.35603 3
    endloop
  endfacet
  facet normal 0 0 1
    outer loop
      vertex 11.8971 5.75 3
      vertex 12.2621 6.38254 3
      vertex 12.1575 6.27793 3
    endloop
  endfacet
  facet normal 0 0 1
    outer loop
      vertex 11.5701 5.26057 3
      vertex 12.79 6.64289 3
      vertex 11.8971 5.75 3
    endloop
  endfacet
  facet normal 0 0 1
    outer loop
      vertex 11.182 4.81802 3
      vertex 13.2794 6.96991 3
      vertex 11.5701 5.26057 3
    endloop
  endfacet
  facet normal 0 0 1
    outer loop
      vertex 9.72207 3.84254 3
      vertex 148.518 6.38254 3
      vertex 10.25 4.10289 3
    endloop
  endfacet
  facet normal 0 0 1
    outer loop
      vertex 148.518 6.38254 3
      vertex 9.72207 3.84254 3
      vertex 149.075 6.19333 3
    endloop
  endfacet
  facet normal 0 0 1
    outer loop
      vertex 149.075 6.19333 3
      vertex 9.72207 3.84254 3
      vertex 156.835 3.65333 3
    endloop
  endfacet
  facet normal 0 0 1
    outer loop
      vertex 9.16469 3.65333 3
      vertex 156.835 3.65333 3
      vertex 9.72207 3.84254 3
    endloop
  endfacet
  facet normal 0 0 1
    outer loop
      vertex 156.835 3.65333 3
      vertex 9.16469 3.65333 3
      vertex 160 3 3
    endloop
  endfacet
  facet normal -0 0 1
    outer loop
      vertex 8.58737 3.5385 3
      vertex 160 3 3
      vertex 9.16469 3.65333 3
    endloop
  endfacet
  facet normal 0 0 1
    outer loop
      vertex 6 3 3
      vertex 8.58737 3.5385 3
      vertex 8 3.5 3
    endloop
  endfacet
  facet normal 0 0 1
    outer loop
      vertex 8.58737 3.5385 3
      vertex 6 3 3
      vertex 160 3 3
    endloop
  endfacet
  facet normal 0 0 1
    outer loop
      vertex 7.41263 3.5385 3
      vertex 6 3 3
      vertex 8 3.5 3
    endloop
  endfacet
  facet normal 0 0 1
    outer loop
      vertex 6.83531 3.65333 3
      vertex 6 3 3
      vertex 7.41263 3.5385 3
    endloop
  endfacet
  facet normal 0 0 1
    outer loop
      vertex 6.27793 3.84254 3
      vertex 6 3 3
      vertex 6.83531 3.65333 3
    endloop
  endfacet
  facet normal 0 0 1
    outer loop
      vertex 5.60842 3.02567 3
      vertex 6.27793 3.84254 3
      vertex 5.75 4.10289 3
    endloop
  endfacet
  facet normal 0 0 1
    outer loop
      vertex 6.27793 3.84254 3
      vertex 5.60842 3.02567 3
      vertex 6 3 3
    endloop
  endfacet
  facet normal 0 0 1
    outer loop
      vertex 4.85195 3.22836 3
      vertex 5.75 4.10289 3
      vertex 5.26057 4.42991 3
    endloop
  endfacet
  facet normal 0 0 1
    outer loop
      vertex 5.75 4.10289 3
      vertex 5.22354 3.10222 3
      vertex 5.60842 3.02567 3
    endloop
  endfacet
  facet normal 0 0 1
    outer loop
      vertex 5.75 4.10289 3
      vertex 4.85195 3.22836 3
      vertex 5.22354 3.10222 3
    endloop
  endfacet
  facet normal 0 0 1
    outer loop
      vertex 4.17372 3.61994 3
      vertex 5.26057 4.42991 3
      vertex 4.81802 4.81802 3
    endloop
  endfacet
  facet normal 0 0 1
    outer loop
      vertex 5.26057 4.42991 3
      vertex 4.5 3.40192 3
      vertex 4.85195 3.22836 3
    endloop
  endfacet
  facet normal 0 0 1
    outer loop
      vertex 3.61994 4.17372 3
      vertex 4.81802 4.81802 3
      vertex 4.42991 5.26057 3
    endloop
  endfacet
  facet normal 0 0 1
    outer loop
      vertex 5.26057 4.42991 3
      vertex 4.17372 3.61994 3
      vertex 4.5 3.40192 3
    endloop
  endfacet
  facet normal 0 0 1
    outer loop
      vertex 3.22836 4.85195 3
      vertex 4.42991 5.26057 3
      vertex 4.10289 5.75 3
    endloop
  endfacet
  facet normal 0 0 1
    outer loop
      vertex 4.81802 4.81802 3
      vertex 3.87868 3.87868 3
      vertex 4.17372 3.61994 3
    endloop
  endfacet
  facet normal 0 0 1
    outer loop
      vertex 3.02567 5.60842 3
      vertex 4.10289 5.75 3
      vertex 3.84254 6.27793 3
    endloop
  endfacet
  facet normal 0 0 1
    outer loop
      vertex 3 6 3
      vertex 3.84254 6.27793 3
      vertex 3.65333 6.83531 3
    endloop
  endfacet
  facet normal 0 0 1
    outer loop
      vertex 4.81802 4.81802 3
      vertex 3.61994 4.17372 3
      vertex 3.87868 3.87868 3
    endloop
  endfacet
  facet normal 0 0 1
    outer loop
      vertex 3 6 3
      vertex 3.65333 6.83531 3
      vertex 3.5385 7.41263 3
    endloop
  endfacet
  facet normal 0 0 1
    outer loop
      vertex 3 6 3
      vertex 3.5385 7.41263 3
      vertex 3.5 8 3
    endloop
  endfacet
  facet normal 0 0 1
    outer loop
      vertex 3.84254 6.27793 3
      vertex 3 6 3
      vertex 3.02567 5.60842 3
    endloop
  endfacet
  facet normal 0 0 1
    outer loop
      vertex 3 6 3
      vertex 3.5385 8.58737 3
      vertex 3 110 3
    endloop
  endfacet
  facet normal -0 0 1
    outer loop
      vertex 3 110 3
      vertex 3.84254 109.722 3
      vertex 3.02567 110.392 3
    endloop
  endfacet
  facet normal 0 0 1
    outer loop
      vertex 3.5385 8.58737 3
      vertex 3 6 3
      vertex 3.5 8 3
    endloop
  endfacet
  facet normal 0 0 1
    outer loop
      vertex 3.84254 109.722 3
      vertex 3 110 3
      vertex 3.65333 109.165 3
    endloop
  endfacet
  facet normal 0 0 1
    outer loop
      vertex 4.42991 5.26057 3
      vertex 3.40192 4.5 3
      vertex 3.61994 4.17372 3
    endloop
  endfacet
  facet normal 0 0 1
    outer loop
      vertex 3.65333 109.165 3
      vertex 3 110 3
      vertex 3.5385 108.587 3
    endloop
  endfacet
  facet normal 0 0 1
    outer loop
      vertex 4.42991 5.26057 3
      vertex 3.22836 4.85195 3
      vertex 3.40192 4.5 3
    endloop
  endfacet
  facet normal 0 0 1
    outer loop
      vertex 4.10289 5.75 3
      vertex 3.10222 5.22354 3
      vertex 3.22836 4.85195 3
    endloop
  endfacet
  facet normal 0 0 1
    outer loop
      vertex 4.10289 5.75 3
      vertex 3.02567 5.60842 3
      vertex 3.10222 5.22354 3
    endloop
  endfacet
  facet normal -0 0 1
    outer loop
      vertex 151.962 95.2825 3
      vertex 159.165 12.3467 3
      vertex 152.49 95.5429 3
    endloop
  endfacet
  facet normal -0 0 1
    outer loop
      vertex 151.962 14.6975 3
      vertex 159.165 12.3467 3
      vertex 151.962 95.2825 3
    endloop
  endfacet
  facet normal 0 0 1
    outer loop
      vertex 154.818 11.182 3
      vertex 154.702 11.1274 3
      vertex 154.706 11.0546 3
    endloop
  endfacet
  facet normal 0 0 1
    outer loop
      vertex 159.165 12.3467 3
      vertex 151.962 14.6975 3
      vertex 158.587 12.4615 3
    endloop
  endfacet
  facet normal 0 0 1
    outer loop
      vertex 154.818 11.182 3
      vertex 154.587 11.7047 3
      vertex 154.702 11.1274 3
    endloop
  endfacet
  facet normal -0 -0 1
    outer loop
      vertex 154.587 11.7047 3
      vertex 155.261 11.5701 3
      vertex 154.397 12.2621 3
    endloop
  endfacet
  facet normal 0 0 1
    outer loop
      vertex 155.261 11.5701 3
      vertex 154.587 11.7047 3
      vertex 154.818 11.182 3
    endloop
  endfacet
  facet normal -0 -0 1
    outer loop
      vertex 152.49 14.4371 3
      vertex 158.587 12.4615 3
      vertex 151.962 14.6975 3
    endloop
  endfacet
  facet normal 0 0 1
    outer loop
      vertex 155.75 11.8971 3
      vertex 154.397 12.2621 3
      vertex 155.261 11.5701 3
    endloop
  endfacet
  facet normal 0 0 1
    outer loop
      vertex 156.278 12.1575 3
      vertex 154.137 12.79 3
      vertex 155.75 11.8971 3
    endloop
  endfacet
  facet normal -0 -0 1
    outer loop
      vertex 154.397 12.2621 3
      vertex 155.75 11.8971 3
      vertex 154.137 12.79 3
    endloop
  endfacet
  facet normal 0 0 1
    outer loop
      vertex 157.413 12.4615 3
      vertex 153.422 13.722 3
      vertex 156.835 12.3467 3
    endloop
  endfacet
  facet normal -0 -0 1
    outer loop
      vertex 154.137 12.79 3
      vertex 156.278 12.1575 3
      vertex 153.81 13.2794 3
    endloop
  endfacet
  facet normal -0 -0 1
    outer loop
      vertex 153.81 13.2794 3
      vertex 156.835 12.3467 3
      vertex 153.422 13.722 3
    endloop
  endfacet
  facet normal 0 0 1
    outer loop
      vertex 156.835 12.3467 3
      vertex 153.81 13.2794 3
      vertex 156.278 12.1575 3
    endloop
  endfacet
  facet normal 0 0 1
    outer loop
      vertex 158 12.5 3
      vertex 152.979 14.1101 3
      vertex 157.413 12.4615 3
    endloop
  endfacet
  facet normal -0 -0 1
    outer loop
      vertex 153.422 13.722 3
      vertex 157.413 12.4615 3
      vertex 152.979 14.1101 3
    endloop
  endfacet
  facet normal 0 0 1
    outer loop
      vertex 158.587 12.4615 3
      vertex 152.49 14.4371 3
      vertex 158 12.5 3
    endloop
  endfacet
  facet normal -0 -0 1
    outer loop
      vertex 152.979 14.1101 3
      vertex 158 12.5 3
      vertex 152.49 14.4371 3
    endloop
  endfacet
  facet normal -0 0 1
    outer loop
      vertex 151.405 95.0933 3
      vertex 151.962 14.6975 3
      vertex 151.962 95.2825 3
    endloop
  endfacet
  facet normal 0 0 1
    outer loop
      vertex 151.405 95.0933 3
      vertex 151.405 14.8867 3
      vertex 151.962 14.6975 3
    endloop
  endfacet
  facet normal -0 0 1
    outer loop
      vertex 150.827 94.9785 3
      vertex 151.405 14.8867 3
      vertex 151.405 95.0933 3
    endloop
  endfacet
  facet normal 0 0 1
    outer loop
      vertex 150.827 94.9785 3
      vertex 150.827 15.0015 3
      vertex 151.405 14.8867 3
    endloop
  endfacet
  facet normal -0 0 1
    outer loop
      vertex 150.24 94.94 3
      vertex 150.827 15.0015 3
      vertex 150.827 94.9785 3
    endloop
  endfacet
  facet normal 0 0 1
    outer loop
      vertex 150.24 94.94 3
      vertex 150.24 15.04 3
      vertex 150.827 15.0015 3
    endloop
  endfacet
  facet normal 0 0 1
    outer loop
      vertex 149.653 94.9785 3
      vertex 150.24 15.04 3
      vertex 150.24 94.94 3
    endloop
  endfacet
  facet normal 0 0 1
    outer loop
      vertex 149.653 94.9785 3
      vertex 149.653 15.0015 3
      vertex 150.24 15.04 3
    endloop
  endfacet
  facet normal 0 0 1
    outer loop
      vertex 149.075 95.0933 3
      vertex 149.653 15.0015 3
      vertex 149.653 94.9785 3
    endloop
  endfacet
  facet normal 0 0 1
    outer loop
      vertex 149.075 95.0933 3
      vertex 149.075 14.8867 3
      vertex 149.653 15.0015 3
    endloop
  endfacet
  facet normal 0 0 1
    outer loop
      vertex 148.518 95.2825 3
      vertex 149.075 14.8867 3
      vertex 149.075 95.0933 3
    endloop
  endfacet
  facet normal 0 0 1
    outer loop
      vertex 148.518 95.2825 3
      vertex 148.518 14.6975 3
      vertex 149.075 14.8867 3
    endloop
  endfacet
  facet normal 0 0 1
    outer loop
      vertex 147.99 95.5429 3
      vertex 148.518 14.6975 3
      vertex 148.518 95.2825 3
    endloop
  endfacet
  facet normal 0 0 1
    outer loop
      vertex 147.99 95.5429 3
      vertex 147.99 14.4371 3
      vertex 148.518 14.6975 3
    endloop
  endfacet
  facet normal 0 0 1
    outer loop
      vertex 147.501 95.8699 3
      vertex 147.99 14.4371 3
      vertex 147.99 95.5429 3
    endloop
  endfacet
  facet normal 0 0 1
    outer loop
      vertex 147.501 95.8699 3
      vertex 147.501 14.1101 3
      vertex 147.99 14.4371 3
    endloop
  endfacet
  facet normal 0 0 1
    outer loop
      vertex 147.058 96.258 3
      vertex 147.501 14.1101 3
      vertex 147.501 95.8699 3
    endloop
  endfacet
  facet normal 0 0 1
    outer loop
      vertex 147.058 96.258 3
      vertex 147.058 13.722 3
      vertex 147.501 14.1101 3
    endloop
  endfacet
  facet normal 0 0 1
    outer loop
      vertex 146.67 96.7006 3
      vertex 147.058 13.722 3
      vertex 147.058 96.258 3
    endloop
  endfacet
  facet normal 0 0 1
    outer loop
      vertex 146.67 96.7006 3
      vertex 146.67 13.2794 3
      vertex 147.058 13.722 3
    endloop
  endfacet
  facet normal 0 0 1
    outer loop
      vertex 146.343 97.19 3
      vertex 146.67 13.2794 3
      vertex 146.67 96.7006 3
    endloop
  endfacet
  facet normal 0 0 1
    outer loop
      vertex 146.343 97.19 3
      vertex 146.343 12.79 3
      vertex 146.67 13.2794 3
    endloop
  endfacet
  facet normal 0 0 1
    outer loop
      vertex 14.8867 98.2753 3
      vertex 145.893 98.2753 3
      vertex 15.0015 98.8526 3
    endloop
  endfacet
  facet normal 0 0 1
    outer loop
      vertex 145.893 98.2753 3
      vertex 14.8867 98.2753 3
      vertex 146.083 97.7179 3
    endloop
  endfacet
  facet normal 0 0 1
    outer loop
      vertex 145.779 98.8526 3
      vertex 15.0015 98.8526 3
      vertex 145.893 98.2753 3
    endloop
  endfacet
  facet normal 0 0 1
    outer loop
      vertex 14.6975 97.7179 3
      vertex 146.083 97.7179 3
      vertex 14.8867 98.2753 3
    endloop
  endfacet
  facet normal 0 0 1
    outer loop
      vertex 15.0015 98.8526 3
      vertex 145.779 98.8526 3
      vertex 15.04 99.44 3
    endloop
  endfacet
  facet normal 0 0 1
    outer loop
      vertex 146.343 12.79 3
      vertex 15.04 10.54 3
      vertex 146.083 12.2621 3
    endloop
  endfacet
  facet normal -0 0 1
    outer loop
      vertex 15.04 99.44 3
      vertex 145.779 98.8526 3
      vertex 145.74 99.44 3
    endloop
  endfacet
  facet normal 0 0 1
    outer loop
      vertex 146.083 12.2621 3
      vertex 15.04 10.54 3
      vertex 145.893 11.7047 3
    endloop
  endfacet
  facet normal 0 0 1
    outer loop
      vertex 13.722 102.622 3
      vertex 12.3467 106.835 3
      vertex 13.2794 103.01 3
    endloop
  endfacet
  facet normal -0 0 1
    outer loop
      vertex 12.1575 106.278 3
      vertex 13.2794 103.01 3
      vertex 12.3467 106.835 3
    endloop
  endfacet
  facet normal 0 0 1
    outer loop
      vertex 13.2794 103.01 3
      vertex 12.1575 106.278 3
      vertex 12.79 103.337 3
    endloop
  endfacet
  facet normal -0 0 1
    outer loop
      vertex 11.8971 105.75 3
      vertex 12.79 103.337 3
      vertex 12.1575 106.278 3
    endloop
  endfacet
  facet normal 0 0 1
    outer loop
      vertex 12.79 103.337 3
      vertex 11.8971 105.75 3
      vertex 12.2621 103.597 3
    endloop
  endfacet
  facet normal -0 0 1
    outer loop
      vertex 11.5701 105.261 3
      vertex 12.2621 103.597 3
      vertex 11.8971 105.75 3
    endloop
  endfacet
  facet normal 0 0 1
    outer loop
      vertex 12.2621 103.597 3
      vertex 11.5701 105.261 3
      vertex 11.7047 103.787 3
    endloop
  endfacet
  facet normal -0 0 1
    outer loop
      vertex 11.182 104.818 3
      vertex 11.7047 103.787 3
      vertex 11.5701 105.261 3
    endloop
  endfacet
  facet normal 0 0 1
    outer loop
      vertex 11.182 104.818 3
      vertex 11.1274 103.902 3
      vertex 11.7047 103.787 3
    endloop
  endfacet
  facet normal -0 0 1
    outer loop
      vertex 10.7394 104.43 3
      vertex 11.1274 103.902 3
      vertex 11.182 104.818 3
    endloop
  endfacet
  facet normal 0 0 1
    outer loop
      vertex 10.7394 104.43 3
      vertex 10.54 103.94 3
      vertex 11.1274 103.902 3
    endloop
  endfacet
  facet normal -0 0 1
    outer loop
      vertex 10.25 104.103 3
      vertex 10.54 103.94 3
      vertex 10.7394 104.43 3
    endloop
  endfacet
  facet normal 0 0 1
    outer loop
      vertex 10.25 104.103 3
      vertex 9.95263 103.902 3
      vertex 10.54 103.94 3
    endloop
  endfacet
  facet normal 0 -0 1
    outer loop
      vertex 9.95263 103.902 3
      vertex 10.25 104.103 3
      vertex 9.76659 103.864 3
    endloop
  endfacet
  facet normal 0.193723 -0.981056 0
    outer loop
      vertex 5.22354 112.898 3
      vertex 5.60842 112.974 48.6
      vertex 5.22354 112.898 48.6
    endloop
  endfacet
  facet normal 0.193723 -0.981056 0
    outer loop
      vertex 5.60842 112.974 48.6
      vertex 5.22354 112.898 3
      vertex 5.60842 112.974 3
    endloop
  endfacet
  facet normal 0.980703 -0.195502 0
    outer loop
      vertex 3.02567 110.392 48.6
      vertex 3.10222 110.776 3
      vertex 3.10222 110.776 48.6
    endloop
  endfacet
  facet normal 0.980703 -0.195502 0
    outer loop
      vertex 3.10222 110.776 3
      vertex 3.02567 110.392 48.6
      vertex 3.02567 110.392 3
    endloop
  endfacet
  facet normal -0.89643 0.443185 0
    outer loop
      vertex 162.598 4.5 3
      vertex 162.772 4.85195 48.6
      vertex 162.772 4.85195 3
    endloop
  endfacet
  facet normal -0.89643 0.443185 0
    outer loop
      vertex 162.772 4.85195 48.6
      vertex 162.598 4.5 3
      vertex 162.598 4.5 48.6
    endloop
  endfacet
  facet normal 0.997858 0.0654145 0
    outer loop
      vertex 3.02567 5.60842 48.6
      vertex 3 6 3
      vertex 3 6 48.6
    endloop
  endfacet
  facet normal 0.997858 0.0654145 0
    outer loop
      vertex 3 6 3
      vertex 3.02567 5.60842 48.6
      vertex 3.02567 5.60842 3
    endloop
  endfacet
  facet normal 0.997863 -0.0653447 0
    outer loop
      vertex 3 110 48.6
      vertex 3.02567 110.392 3
      vertex 3.02567 110.392 48.6
    endloop
  endfacet
  facet normal 0.997863 -0.0653447 0
    outer loop
      vertex 3.02567 110.392 3
      vertex 3 110 48.6
      vertex 3 110 3
    endloop
  endfacet
  facet normal 0.195072 0.980789 -0
    outer loop
      vertex 5.60842 3.02567 3
      vertex 5.22354 3.10222 48.6
      vertex 5.60842 3.02567 48.6
    endloop
  endfacet
  facet normal 0.195072 0.980789 0
    outer loop
      vertex 5.22354 3.10222 48.6
      vertex 5.60842 3.02567 3
      vertex 5.22354 3.10222 3
    endloop
  endfacet
  facet normal -0.981056 0.193723 0
    outer loop
      vertex 162.898 5.22354 3
      vertex 162.974 5.60842 48.6
      vertex 162.974 5.60842 3
    endloop
  endfacet
  facet normal -0.981056 0.193723 0
    outer loop
      vertex 162.974 5.60842 48.6
      vertex 162.898 5.22354 3
      vertex 162.898 5.22354 48.6
    endloop
  endfacet
  facet normal -0.831265 -0.555877 0
    outer loop
      vertex 162.598 111.5 3
      vertex 162.38 111.826 48.6
      vertex 162.38 111.826 3
    endloop
  endfacet
  facet normal -0.831265 -0.555877 0
    outer loop
      vertex 162.38 111.826 48.6
      vertex 162.598 111.5 3
      vertex 162.598 111.5 48.6
    endloop
  endfacet
  facet normal -0.194151 -0.980972 0
    outer loop
      vertex 160.392 112.974 3
      vertex 160.776 112.898 48.6
      vertex 160.392 112.974 48.6
    endloop
  endfacet
  facet normal -0.194151 -0.980972 -0
    outer loop
      vertex 160.776 112.898 48.6
      vertex 160.392 112.974 3
      vertex 160.776 112.898 3
    endloop
  endfacet
  facet normal -0.947037 0.321125 0
    outer loop
      vertex 162.772 4.85195 3
      vertex 162.898 5.22354 48.6
      vertex 162.898 5.22354 3
    endloop
  endfacet
  facet normal -0.947037 0.321125 0
    outer loop
      vertex 162.898 5.22354 48.6
      vertex 162.772 4.85195 3
      vertex 162.772 4.85195 48.6
    endloop
  endfacet
  facet normal -0.751471 -0.659766 0
    outer loop
      vertex 162.38 111.826 3
      vertex 162.121 112.121 48.6
      vertex 162.121 112.121 3
    endloop
  endfacet
  facet normal -0.751471 -0.659766 0
    outer loop
      vertex 162.121 112.121 48.6
      vertex 162.38 111.826 3
      vertex 162.38 111.826 48.6
    endloop
  endfacet
  facet normal -0.831485 0.555547 0
    outer loop
      vertex 162.38 4.17372 3
      vertex 162.598 4.5 48.6
      vertex 162.598 4.5 3
    endloop
  endfacet
  facet normal -0.831485 0.555547 0
    outer loop
      vertex 162.598 4.5 48.6
      vertex 162.38 4.17372 3
      vertex 162.38 4.17372 48.6
    endloop
  endfacet
  facet normal -0.896455 -0.443134 0
    outer loop
      vertex 162.772 111.148 3
      vertex 162.598 111.5 48.6
      vertex 162.598 111.5 3
    endloop
  endfacet
  facet normal -0.896455 -0.443134 0
    outer loop
      vertex 162.598 111.5 48.6
      vertex 162.772 111.148 3
      vertex 162.772 111.148 48.6
    endloop
  endfacet
  facet normal -0.555912 0.831241 0
    outer loop
      vertex 161.826 3.61994 3
      vertex 161.5 3.40192 48.6
      vertex 161.826 3.61994 48.6
    endloop
  endfacet
  facet normal -0.555912 0.831241 0
    outer loop
      vertex 161.5 3.40192 48.6
      vertex 161.826 3.61994 3
      vertex 161.5 3.40192 3
    endloop
  endfacet
  facet normal -0.659392 0.751799 0
    outer loop
      vertex 162.121 3.87868 3
      vertex 161.826 3.61994 48.6
      vertex 162.121 3.87868 48.6
    endloop
  endfacet
  facet normal -0.659392 0.751799 0
    outer loop
      vertex 161.826 3.61994 48.6
      vertex 162.121 3.87868 3
      vertex 161.826 3.61994 3
    endloop
  endfacet
  facet normal 0.0654427 0 -0.997856
    outer loop
      vertex 65.5585 0 31.5435
      vertex 66.42 3 31.6
      vertex 66.42 0 31.6
    endloop
  endfacet
  facet normal 0.0654427 0 -0.997856
    outer loop
      vertex 66.42 3 31.6
      vertex 65.5585 0 31.5435
      vertex 65.5585 3 31.5435
    endloop
  endfacet
  facet normal -0.98079 0 0.195069
    outer loop
      vertex 72.7951 0 23.2918
      vertex 72.9635 3 24.1385
      vertex 72.7951 3 23.2918
    endloop
  endfacet
  facet normal -0.98079 0 0.195069
    outer loop
      vertex 72.9635 3 24.1385
      vertex 72.7951 0 23.2918
      vertex 72.9635 0 24.1385
    endloop
  endfacet
  facet normal -0.997856 0 0.0654427
    outer loop
      vertex 72.9635 0 24.1385
      vertex 73.02 3 25
      vertex 72.9635 3 24.1385
    endloop
  endfacet
  facet normal -0.997856 0 0.0654427
    outer loop
      vertex 73.02 3 25
      vertex 72.9635 0 24.1385
      vertex 73.02 0 25
    endloop
  endfacet
  facet normal -0.946931 0 0.321435
    outer loop
      vertex 72.5176 0 22.4743
      vertex 72.7951 3 23.2918
      vertex 72.5176 3 22.4743
    endloop
  endfacet
  facet normal -0.946931 0 0.321435
    outer loop
      vertex 72.7951 3 23.2918
      vertex 72.5176 0 22.4743
      vertex 72.7951 0 23.2918
    endloop
  endfacet
  facet normal -0.896892 0 -0.442249
    outer loop
      vertex 72.5176 0 27.5257
      vertex 72.1358 3 28.3
      vertex 72.5176 3 27.5257
    endloop
  endfacet
  facet normal -0.896892 -0 -0.442249
    outer loop
      vertex 72.1358 3 28.3
      vertex 72.5176 0 27.5257
      vertex 72.1358 0 28.3
    endloop
  endfacet
  facet normal -0.997856 0 -0.0654427
    outer loop
      vertex 73.02 0 25
      vertex 72.9635 3 25.8615
      vertex 73.02 3 25
    endloop
  endfacet
  facet normal -0.997856 -0 -0.0654427
    outer loop
      vertex 72.9635 3 25.8615
      vertex 73.02 0 25
      vertex 72.9635 0 25.8615
    endloop
  endfacet
  facet normal 0.98079 0 -0.195069
    outer loop
      vertex 60.0449 0 26.7082
      vertex 59.8765 3 25.8615
      vertex 60.0449 3 26.7082
    endloop
  endfacet
  facet normal 0.98079 0 -0.195069
    outer loop
      vertex 59.8765 3 25.8615
      vertex 60.0449 0 26.7082
      vertex 59.8765 0 25.8615
    endloop
  endfacet
  facet normal -0.659316 0 -0.751866
    outer loop
      vertex 70.4378 0 30.2361
      vertex 71.0869 3 29.6669
      vertex 71.0869 0 29.6669
    endloop
  endfacet
  facet normal -0.659316 0 -0.751866
    outer loop
      vertex 71.0869 3 29.6669
      vertex 70.4378 0 30.2361
      vertex 70.4378 3 30.2361
    endloop
  endfacet
  facet normal 0.195069 0 -0.98079
    outer loop
      vertex 64.7118 0 31.3751
      vertex 65.5585 3 31.5435
      vertex 65.5585 0 31.5435
    endloop
  endfacet
  facet normal 0.195069 0 -0.98079
    outer loop
      vertex 65.5585 3 31.5435
      vertex 64.7118 0 31.3751
      vertex 64.7118 3 31.3751
    endloop
  endfacet
  facet normal 0.896892 0 -0.442249
    outer loop
      vertex 60.7042 0 28.3
      vertex 60.3224 3 27.5257
      vertex 60.7042 3 28.3
    endloop
  endfacet
  facet normal 0.896892 0 -0.442249
    outer loop
      vertex 60.3224 3 27.5257
      vertex 60.7042 0 28.3
      vertex 60.3224 0 27.5257
    endloop
  endfacet
  facet normal -0.751866 0 -0.659316
    outer loop
      vertex 71.6561 0 29.0178
      vertex 71.0869 3 29.6669
      vertex 71.6561 3 29.0178
    endloop
  endfacet
  facet normal -0.751866 -0 -0.659316
    outer loop
      vertex 71.0869 3 29.6669
      vertex 71.6561 0 29.0178
      vertex 71.0869 0 29.6669
    endloop
  endfacet
  facet normal 0.442249 0 0.896892
    outer loop
      vertex 63.12 3 19.2842
      vertex 63.8943 0 18.9024
      vertex 63.8943 3 18.9024
    endloop
  endfacet
  facet normal 0.442249 0 0.896892
    outer loop
      vertex 63.8943 0 18.9024
      vertex 63.12 3 19.2842
      vertex 63.12 0 19.2842
    endloop
  endfacet
  facet normal 0.659316 0 -0.751866
    outer loop
      vertex 61.7531 0 29.6669
      vertex 62.4022 3 30.2361
      vertex 62.4022 0 30.2361
    endloop
  endfacet
  facet normal 0.659316 0 -0.751866
    outer loop
      vertex 62.4022 3 30.2361
      vertex 61.7531 0 29.6669
      vertex 61.7531 3 29.6669
    endloop
  endfacet
  facet normal -0.946931 0 -0.321435
    outer loop
      vertex 72.7951 0 26.7082
      vertex 72.5176 3 27.5257
      vertex 72.7951 3 26.7082
    endloop
  endfacet
  facet normal -0.946931 -0 -0.321435
    outer loop
      vertex 72.5176 3 27.5257
      vertex 72.7951 0 26.7082
      vertex 72.5176 0 27.5257
    endloop
  endfacet
  facet normal -0.831426 0 -0.555635
    outer loop
      vertex 72.1358 0 28.3
      vertex 71.6561 3 29.0178
      vertex 72.1358 3 28.3
    endloop
  endfacet
  facet normal -0.831426 -0 -0.555635
    outer loop
      vertex 71.6561 3 29.0178
      vertex 72.1358 0 28.3
      vertex 71.6561 0 29.0178
    endloop
  endfacet
  facet normal -0.831426 0 0.555635
    outer loop
      vertex 71.6561 0 20.9822
      vertex 72.1358 3 21.7
      vertex 71.6561 3 20.9822
    endloop
  endfacet
  facet normal -0.831426 0 0.555635
    outer loop
      vertex 72.1358 3 21.7
      vertex 71.6561 0 20.9822
      vertex 72.1358 0 21.7
    endloop
  endfacet
  facet normal -0.98079 0 -0.195069
    outer loop
      vertex 72.9635 0 25.8615
      vertex 72.7951 3 26.7082
      vertex 72.9635 3 25.8615
    endloop
  endfacet
  facet normal -0.98079 -0 -0.195069
    outer loop
      vertex 72.7951 3 26.7082
      vertex 72.9635 0 25.8615
      vertex 72.7951 0 26.7082
    endloop
  endfacet
  facet normal 0.946931 0 -0.321435
    outer loop
      vertex 60.3224 0 27.5257
      vertex 60.0449 3 26.7082
      vertex 60.3224 3 27.5257
    endloop
  endfacet
  facet normal 0.946931 0 -0.321435
    outer loop
      vertex 60.0449 3 26.7082
      vertex 60.3224 0 27.5257
      vertex 60.0449 0 26.7082
    endloop
  endfacet
  facet normal 0.442249 0 -0.896892
    outer loop
      vertex 63.12 0 30.7158
      vertex 63.8943 3 31.0976
      vertex 63.8943 0 31.0976
    endloop
  endfacet
  facet normal 0.442249 0 -0.896892
    outer loop
      vertex 63.8943 3 31.0976
      vertex 63.12 0 30.7158
      vertex 63.12 3 30.7158
    endloop
  endfacet
  facet normal -0.555635 0 0.831426
    outer loop
      vertex 69.72 3 19.2842
      vertex 70.4378 0 19.7639
      vertex 70.4378 3 19.7639
    endloop
  endfacet
  facet normal -0.555635 0 0.831426
    outer loop
      vertex 70.4378 0 19.7639
      vertex 69.72 3 19.2842
      vertex 69.72 0 19.2842
    endloop
  endfacet
  facet normal -0.751866 0 0.659316
    outer loop
      vertex 71.0869 0 20.3331
      vertex 71.6561 3 20.9822
      vertex 71.0869 3 20.3331
    endloop
  endfacet
  facet normal -0.751866 0 0.659316
    outer loop
      vertex 71.6561 3 20.9822
      vertex 71.0869 0 20.3331
      vertex 71.6561 0 20.9822
    endloop
  endfacet
  facet normal -0.195069 0 -0.98079
    outer loop
      vertex 67.2815 0 31.5435
      vertex 68.1282 3 31.3751
      vertex 68.1282 0 31.3751
    endloop
  endfacet
  facet normal -0.195069 0 -0.98079
    outer loop
      vertex 68.1282 3 31.3751
      vertex 67.2815 0 31.5435
      vertex 67.2815 3 31.5435
    endloop
  endfacet
  facet normal -0.0654427 0 -0.997856
    outer loop
      vertex 66.42 0 31.6
      vertex 67.2815 3 31.5435
      vertex 67.2815 0 31.5435
    endloop
  endfacet
  facet normal -0.0654427 0 -0.997856
    outer loop
      vertex 67.2815 3 31.5435
      vertex 66.42 0 31.6
      vertex 66.42 3 31.6
    endloop
  endfacet
  facet normal -0.896892 0 0.442249
    outer loop
      vertex 72.1358 0 21.7
      vertex 72.5176 3 22.4743
      vertex 72.1358 3 21.7
    endloop
  endfacet
  facet normal -0.896892 0 0.442249
    outer loop
      vertex 72.5176 3 22.4743
      vertex 72.1358 0 21.7
      vertex 72.5176 0 22.4743
    endloop
  endfacet
  facet normal 0.659316 0 0.751866
    outer loop
      vertex 61.7531 3 20.3331
      vertex 62.4022 0 19.7639
      vertex 62.4022 3 19.7639
    endloop
  endfacet
  facet normal 0.659316 0 0.751866
    outer loop
      vertex 62.4022 0 19.7639
      vertex 61.7531 3 20.3331
      vertex 61.7531 0 20.3331
    endloop
  endfacet
  facet normal 0.997856 0 -0.0654427
    outer loop
      vertex 59.8765 0 25.8615
      vertex 59.82 3 25
      vertex 59.8765 3 25.8615
    endloop
  endfacet
  facet normal 0.997856 0 -0.0654427
    outer loop
      vertex 59.82 3 25
      vertex 59.8765 0 25.8615
      vertex 59.82 0 25
    endloop
  endfacet
  facet normal -0.659316 0 0.751866
    outer loop
      vertex 70.4378 3 19.7639
      vertex 71.0869 0 20.3331
      vertex 71.0869 3 20.3331
    endloop
  endfacet
  facet normal -0.659316 0 0.751866
    outer loop
      vertex 71.0869 0 20.3331
      vertex 70.4378 3 19.7639
      vertex 70.4378 0 19.7639
    endloop
  endfacet
  facet normal 0.555635 0 -0.831426
    outer loop
      vertex 62.4022 0 30.2361
      vertex 63.12 3 30.7158
      vertex 63.12 0 30.7158
    endloop
  endfacet
  facet normal 0.555635 0 -0.831426
    outer loop
      vertex 63.12 3 30.7158
      vertex 62.4022 0 30.2361
      vertex 62.4022 3 30.2361
    endloop
  endfacet
  facet normal -0.0654427 0 0.997856
    outer loop
      vertex 66.42 3 18.4
      vertex 67.2815 0 18.4565
      vertex 67.2815 3 18.4565
    endloop
  endfacet
  facet normal -0.0654427 0 0.997856
    outer loop
      vertex 67.2815 0 18.4565
      vertex 66.42 3 18.4
      vertex 66.42 0 18.4
    endloop
  endfacet
  facet normal 0.321435 0 0.946931
    outer loop
      vertex 63.8943 3 18.9024
      vertex 64.7118 0 18.6249
      vertex 64.7118 3 18.6249
    endloop
  endfacet
  facet normal 0.321435 0 0.946931
    outer loop
      vertex 64.7118 0 18.6249
      vertex 63.8943 3 18.9024
      vertex 63.8943 0 18.9024
    endloop
  endfacet
  facet normal 0.321435 0 -0.946931
    outer loop
      vertex 63.8943 0 31.0976
      vertex 64.7118 3 31.3751
      vertex 64.7118 0 31.3751
    endloop
  endfacet
  facet normal 0.321435 0 -0.946931
    outer loop
      vertex 64.7118 3 31.3751
      vertex 63.8943 0 31.0976
      vertex 63.8943 3 31.0976
    endloop
  endfacet
  facet normal 0.751866 0 -0.659316
    outer loop
      vertex 61.7531 0 29.6669
      vertex 61.1839 3 29.0178
      vertex 61.7531 3 29.6669
    endloop
  endfacet
  facet normal 0.751866 0 -0.659316
    outer loop
      vertex 61.1839 3 29.0178
      vertex 61.7531 0 29.6669
      vertex 61.1839 0 29.0178
    endloop
  endfacet
  facet normal -0.555635 0 -0.831426
    outer loop
      vertex 69.72 0 30.7158
      vertex 70.4378 3 30.2361
      vertex 70.4378 0 30.2361
    endloop
  endfacet
  facet normal -0.555635 0 -0.831426
    outer loop
      vertex 70.4378 3 30.2361
      vertex 69.72 0 30.7158
      vertex 69.72 3 30.7158
    endloop
  endfacet
  facet normal -0.442249 0 -0.896892
    outer loop
      vertex 68.9457 0 31.0976
      vertex 69.72 3 30.7158
      vertex 69.72 0 30.7158
    endloop
  endfacet
  facet normal -0.442249 0 -0.896892
    outer loop
      vertex 69.72 3 30.7158
      vertex 68.9457 0 31.0976
      vertex 68.9457 3 31.0976
    endloop
  endfacet
  facet normal -0.321435 0 -0.946931
    outer loop
      vertex 68.1282 0 31.3751
      vertex 68.9457 3 31.0976
      vertex 68.9457 0 31.0976
    endloop
  endfacet
  facet normal -0.321435 0 -0.946931
    outer loop
      vertex 68.9457 3 31.0976
      vertex 68.1282 0 31.3751
      vertex 68.1282 3 31.3751
    endloop
  endfacet
  facet normal -0.442249 0 0.896892
    outer loop
      vertex 68.9457 3 18.9024
      vertex 69.72 0 19.2842
      vertex 69.72 3 19.2842
    endloop
  endfacet
  facet normal -0.442249 0 0.896892
    outer loop
      vertex 69.72 0 19.2842
      vertex 68.9457 3 18.9024
      vertex 68.9457 0 18.9024
    endloop
  endfacet
  facet normal 0.997856 -0 0.0654427
    outer loop
      vertex 59.82 0 25
      vertex 59.8765 3 24.1385
      vertex 59.82 3 25
    endloop
  endfacet
  facet normal 0.997856 0 0.0654427
    outer loop
      vertex 59.8765 3 24.1385
      vertex 59.82 0 25
      vertex 59.8765 0 24.1385
    endloop
  endfacet
  facet normal 0.0654427 0 0.997856
    outer loop
      vertex 65.5585 3 18.4565
      vertex 66.42 0 18.4
      vertex 66.42 3 18.4
    endloop
  endfacet
  facet normal 0.0654427 0 0.997856
    outer loop
      vertex 66.42 0 18.4
      vertex 65.5585 3 18.4565
      vertex 65.5585 0 18.4565
    endloop
  endfacet
  facet normal 0.98079 -0 0.195069
    outer loop
      vertex 59.8765 0 24.1385
      vertex 60.0449 3 23.2918
      vertex 59.8765 3 24.1385
    endloop
  endfacet
  facet normal 0.98079 0 0.195069
    outer loop
      vertex 60.0449 3 23.2918
      vertex 59.8765 0 24.1385
      vertex 60.0449 0 23.2918
    endloop
  endfacet
  facet normal 0.195069 0 0.98079
    outer loop
      vertex 64.7118 3 18.6249
      vertex 65.5585 0 18.4565
      vertex 65.5585 3 18.4565
    endloop
  endfacet
  facet normal 0.195069 0 0.98079
    outer loop
      vertex 65.5585 0 18.4565
      vertex 64.7118 3 18.6249
      vertex 64.7118 0 18.6249
    endloop
  endfacet
  facet normal -0.321435 0 0.946931
    outer loop
      vertex 68.1282 3 18.6249
      vertex 68.9457 0 18.9024
      vertex 68.9457 3 18.9024
    endloop
  endfacet
  facet normal -0.321435 0 0.946931
    outer loop
      vertex 68.9457 0 18.9024
      vertex 68.1282 3 18.6249
      vertex 68.1282 0 18.6249
    endloop
  endfacet
  facet normal 0.946931 -0 0.321435
    outer loop
      vertex 60.0449 0 23.2918
      vertex 60.3224 3 22.4743
      vertex 60.0449 3 23.2918
    endloop
  endfacet
  facet normal 0.946931 0 0.321435
    outer loop
      vertex 60.3224 3 22.4743
      vertex 60.0449 0 23.2918
      vertex 60.3224 0 22.4743
    endloop
  endfacet
  facet normal 0.896892 -0 0.442249
    outer loop
      vertex 60.3224 0 22.4743
      vertex 60.7042 3 21.7
      vertex 60.3224 3 22.4743
    endloop
  endfacet
  facet normal 0.896892 0 0.442249
    outer loop
      vertex 60.7042 3 21.7
      vertex 60.3224 0 22.4743
      vertex 60.7042 0 21.7
    endloop
  endfacet
  facet normal 0.831426 -0 0.555635
    outer loop
      vertex 60.7042 0 21.7
      vertex 61.1839 3 20.9822
      vertex 60.7042 3 21.7
    endloop
  endfacet
  facet normal 0.831426 0 0.555635
    outer loop
      vertex 61.1839 3 20.9822
      vertex 60.7042 0 21.7
      vertex 61.1839 0 20.9822
    endloop
  endfacet
  facet normal 0.555635 0 0.831426
    outer loop
      vertex 62.4022 3 19.7639
      vertex 63.12 0 19.2842
      vertex 63.12 3 19.2842
    endloop
  endfacet
  facet normal 0.555635 0 0.831426
    outer loop
      vertex 63.12 0 19.2842
      vertex 62.4022 3 19.7639
      vertex 62.4022 0 19.7639
    endloop
  endfacet
  facet normal 0.751866 -0 0.659316
    outer loop
      vertex 61.1839 0 20.9822
      vertex 61.7531 3 20.3331
      vertex 61.1839 3 20.9822
    endloop
  endfacet
  facet normal 0.751866 0 0.659316
    outer loop
      vertex 61.7531 3 20.3331
      vertex 61.1839 0 20.9822
      vertex 61.7531 0 20.3331
    endloop
  endfacet
  facet normal -0.195069 0 0.98079
    outer loop
      vertex 67.2815 3 18.4565
      vertex 68.1282 0 18.6249
      vertex 68.1282 3 18.6249
    endloop
  endfacet
  facet normal -0.195069 0 0.98079
    outer loop
      vertex 68.1282 0 18.6249
      vertex 67.2815 3 18.4565
      vertex 67.2815 0 18.4565
    endloop
  endfacet
  facet normal 0.831426 0 -0.555635
    outer loop
      vertex 61.1839 0 29.0178
      vertex 60.7042 3 28.3
      vertex 61.1839 3 29.0178
    endloop
  endfacet
  facet normal 0.831426 0 -0.555635
    outer loop
      vertex 60.7042 3 28.3
      vertex 61.1839 0 29.0178
      vertex 60.7042 0 28.3
    endloop
  endfacet
  facet normal -0.321383 0 -0.946949
    outer loop
      vertex 40.447 0 26.341
      vertex 41.3884 3 26.0215
      vertex 41.3884 0 26.0215
    endloop
  endfacet
  facet normal -0.321383 0 -0.946949
    outer loop
      vertex 41.3884 3 26.0215
      vertex 40.447 0 26.341
      vertex 40.447 3 26.341
    endloop
  endfacet
  facet normal -0.065384 0 -0.99786
    outer loop
      vertex 38.48 0 26.6
      vertex 39.472 3 26.535
      vertex 39.472 0 26.535
    endloop
  endfacet
  facet normal -0.065384 0 -0.99786
    outer loop
      vertex 39.472 3 26.535
      vertex 38.48 0 26.6
      vertex 38.48 3 26.6
    endloop
  endfacet
  facet normal -0.831477 0 0.555559
    outer loop
      vertex 44.5095 0 14.3734
      vertex 45.0618 3 15.2
      vertex 44.5095 3 14.3734
    endloop
  endfacet
  facet normal -0.831477 0 0.555559
    outer loop
      vertex 45.0618 3 15.2
      vertex 44.5095 0 14.3734
      vertex 45.0618 0 15.2
    endloop
  endfacet
  facet normal -0.195149 0 0.980774
    outer loop
      vertex 39.472 3 11.465
      vertex 40.447 0 11.659
      vertex 40.447 3 11.659
    endloop
  endfacet
  facet normal -0.195149 0 0.980774
    outer loop
      vertex 40.447 0 11.659
      vertex 39.472 3 11.465
      vertex 39.472 0 11.465
    endloop
  endfacet
  facet normal -0.896868 0 0.442298
    outer loop
      vertex 45.0618 0 15.2
      vertex 45.5015 3 16.0916
      vertex 45.0618 3 15.2
    endloop
  endfacet
  facet normal -0.896868 0 0.442298
    outer loop
      vertex 45.5015 3 16.0916
      vertex 45.0618 0 15.2
      vertex 45.5015 0 16.0916
    endloop
  endfacet
  facet normal 0.195149 0 -0.980774
    outer loop
      vertex 36.513 0 26.341
      vertex 37.488 3 26.535
      vertex 37.488 0 26.535
    endloop
  endfacet
  facet normal 0.195149 0 -0.980774
    outer loop
      vertex 37.488 3 26.535
      vertex 36.513 0 26.341
      vertex 36.513 3 26.341
    endloop
  endfacet
  facet normal 0.751816 0 -0.659373
    outer loop
      vertex 33.106 0 24.374
      vertex 32.4505 3 23.6266
      vertex 33.106 3 24.374
    endloop
  endfacet
  facet normal 0.751816 0 -0.659373
    outer loop
      vertex 32.4505 3 23.6266
      vertex 33.106 0 24.374
      vertex 32.4505 0 23.6266
    endloop
  endfacet
  facet normal -0.99786 0 0.065384
    outer loop
      vertex 46.015 0 18.008
      vertex 46.08 3 19
      vertex 46.015 3 18.008
    endloop
  endfacet
  facet normal -0.99786 0 0.065384
    outer loop
      vertex 46.08 3 19
      vertex 46.015 0 18.008
      vertex 46.08 0 19
    endloop
  endfacet
  facet normal 0.99786 -0 0.065384
    outer loop
      vertex 30.88 0 19
      vertex 30.945 3 18.008
      vertex 30.88 3 19
    endloop
  endfacet
  facet normal 0.99786 0 0.065384
    outer loop
      vertex 30.945 3 18.008
      vertex 30.88 0 19
      vertex 30.945 0 18.008
    endloop
  endfacet
  facet normal 0.321383 0 -0.946949
    outer loop
      vertex 35.5716 0 26.0215
      vertex 36.513 3 26.341
      vertex 36.513 0 26.341
    endloop
  endfacet
  facet normal 0.321383 0 -0.946949
    outer loop
      vertex 36.513 3 26.341
      vertex 35.5716 0 26.0215
      vertex 35.5716 3 26.0215
    endloop
  endfacet
  facet normal -0.442298 0 -0.896868
    outer loop
      vertex 41.3884 0 26.0215
      vertex 42.28 3 25.5818
      vertex 42.28 0 25.5818
    endloop
  endfacet
  facet normal -0.442298 0 -0.896868
    outer loop
      vertex 42.28 3 25.5818
      vertex 41.3884 0 26.0215
      vertex 41.3884 3 26.0215
    endloop
  endfacet
  facet normal -0.195149 0 -0.980774
    outer loop
      vertex 39.472 0 26.535
      vertex 40.447 3 26.341
      vertex 40.447 0 26.341
    endloop
  endfacet
  facet normal -0.195149 0 -0.980774
    outer loop
      vertex 40.447 3 26.341
      vertex 39.472 0 26.535
      vertex 39.472 3 26.535
    endloop
  endfacet
  facet normal -0.751816 0 0.659373
    outer loop
      vertex 43.854 0 13.626
      vertex 44.5095 3 14.3734
      vertex 43.854 3 13.626
    endloop
  endfacet
  facet normal -0.751816 0 0.659373
    outer loop
      vertex 44.5095 3 14.3734
      vertex 43.854 0 13.626
      vertex 44.5095 0 14.3734
    endloop
  endfacet
  facet normal -0.831477 0 -0.555559
    outer loop
      vertex 45.0618 0 22.8
      vertex 44.5095 3 23.6266
      vertex 45.0618 3 22.8
    endloop
  endfacet
  facet normal -0.831477 -0 -0.555559
    outer loop
      vertex 44.5095 3 23.6266
      vertex 45.0618 0 22.8
      vertex 44.5095 0 23.6266
    endloop
  endfacet
  facet normal 0.555559 0 0.831477
    outer loop
      vertex 33.8534 3 12.9705
      vertex 34.68 0 12.4182
      vertex 34.68 3 12.4182
    endloop
  endfacet
  facet normal 0.555559 0 0.831477
    outer loop
      vertex 34.68 0 12.4182
      vertex 33.8534 3 12.9705
      vertex 33.8534 0 12.9705
    endloop
  endfacet
  facet normal 0.659373 0 0.751816
    outer loop
      vertex 33.106 3 13.626
      vertex 33.8534 0 12.9705
      vertex 33.8534 3 12.9705
    endloop
  endfacet
  facet normal 0.659373 0 0.751816
    outer loop
      vertex 33.8534 0 12.9705
      vertex 33.106 3 13.626
      vertex 33.106 0 13.626
    endloop
  endfacet
  facet normal 0.896868 0 -0.442298
    outer loop
      vertex 31.8982 0 22.8
      vertex 31.4585 3 21.9084
      vertex 31.8982 3 22.8
    endloop
  endfacet
  facet normal 0.896868 0 -0.442298
    outer loop
      vertex 31.4585 3 21.9084
      vertex 31.8982 0 22.8
      vertex 31.4585 0 21.9084
    endloop
  endfacet
  facet normal -0.946949 0 0.321383
    outer loop
      vertex 45.5015 0 16.0916
      vertex 45.821 3 17.033
      vertex 45.5015 3 16.0916
    endloop
  endfacet
  facet normal -0.946949 0 0.321383
    outer loop
      vertex 45.821 3 17.033
      vertex 45.5015 0 16.0916
      vertex 45.821 0 17.033
    endloop
  endfacet
  facet normal -0.555559 0 0.831477
    outer loop
      vertex 42.28 3 12.4182
      vertex 43.1066 0 12.9705
      vertex 43.1066 3 12.9705
    endloop
  endfacet
  facet normal -0.555559 0 0.831477
    outer loop
      vertex 43.1066 0 12.9705
      vertex 42.28 3 12.4182
      vertex 42.28 0 12.4182
    endloop
  endfacet
  facet normal -0.751816 0 -0.659373
    outer loop
      vertex 44.5095 0 23.6266
      vertex 43.854 3 24.374
      vertex 44.5095 3 23.6266
    endloop
  endfacet
  facet normal -0.751816 -0 -0.659373
    outer loop
      vertex 43.854 3 24.374
      vertex 44.5095 0 23.6266
      vertex 43.854 0 24.374
    endloop
  endfacet
  facet normal -0.659373 0 0.751816
    outer loop
      vertex 43.1066 3 12.9705
      vertex 43.854 0 13.626
      vertex 43.854 3 13.626
    endloop
  endfacet
  facet normal -0.659373 0 0.751816
    outer loop
      vertex 43.854 0 13.626
      vertex 43.1066 3 12.9705
      vertex 43.1066 0 12.9705
    endloop
  endfacet
  facet normal -0.99786 0 -0.065384
    outer loop
      vertex 46.08 0 19
      vertex 46.015 3 19.992
      vertex 46.08 3 19
    endloop
  endfacet
  facet normal -0.99786 -0 -0.065384
    outer loop
      vertex 46.015 3 19.992
      vertex 46.08 0 19
      vertex 46.015 0 19.992
    endloop
  endfacet
  facet normal -0.980774 0 0.195149
    outer loop
      vertex 45.821 0 17.033
      vertex 46.015 3 18.008
      vertex 45.821 3 17.033
    endloop
  endfacet
  facet normal -0.980774 0 0.195149
    outer loop
      vertex 46.015 3 18.008
      vertex 45.821 0 17.033
      vertex 46.015 0 18.008
    endloop
  endfacet
  facet normal 0.195149 0 0.980774
    outer loop
      vertex 36.513 3 11.659
      vertex 37.488 0 11.465
      vertex 37.488 3 11.465
    endloop
  endfacet
  facet normal 0.195149 0 0.980774
    outer loop
      vertex 37.488 0 11.465
      vertex 36.513 3 11.659
      vertex 36.513 0 11.659
    endloop
  endfacet
  facet normal -0.442298 0 0.896868
    outer loop
      vertex 41.3884 3 11.9785
      vertex 42.28 0 12.4182
      vertex 42.28 3 12.4182
    endloop
  endfacet
  facet normal -0.442298 0 0.896868
    outer loop
      vertex 42.28 0 12.4182
      vertex 41.3884 3 11.9785
      vertex 41.3884 0 11.9785
    endloop
  endfacet
  facet normal 0.751816 -0 0.659373
    outer loop
      vertex 32.4505 0 14.3734
      vertex 33.106 3 13.626
      vertex 32.4505 3 14.3734
    endloop
  endfacet
  facet normal 0.751816 0 0.659373
    outer loop
      vertex 33.106 3 13.626
      vertex 32.4505 0 14.3734
      vertex 33.106 0 13.626
    endloop
  endfacet
  facet normal -0.321383 0 0.946949
    outer loop
      vertex 40.447 3 11.659
      vertex 41.3884 0 11.9785
      vertex 41.3884 3 11.9785
    endloop
  endfacet
  facet normal -0.321383 0 0.946949
    outer loop
      vertex 41.3884 0 11.9785
      vertex 40.447 3 11.659
      vertex 40.447 0 11.659
    endloop
  endfacet
  facet normal -0.659373 0 -0.751816
    outer loop
      vertex 43.1066 0 25.0295
      vertex 43.854 3 24.374
      vertex 43.854 0 24.374
    endloop
  endfacet
  facet normal -0.659373 0 -0.751816
    outer loop
      vertex 43.854 3 24.374
      vertex 43.1066 0 25.0295
      vertex 43.1066 3 25.0295
    endloop
  endfacet
  facet normal -0.555559 0 -0.831477
    outer loop
      vertex 42.28 0 25.5818
      vertex 43.1066 3 25.0295
      vertex 43.1066 0 25.0295
    endloop
  endfacet
  facet normal -0.555559 0 -0.831477
    outer loop
      vertex 43.1066 3 25.0295
      vertex 42.28 0 25.5818
      vertex 42.28 3 25.5818
    endloop
  endfacet
  facet normal -0.896868 0 -0.442298
    outer loop
      vertex 45.5015 0 21.9084
      vertex 45.0618 3 22.8
      vertex 45.5015 3 21.9084
    endloop
  endfacet
  facet normal -0.896868 -0 -0.442298
    outer loop
      vertex 45.0618 3 22.8
      vertex 45.5015 0 21.9084
      vertex 45.0618 0 22.8
    endloop
  endfacet
  facet normal 0.831477 -0 0.555559
    outer loop
      vertex 31.8982 0 15.2
      vertex 32.4505 3 14.3734
      vertex 31.8982 3 15.2
    endloop
  endfacet
  facet normal 0.831477 0 0.555559
    outer loop
      vertex 32.4505 3 14.3734
      vertex 31.8982 0 15.2
      vertex 32.4505 0 14.3734
    endloop
  endfacet
  facet normal 0.555559 0 -0.831477
    outer loop
      vertex 33.8534 0 25.0295
      vertex 34.68 3 25.5818
      vertex 34.68 0 25.5818
    endloop
  endfacet
  facet normal 0.555559 0 -0.831477
    outer loop
      vertex 34.68 3 25.5818
      vertex 33.8534 0 25.0295
      vertex 33.8534 3 25.0295
    endloop
  endfacet
  facet normal 0.831477 0 -0.555559
    outer loop
      vertex 32.4505 0 23.6266
      vertex 31.8982 3 22.8
      vertex 32.4505 3 23.6266
    endloop
  endfacet
  facet normal 0.831477 0 -0.555559
    outer loop
      vertex 31.8982 3 22.8
      vertex 32.4505 0 23.6266
      vertex 31.8982 0 22.8
    endloop
  endfacet
  facet normal 0.442298 0 0.896868
    outer loop
      vertex 34.68 3 12.4182
      vertex 35.5716 0 11.9785
      vertex 35.5716 3 11.9785
    endloop
  endfacet
  facet normal 0.442298 0 0.896868
    outer loop
      vertex 35.5716 0 11.9785
      vertex 34.68 3 12.4182
      vertex 34.68 0 12.4182
    endloop
  endfacet
  facet normal -0.980774 0 -0.195149
    outer loop
      vertex 46.015 0 19.992
      vertex 45.821 3 20.967
      vertex 46.015 3 19.992
    endloop
  endfacet
  facet normal -0.980774 -0 -0.195149
    outer loop
      vertex 45.821 3 20.967
      vertex 46.015 0 19.992
      vertex 45.821 0 20.967
    endloop
  endfacet
  facet normal 0.442298 0 -0.896868
    outer loop
      vertex 34.68 0 25.5818
      vertex 35.5716 3 26.0215
      vertex 35.5716 0 26.0215
    endloop
  endfacet
  facet normal 0.442298 0 -0.896868
    outer loop
      vertex 35.5716 3 26.0215
      vertex 34.68 0 25.5818
      vertex 34.68 3 25.5818
    endloop
  endfacet
  facet normal 0.980774 0 -0.195149
    outer loop
      vertex 31.139 0 20.967
      vertex 30.945 3 19.992
      vertex 31.139 3 20.967
    endloop
  endfacet
  facet normal 0.980774 0 -0.195149
    outer loop
      vertex 30.945 3 19.992
      vertex 31.139 0 20.967
      vertex 30.945 0 19.992
    endloop
  endfacet
  facet normal 0.99786 0 -0.065384
    outer loop
      vertex 30.945 0 19.992
      vertex 30.88 3 19
      vertex 30.945 3 19.992
    endloop
  endfacet
  facet normal 0.99786 0 -0.065384
    outer loop
      vertex 30.88 3 19
      vertex 30.945 0 19.992
      vertex 30.88 0 19
    endloop
  endfacet
  facet normal 0.065384 0 0.99786
    outer loop
      vertex 37.488 3 11.465
      vertex 38.48 0 11.4
      vertex 38.48 3 11.4
    endloop
  endfacet
  facet normal 0.065384 0 0.99786
    outer loop
      vertex 38.48 0 11.4
      vertex 37.488 3 11.465
      vertex 37.488 0 11.465
    endloop
  endfacet
  facet normal 0.980774 -0 0.195149
    outer loop
      vertex 30.945 0 18.008
      vertex 31.139 3 17.033
      vertex 30.945 3 18.008
    endloop
  endfacet
  facet normal 0.980774 0 0.195149
    outer loop
      vertex 31.139 3 17.033
      vertex 30.945 0 18.008
      vertex 31.139 0 17.033
    endloop
  endfacet
  facet normal 0.321383 0 0.946949
    outer loop
      vertex 35.5716 3 11.9785
      vertex 36.513 0 11.659
      vertex 36.513 3 11.659
    endloop
  endfacet
  facet normal 0.321383 0 0.946949
    outer loop
      vertex 36.513 0 11.659
      vertex 35.5716 3 11.9785
      vertex 35.5716 0 11.9785
    endloop
  endfacet
  facet normal 0.946949 -0 0.321383
    outer loop
      vertex 31.139 0 17.033
      vertex 31.4585 3 16.0916
      vertex 31.139 3 17.033
    endloop
  endfacet
  facet normal 0.946949 0 0.321383
    outer loop
      vertex 31.4585 3 16.0916
      vertex 31.139 0 17.033
      vertex 31.4585 0 16.0916
    endloop
  endfacet
  facet normal -0.946949 0 -0.321383
    outer loop
      vertex 45.821 0 20.967
      vertex 45.5015 3 21.9084
      vertex 45.821 3 20.967
    endloop
  endfacet
  facet normal -0.946949 -0 -0.321383
    outer loop
      vertex 45.5015 3 21.9084
      vertex 45.821 0 20.967
      vertex 45.5015 0 21.9084
    endloop
  endfacet
  facet normal 0.065384 0 -0.99786
    outer loop
      vertex 37.488 0 26.535
      vertex 38.48 3 26.6
      vertex 38.48 0 26.6
    endloop
  endfacet
  facet normal 0.065384 0 -0.99786
    outer loop
      vertex 38.48 3 26.6
      vertex 37.488 0 26.535
      vertex 37.488 3 26.535
    endloop
  endfacet
  facet normal 0.659373 0 -0.751816
    outer loop
      vertex 33.106 0 24.374
      vertex 33.8534 3 25.0295
      vertex 33.8534 0 25.0295
    endloop
  endfacet
  facet normal 0.659373 0 -0.751816
    outer loop
      vertex 33.8534 3 25.0295
      vertex 33.106 0 24.374
      vertex 33.106 3 24.374
    endloop
  endfacet
  facet normal 0.946949 0 -0.321383
    outer loop
      vertex 31.4585 0 21.9084
      vertex 31.139 3 20.967
      vertex 31.4585 3 21.9084
    endloop
  endfacet
  facet normal 0.946949 0 -0.321383
    outer loop
      vertex 31.139 3 20.967
      vertex 31.4585 0 21.9084
      vertex 31.139 0 20.967
    endloop
  endfacet
  facet normal -0.065384 0 0.99786
    outer loop
      vertex 38.48 3 11.4
      vertex 39.472 0 11.465
      vertex 39.472 3 11.465
    endloop
  endfacet
  facet normal -0.065384 0 0.99786
    outer loop
      vertex 39.472 0 11.465
      vertex 38.48 3 11.4
      vertex 38.48 0 11.4
    endloop
  endfacet
  facet normal 0.896868 -0 0.442298
    outer loop
      vertex 31.4585 0 16.0916
      vertex 31.8982 3 15.2
      vertex 31.4585 3 16.0916
    endloop
  endfacet
  facet normal 0.896868 0 0.442298
    outer loop
      vertex 31.8982 3 15.2
      vertex 31.4585 0 16.0916
      vertex 31.8982 0 15.2
    endloop
  endfacet
  facet normal -0 0.442298 0.896868
    outer loop
      vertex 0 40.0916 11.9785
      vertex 3 39.2 12.4182
      vertex 3 40.0916 11.9785
    endloop
  endfacet
  facet normal 0 0.442298 0.896868
    outer loop
      vertex 3 39.2 12.4182
      vertex 0 40.0916 11.9785
      vertex 0 39.2 12.4182
    endloop
  endfacet
  facet normal 0 -0.195149 0.980774
    outer loop
      vertex 0 44.967 11.659
      vertex 3 43.992 11.465
      vertex 3 44.967 11.659
    endloop
  endfacet
  facet normal 0 -0.195149 0.980774
    outer loop
      vertex 3 43.992 11.465
      vertex 0 44.967 11.659
      vertex 0 43.992 11.465
    endloop
  endfacet
  facet normal 0 -0.321383 0.946949
    outer loop
      vertex 0 45.9084 11.9785
      vertex 3 44.967 11.659
      vertex 3 45.9084 11.9785
    endloop
  endfacet
  facet normal 0 -0.321383 0.946949
    outer loop
      vertex 3 44.967 11.659
      vertex 0 45.9084 11.9785
      vertex 0 44.967 11.659
    endloop
  endfacet
  facet normal -0 0.195149 0.980774
    outer loop
      vertex 0 42.008 11.465
      vertex 3 41.033 11.659
      vertex 3 42.008 11.465
    endloop
  endfacet
  facet normal 0 0.195149 0.980774
    outer loop
      vertex 3 41.033 11.659
      vertex 0 42.008 11.465
      vertex 0 41.033 11.659
    endloop
  endfacet
  facet normal 0 -0.946949 0.321383
    outer loop
      vertex 0 50.0215 16.0916
      vertex 3 50.341 17.033
      vertex 0 50.341 17.033
    endloop
  endfacet
  facet normal 0 -0.946949 0.321383
    outer loop
      vertex 3 50.341 17.033
      vertex 0 50.0215 16.0916
      vertex 3 50.0215 16.0916
    endloop
  endfacet
  facet normal 0 -0.442298 0.896868
    outer loop
      vertex 0 46.8 12.4182
      vertex 3 45.9084 11.9785
      vertex 3 46.8 12.4182
    endloop
  endfacet
  facet normal 0 -0.442298 0.896868
    outer loop
      vertex 3 45.9084 11.9785
      vertex 0 46.8 12.4182
      vertex 0 45.9084 11.9785
    endloop
  endfacet
  facet normal 0 -0.065384 0.99786
    outer loop
      vertex 0 43.992 11.465
      vertex 3 43 11.4
      vertex 3 43.992 11.465
    endloop
  endfacet
  facet normal 0 -0.065384 0.99786
    outer loop
      vertex 3 43 11.4
      vertex 0 43.992 11.465
      vertex 0 43 11.4
    endloop
  endfacet
  facet normal 0 0.442298 -0.896868
    outer loop
      vertex 0 39.2 25.5818
      vertex 3 40.0916 26.0215
      vertex 3 39.2 25.5818
    endloop
  endfacet
  facet normal 0 0.442298 -0.896868
    outer loop
      vertex 3 40.0916 26.0215
      vertex 0 39.2 25.5818
      vertex 0 40.0916 26.0215
    endloop
  endfacet
  facet normal 0 -0.321383 -0.946949
    outer loop
      vertex 0 44.967 26.341
      vertex 3 45.9084 26.0215
      vertex 3 44.967 26.341
    endloop
  endfacet
  facet normal -0 -0.321383 -0.946949
    outer loop
      vertex 3 45.9084 26.0215
      vertex 0 44.967 26.341
      vertex 0 45.9084 26.0215
    endloop
  endfacet
  facet normal -0 0.555559 0.831477
    outer loop
      vertex 0 39.2 12.4182
      vertex 3 38.3734 12.9705
      vertex 3 39.2 12.4182
    endloop
  endfacet
  facet normal 0 0.555559 0.831477
    outer loop
      vertex 3 38.3734 12.9705
      vertex 0 39.2 12.4182
      vertex 0 38.3734 12.9705
    endloop
  endfacet
  facet normal 0 -0.831477 -0.555559
    outer loop
      vertex 0 49.5818 22.8
      vertex 3 49.0295 23.6266
      vertex 0 49.0295 23.6266
    endloop
  endfacet
  facet normal 0 -0.831477 -0.555559
    outer loop
      vertex 3 49.0295 23.6266
      vertex 0 49.5818 22.8
      vertex 3 49.5818 22.8
    endloop
  endfacet
  facet normal 0 -0.442298 -0.896868
    outer loop
      vertex 0 45.9084 26.0215
      vertex 3 46.8 25.5818
      vertex 3 45.9084 26.0215
    endloop
  endfacet
  facet normal -0 -0.442298 -0.896868
    outer loop
      vertex 3 46.8 25.5818
      vertex 0 45.9084 26.0215
      vertex 0 46.8 25.5818
    endloop
  endfacet
  facet normal 0 0.751816 -0.659373
    outer loop
      vertex 3 36.9705 23.6266
      vertex 0 37.626 24.374
      vertex 3 37.626 24.374
    endloop
  endfacet
  facet normal 0 0.751816 -0.659373
    outer loop
      vertex 0 37.626 24.374
      vertex 3 36.9705 23.6266
      vertex 0 36.9705 23.6266
    endloop
  endfacet
  facet normal 0 -0.065384 -0.99786
    outer loop
      vertex 0 43 26.6
      vertex 3 43.992 26.535
      vertex 3 43 26.6
    endloop
  endfacet
  facet normal -0 -0.065384 -0.99786
    outer loop
      vertex 3 43.992 26.535
      vertex 0 43 26.6
      vertex 0 43.992 26.535
    endloop
  endfacet
  facet normal 0 -0.659373 -0.751816
    outer loop
      vertex 0 47.6266 25.0295
      vertex 3 48.374 24.374
      vertex 3 47.6266 25.0295
    endloop
  endfacet
  facet normal -0 -0.659373 -0.751816
    outer loop
      vertex 3 48.374 24.374
      vertex 0 47.6266 25.0295
      vertex 0 48.374 24.374
    endloop
  endfacet
  facet normal 0 -0.896868 -0.442298
    outer loop
      vertex 0 50.0215 21.9084
      vertex 3 49.5818 22.8
      vertex 0 49.5818 22.8
    endloop
  endfacet
  facet normal 0 -0.896868 -0.442298
    outer loop
      vertex 3 49.5818 22.8
      vertex 0 50.0215 21.9084
      vertex 3 50.0215 21.9084
    endloop
  endfacet
  facet normal -0 0.065384 0.99786
    outer loop
      vertex 0 43 11.4
      vertex 3 42.008 11.465
      vertex 3 43 11.4
    endloop
  endfacet
  facet normal 0 0.065384 0.99786
    outer loop
      vertex 3 42.008 11.465
      vertex 0 43 11.4
      vertex 0 42.008 11.465
    endloop
  endfacet
  facet normal 0 -0.831477 0.555559
    outer loop
      vertex 0 49.0295 14.3734
      vertex 3 49.5818 15.2
      vertex 0 49.5818 15.2
    endloop
  endfacet
  facet normal 0 -0.831477 0.555559
    outer loop
      vertex 3 49.5818 15.2
      vertex 0 49.0295 14.3734
      vertex 3 49.0295 14.3734
    endloop
  endfacet
  facet normal 0 -0.896868 0.442298
    outer loop
      vertex 0 49.5818 15.2
      vertex 3 50.0215 16.0916
      vertex 0 50.0215 16.0916
    endloop
  endfacet
  facet normal 0 -0.896868 0.442298
    outer loop
      vertex 3 50.0215 16.0916
      vertex 0 49.5818 15.2
      vertex 3 49.5818 15.2
    endloop
  endfacet
  facet normal 0 -0.555559 0.831477
    outer loop
      vertex 0 47.6266 12.9705
      vertex 3 46.8 12.4182
      vertex 3 47.6266 12.9705
    endloop
  endfacet
  facet normal 0 -0.555559 0.831477
    outer loop
      vertex 3 46.8 12.4182
      vertex 0 47.6266 12.9705
      vertex 0 46.8 12.4182
    endloop
  endfacet
  facet normal 0 -0.980774 -0.195149
    outer loop
      vertex 0 50.535 19.992
      vertex 3 50.341 20.967
      vertex 0 50.341 20.967
    endloop
  endfacet
  facet normal 0 -0.980774 -0.195149
    outer loop
      vertex 3 50.341 20.967
      vertex 0 50.535 19.992
      vertex 3 50.535 19.992
    endloop
  endfacet
  facet normal -0 0.659373 0.751816
    outer loop
      vertex 0 38.3734 12.9705
      vertex 3 37.626 13.626
      vertex 3 38.3734 12.9705
    endloop
  endfacet
  facet normal 0 0.659373 0.751816
    outer loop
      vertex 3 37.626 13.626
      vertex 0 38.3734 12.9705
      vertex 0 37.626 13.626
    endloop
  endfacet
  facet normal 0 -0.751816 0.659373
    outer loop
      vertex 0 48.374 13.626
      vertex 3 49.0295 14.3734
      vertex 0 49.0295 14.3734
    endloop
  endfacet
  facet normal 0 -0.751816 0.659373
    outer loop
      vertex 3 49.0295 14.3734
      vertex 0 48.374 13.626
      vertex 3 48.374 13.626
    endloop
  endfacet
  facet normal -0 0.321383 0.946949
    outer loop
      vertex 0 41.033 11.659
      vertex 3 40.0916 11.9785
      vertex 3 41.033 11.659
    endloop
  endfacet
  facet normal 0 0.321383 0.946949
    outer loop
      vertex 3 40.0916 11.9785
      vertex 0 41.033 11.659
      vertex 0 40.0916 11.9785
    endloop
  endfacet
  facet normal 0 0.659373 -0.751816
    outer loop
      vertex 0 37.626 24.374
      vertex 3 38.3734 25.0295
      vertex 3 37.626 24.374
    endloop
  endfacet
  facet normal 0 0.659373 -0.751816
    outer loop
      vertex 3 38.3734 25.0295
      vertex 0 37.626 24.374
      vertex 0 38.3734 25.0295
    endloop
  endfacet
  facet normal 0 -0.946949 -0.321383
    outer loop
      vertex 0 50.341 20.967
      vertex 3 50.0215 21.9084
      vertex 0 50.0215 21.9084
    endloop
  endfacet
  facet normal 0 -0.946949 -0.321383
    outer loop
      vertex 3 50.0215 21.9084
      vertex 0 50.341 20.967
      vertex 3 50.341 20.967
    endloop
  endfacet
  facet normal 0 0.980731 -0.195361
    outer loop
      vertex 3 35.6192 20.7672
      vertex 0 35.659 20.967
      vertex 3 35.659 20.967
    endloop
  endfacet
  facet normal 0 0.980731 -0.195361
    outer loop
      vertex 0 35.659 20.967
      vertex 3 35.6192 20.7672
      vertex 0 35.6192 20.7672
    endloop
  endfacet
  facet normal 0 -0.751816 -0.659373
    outer loop
      vertex 0 49.0295 23.6266
      vertex 3 48.374 24.374
      vertex 0 48.374 24.374
    endloop
  endfacet
  facet normal 0 -0.751816 -0.659373
    outer loop
      vertex 3 48.374 24.374
      vertex 0 49.0295 23.6266
      vertex 3 49.0295 23.6266
    endloop
  endfacet
  facet normal 0 -0.659373 0.751816
    outer loop
      vertex 0 48.374 13.626
      vertex 3 47.6266 12.9705
      vertex 3 48.374 13.626
    endloop
  endfacet
  facet normal 0 -0.659373 0.751816
    outer loop
      vertex 3 47.6266 12.9705
      vertex 0 48.374 13.626
      vertex 0 47.6266 12.9705
    endloop
  endfacet
  facet normal 0 0.555559 -0.831477
    outer loop
      vertex 0 38.3734 25.0295
      vertex 3 39.2 25.5818
      vertex 3 38.3734 25.0295
    endloop
  endfacet
  facet normal 0 0.555559 -0.831477
    outer loop
      vertex 3 39.2 25.5818
      vertex 0 38.3734 25.0295
      vertex 0 39.2 25.5818
    endloop
  endfacet
  facet normal 0 0.946949 -0.321383
    outer loop
      vertex 3 35.659 20.967
      vertex 0 35.9785 21.9084
      vertex 3 35.9785 21.9084
    endloop
  endfacet
  facet normal 0 0.946949 -0.321383
    outer loop
      vertex 0 35.9785 21.9084
      vertex 3 35.659 20.967
      vertex 0 35.659 20.967
    endloop
  endfacet
  facet normal 0 0.321383 -0.946949
    outer loop
      vertex 0 40.0916 26.0215
      vertex 3 41.033 26.341
      vertex 3 40.0916 26.0215
    endloop
  endfacet
  facet normal 0 0.321383 -0.946949
    outer loop
      vertex 3 41.033 26.341
      vertex 0 40.0916 26.0215
      vertex 0 41.033 26.341
    endloop
  endfacet
  facet normal 0 -0.980774 0.195149
    outer loop
      vertex 0 50.341 17.033
      vertex 3 50.535 18.008
      vertex 0 50.535 18.008
    endloop
  endfacet
  facet normal 0 -0.980774 0.195149
    outer loop
      vertex 3 50.535 18.008
      vertex 0 50.341 17.033
      vertex 3 50.341 17.033
    endloop
  endfacet
  facet normal 0 0.751816 0.659373
    outer loop
      vertex 3 37.626 13.626
      vertex 0 36.9705 14.3734
      vertex 3 36.9705 14.3734
    endloop
  endfacet
  facet normal 0 0.751816 0.659373
    outer loop
      vertex 0 36.9705 14.3734
      vertex 3 37.626 13.626
      vertex 0 37.626 13.626
    endloop
  endfacet
  facet normal 0 0.831477 -0.555559
    outer loop
      vertex 3 36.4182 22.8
      vertex 0 36.9705 23.6266
      vertex 3 36.9705 23.6266
    endloop
  endfacet
  facet normal 0 0.831477 -0.555559
    outer loop
      vertex 0 36.9705 23.6266
      vertex 3 36.4182 22.8
      vertex 0 36.4182 22.8
    endloop
  endfacet
  facet normal 0 0.831757 0.55514
    outer loop
      vertex 3 36.9705 14.3734
      vertex 0 36.9414 14.417
      vertex 3 36.9414 14.417
    endloop
  endfacet
  facet normal 0 0.831757 0.55514
    outer loop
      vertex 0 36.9414 14.417
      vertex 3 36.9705 14.3734
      vertex 0 36.9705 14.3734
    endloop
  endfacet
  facet normal 0 -0.195149 -0.980774
    outer loop
      vertex 0 43.992 26.535
      vertex 3 44.967 26.341
      vertex 3 43.992 26.535
    endloop
  endfacet
  facet normal -0 -0.195149 -0.980774
    outer loop
      vertex 3 44.967 26.341
      vertex 0 43.992 26.535
      vertex 0 44.967 26.341
    endloop
  endfacet
  facet normal 0 0.195149 -0.980774
    outer loop
      vertex 0 41.033 26.341
      vertex 3 42.008 26.535
      vertex 3 41.033 26.341
    endloop
  endfacet
  facet normal 0 0.195149 -0.980774
    outer loop
      vertex 3 42.008 26.535
      vertex 0 41.033 26.341
      vertex 0 42.008 26.535
    endloop
  endfacet
  facet normal 0 0.896868 -0.442298
    outer loop
      vertex 3 35.9785 21.9084
      vertex 0 36.4182 22.8
      vertex 3 36.4182 22.8
    endloop
  endfacet
  facet normal 0 0.896868 -0.442298
    outer loop
      vertex 0 36.4182 22.8
      vertex 3 35.9785 21.9084
      vertex 0 35.9785 21.9084
    endloop
  endfacet
  facet normal 0 0.065384 -0.99786
    outer loop
      vertex 0 42.008 26.535
      vertex 3 43 26.6
      vertex 3 42.008 26.535
    endloop
  endfacet
  facet normal 0 0.065384 -0.99786
    outer loop
      vertex 3 43 26.6
      vertex 0 42.008 26.535
      vertex 0 43 26.6
    endloop
  endfacet
  facet normal 0 -0.99786 0.065384
    outer loop
      vertex 0 50.535 18.008
      vertex 3 50.6 19
      vertex 0 50.6 19
    endloop
  endfacet
  facet normal 0 -0.99786 0.065384
    outer loop
      vertex 3 50.6 19
      vertex 0 50.535 18.008
      vertex 3 50.535 18.008
    endloop
  endfacet
  facet normal 0 -0.99786 -0.065384
    outer loop
      vertex 0 50.6 19
      vertex 3 50.535 19.992
      vertex 0 50.535 19.992
    endloop
  endfacet
  facet normal 0 -0.99786 -0.065384
    outer loop
      vertex 3 50.535 19.992
      vertex 0 50.6 19
      vertex 3 50.6 19
    endloop
  endfacet
  facet normal 0 -0.555559 -0.831477
    outer loop
      vertex 0 46.8 25.5818
      vertex 3 47.6266 25.0295
      vertex 3 46.8 25.5818
    endloop
  endfacet
  facet normal -0 -0.555559 -0.831477
    outer loop
      vertex 3 47.6266 25.0295
      vertex 0 46.8 25.5818
      vertex 0 47.6266 25.0295
    endloop
  endfacet
  facet normal -0 0.321586 0.94688
    outer loop
      vertex 163 32.9388 14.4607
      vertex 166 32.5363 14.5974
      vertex 166 32.9388 14.4607
    endloop
  endfacet
  facet normal 0 0.321586 0.94688
    outer loop
      vertex 166 32.5363 14.5974
      vertex 163 32.9388 14.4607
      vertex 163 32.5363 14.5974
    endloop
  endfacet
  facet normal 0 -0.321586 0.94688
    outer loop
      vertex 163 35.0237 14.5974
      vertex 166 34.6212 14.4607
      vertex 166 35.0237 14.5974
    endloop
  endfacet
  facet normal 0 -0.321586 0.94688
    outer loop
      vertex 166 34.6212 14.4607
      vertex 163 35.0237 14.5974
      vertex 163 34.6212 14.4607
    endloop
  endfacet
  facet normal 0 -0.555568 0.831471
    outer loop
      vertex 163 35.7585 15.0216
      vertex 166 35.405 14.7854
      vertex 166 35.7585 15.0216
    endloop
  endfacet
  facet normal 0 -0.555568 0.831471
    outer loop
      vertex 166 35.405 14.7854
      vertex 163 35.7585 15.0216
      vertex 163 35.405 14.7854
    endloop
  endfacet
  facet normal 0 -0.94688 -0.321586
    outer loop
      vertex 163 36.9193 18.4412
      vertex 166 36.7826 18.8437
      vertex 163 36.7826 18.8437
    endloop
  endfacet
  facet normal 0 -0.94688 -0.321586
    outer loop
      vertex 166 36.7826 18.8437
      vertex 163 36.9193 18.4412
      vertex 166 36.9193 18.4412
    endloop
  endfacet
  facet normal 0 -0.0653948 0.997859
    outer loop
      vertex 163 34.2042 14.3778
      vertex 166 33.78 14.35
      vertex 166 34.2042 14.3778
    endloop
  endfacet
  facet normal 0 -0.0653948 0.997859
    outer loop
      vertex 166 33.78 14.35
      vertex 163 34.2042 14.3778
      vertex 163 33.78 14.35
    endloop
  endfacet
  facet normal 0 -0.44222 0.896907
    outer loop
      vertex 163 35.405 14.7854
      vertex 166 35.0237 14.5974
      vertex 166 35.405 14.7854
    endloop
  endfacet
  facet normal 0 -0.44222 0.896907
    outer loop
      vertex 166 35.0237 14.5974
      vertex 163 35.405 14.7854
      vertex 163 35.0237 14.5974
    endloop
  endfacet
  facet normal -0 0.194985 0.980806
    outer loop
      vertex 163 33.3558 14.3778
      vertex 166 32.9388 14.4607
      vertex 166 33.3558 14.3778
    endloop
  endfacet
  facet normal 0 0.194985 0.980806
    outer loop
      vertex 166 32.9388 14.4607
      vertex 163 33.3558 14.3778
      vertex 163 32.9388 14.4607
    endloop
  endfacet
  facet normal 0 0.896907 0.44222
    outer loop
      vertex 166 30.9654 15.975
      vertex 163 30.7774 16.3563
      vertex 166 30.7774 16.3563
    endloop
  endfacet
  facet normal 0 0.896907 0.44222
    outer loop
      vertex 163 30.7774 16.3563
      vertex 166 30.9654 15.975
      vertex 163 30.9654 15.975
    endloop
  endfacet
  facet normal 0 -0.980806 0.194985
    outer loop
      vertex 163 36.9193 16.7588
      vertex 166 37.0022 17.1758
      vertex 163 37.0022 17.1758
    endloop
  endfacet
  facet normal 0 -0.980806 0.194985
    outer loop
      vertex 166 37.0022 17.1758
      vertex 163 36.9193 16.7588
      vertex 166 36.9193 16.7588
    endloop
  endfacet
  facet normal 0 -0.194985 -0.980806
    outer loop
      vertex 163 34.2042 20.8222
      vertex 166 34.6212 20.7393
      vertex 166 34.2042 20.8222
    endloop
  endfacet
  facet normal -0 -0.194985 -0.980806
    outer loop
      vertex 166 34.6212 20.7393
      vertex 163 34.2042 20.8222
      vertex 163 34.6212 20.7393
    endloop
  endfacet
  facet normal 0 0.980806 0.194985
    outer loop
      vertex 166 30.6407 16.7588
      vertex 163 30.5578 17.1758
      vertex 166 30.5578 17.1758
    endloop
  endfacet
  facet normal 0 0.980806 0.194985
    outer loop
      vertex 163 30.5578 17.1758
      vertex 166 30.6407 16.7588
      vertex 163 30.6407 16.7588
    endloop
  endfacet
  facet normal 0 0.831471 -0.555568
    outer loop
      vertex 166 30.9654 19.225
      vertex 163 31.2016 19.5785
      vertex 166 31.2016 19.5785
    endloop
  endfacet
  facet normal 0 0.831471 -0.555568
    outer loop
      vertex 163 31.2016 19.5785
      vertex 166 30.9654 19.225
      vertex 163 30.9654 19.225
    endloop
  endfacet
  facet normal 0 -0.65937 -0.751818
    outer loop
      vertex 163 35.7585 20.1784
      vertex 166 36.0781 19.8981
      vertex 166 35.7585 20.1784
    endloop
  endfacet
  facet normal -0 -0.65937 -0.751818
    outer loop
      vertex 166 36.0781 19.8981
      vertex 163 35.7585 20.1784
      vertex 163 36.0781 19.8981
    endloop
  endfacet
  facet normal 0 -0.831471 0.555568
    outer loop
      vertex 163 36.3584 15.6215
      vertex 166 36.5946 15.975
      vertex 163 36.5946 15.975
    endloop
  endfacet
  facet normal 0 -0.831471 0.555568
    outer loop
      vertex 166 36.5946 15.975
      vertex 163 36.3584 15.6215
      vertex 166 36.3584 15.6215
    endloop
  endfacet
  facet normal -0 0.44222 0.896907
    outer loop
      vertex 163 32.5363 14.5974
      vertex 166 32.155 14.7854
      vertex 166 32.5363 14.5974
    endloop
  endfacet
  facet normal 0 0.44222 0.896907
    outer loop
      vertex 166 32.155 14.7854
      vertex 163 32.5363 14.5974
      vertex 163 32.155 14.7854
    endloop
  endfacet
  facet normal 0 0.831471 0.555568
    outer loop
      vertex 166 31.2016 15.6215
      vertex 163 30.9654 15.975
      vertex 166 30.9654 15.975
    endloop
  endfacet
  facet normal 0 0.831471 0.555568
    outer loop
      vertex 163 30.9654 15.975
      vertex 166 31.2016 15.6215
      vertex 163 31.2016 15.6215
    endloop
  endfacet
  facet normal 0 0.980806 -0.194985
    outer loop
      vertex 166 30.5578 18.0242
      vertex 163 30.6407 18.4412
      vertex 166 30.6407 18.4412
    endloop
  endfacet
  facet normal 0 0.980806 -0.194985
    outer loop
      vertex 163 30.6407 18.4412
      vertex 166 30.5578 18.0242
      vertex 163 30.5578 18.0242
    endloop
  endfacet
  facet normal 0 -0.555568 -0.831471
    outer loop
      vertex 163 35.405 20.4146
      vertex 166 35.7585 20.1784
      vertex 166 35.405 20.4146
    endloop
  endfacet
  facet normal -0 -0.555568 -0.831471
    outer loop
      vertex 166 35.7585 20.1784
      vertex 163 35.405 20.4146
      vertex 163 35.7585 20.1784
    endloop
  endfacet
  facet normal 0 -0.980806 -0.194985
    outer loop
      vertex 163 37.0022 18.0242
      vertex 166 36.9193 18.4412
      vertex 163 36.9193 18.4412
    endloop
  endfacet
  facet normal 0 -0.980806 -0.194985
    outer loop
      vertex 166 36.9193 18.4412
      vertex 163 37.0022 18.0242
      vertex 166 37.0022 18.0242
    endloop
  endfacet
  facet normal 0 -0.997859 0.0653948
    outer loop
      vertex 163 37.0022 17.1758
      vertex 166 37.03 17.6
      vertex 163 37.03 17.6
    endloop
  endfacet
  facet normal 0 -0.997859 0.0653948
    outer loop
      vertex 166 37.03 17.6
      vertex 163 37.0022 17.1758
      vertex 166 37.0022 17.1758
    endloop
  endfacet
  facet normal 0 0.555568 -0.831471
    outer loop
      vertex 163 31.8015 20.1784
      vertex 166 32.155 20.4146
      vertex 166 31.8015 20.1784
    endloop
  endfacet
  facet normal 0 0.555568 -0.831471
    outer loop
      vertex 166 32.155 20.4146
      vertex 163 31.8015 20.1784
      vertex 163 32.155 20.4146
    endloop
  endfacet
  facet normal 0 0.65937 -0.751818
    outer loop
      vertex 163 31.4819 19.8981
      vertex 166 31.8015 20.1784
      vertex 166 31.4819 19.8981
    endloop
  endfacet
  facet normal 0 0.65937 -0.751818
    outer loop
      vertex 166 31.8015 20.1784
      vertex 163 31.4819 19.8981
      vertex 163 31.8015 20.1784
    endloop
  endfacet
  facet normal 0 0.44222 -0.896907
    outer loop
      vertex 163 32.155 20.4146
      vertex 166 32.5363 20.6026
      vertex 166 32.155 20.4146
    endloop
  endfacet
  facet normal 0 0.44222 -0.896907
    outer loop
      vertex 166 32.5363 20.6026
      vertex 163 32.155 20.4146
      vertex 163 32.5363 20.6026
    endloop
  endfacet
  facet normal 0 0.751818 0.65937
    outer loop
      vertex 166 31.4819 15.3019
      vertex 163 31.2016 15.6215
      vertex 166 31.2016 15.6215
    endloop
  endfacet
  facet normal 0 0.751818 0.65937
    outer loop
      vertex 163 31.2016 15.6215
      vertex 166 31.4819 15.3019
      vertex 163 31.4819 15.3019
    endloop
  endfacet
  facet normal 0 -0.65937 0.751818
    outer loop
      vertex 163 36.0781 15.3019
      vertex 166 35.7585 15.0216
      vertex 166 36.0781 15.3019
    endloop
  endfacet
  facet normal 0 -0.65937 0.751818
    outer loop
      vertex 166 35.7585 15.0216
      vertex 163 36.0781 15.3019
      vertex 163 35.7585 15.0216
    endloop
  endfacet
  facet normal 0 -0.751818 0.65937
    outer loop
      vertex 163 36.0781 15.3019
      vertex 166 36.3584 15.6215
      vertex 163 36.3584 15.6215
    endloop
  endfacet
  facet normal 0 -0.751818 0.65937
    outer loop
      vertex 166 36.3584 15.6215
      vertex 163 36.0781 15.3019
      vertex 166 36.0781 15.3019
    endloop
  endfacet
  facet normal 0 0.321586 -0.94688
    outer loop
      vertex 163 32.5363 20.6026
      vertex 166 32.9388 20.7393
      vertex 166 32.5363 20.6026
    endloop
  endfacet
  facet normal 0 0.321586 -0.94688
    outer loop
      vertex 166 32.9388 20.7393
      vertex 163 32.5363 20.6026
      vertex 163 32.9388 20.7393
    endloop
  endfacet
  facet normal 0 -0.896907 -0.44222
    outer loop
      vertex 163 36.7826 18.8437
      vertex 166 36.5946 19.225
      vertex 163 36.5946 19.225
    endloop
  endfacet
  facet normal 0 -0.896907 -0.44222
    outer loop
      vertex 166 36.5946 19.225
      vertex 163 36.7826 18.8437
      vertex 166 36.7826 18.8437
    endloop
  endfacet
  facet normal -0 0.65937 0.751818
    outer loop
      vertex 163 31.8015 15.0216
      vertex 166 31.4819 15.3019
      vertex 166 31.8015 15.0216
    endloop
  endfacet
  facet normal 0 0.65937 0.751818
    outer loop
      vertex 166 31.4819 15.3019
      vertex 163 31.8015 15.0216
      vertex 163 31.4819 15.3019
    endloop
  endfacet
  facet normal 0 -0.896907 0.44222
    outer loop
      vertex 163 36.5946 15.975
      vertex 166 36.7826 16.3563
      vertex 163 36.7826 16.3563
    endloop
  endfacet
  facet normal 0 -0.896907 0.44222
    outer loop
      vertex 166 36.7826 16.3563
      vertex 163 36.5946 15.975
      vertex 166 36.5946 15.975
    endloop
  endfacet
  facet normal -0 0.555568 0.831471
    outer loop
      vertex 163 32.155 14.7854
      vertex 166 31.8015 15.0216
      vertex 166 32.155 14.7854
    endloop
  endfacet
  facet normal 0 0.555568 0.831471
    outer loop
      vertex 166 31.8015 15.0216
      vertex 163 32.155 14.7854
      vertex 163 31.8015 15.0216
    endloop
  endfacet
  facet normal 0 -0.194985 0.980806
    outer loop
      vertex 163 34.6212 14.4607
      vertex 166 34.2042 14.3778
      vertex 166 34.6212 14.4607
    endloop
  endfacet
  facet normal 0 -0.194985 0.980806
    outer loop
      vertex 166 34.2042 14.3778
      vertex 163 34.6212 14.4607
      vertex 163 34.2042 14.3778
    endloop
  endfacet
  facet normal -0 0.0653948 0.997859
    outer loop
      vertex 163 33.78 14.35
      vertex 166 33.3558 14.3778
      vertex 166 33.78 14.35
    endloop
  endfacet
  facet normal 0 0.0653948 0.997859
    outer loop
      vertex 166 33.3558 14.3778
      vertex 163 33.78 14.35
      vertex 163 33.3558 14.3778
    endloop
  endfacet
  facet normal 0 0.94688 0.321586
    outer loop
      vertex 166 30.7774 16.3563
      vertex 163 30.6407 16.7588
      vertex 166 30.6407 16.7588
    endloop
  endfacet
  facet normal 0 0.94688 0.321586
    outer loop
      vertex 163 30.6407 16.7588
      vertex 166 30.7774 16.3563
      vertex 163 30.7774 16.3563
    endloop
  endfacet
  facet normal 0 -0.997859 -0.0653948
    outer loop
      vertex 163 37.03 17.6
      vertex 166 37.0022 18.0242
      vertex 163 37.0022 18.0242
    endloop
  endfacet
  facet normal 0 -0.997859 -0.0653948
    outer loop
      vertex 166 37.0022 18.0242
      vertex 163 37.03 17.6
      vertex 166 37.03 17.6
    endloop
  endfacet
  facet normal 0 -0.321586 -0.94688
    outer loop
      vertex 163 34.6212 20.7393
      vertex 166 35.0237 20.6026
      vertex 166 34.6212 20.7393
    endloop
  endfacet
  facet normal -0 -0.321586 -0.94688
    outer loop
      vertex 166 35.0237 20.6026
      vertex 163 34.6212 20.7393
      vertex 163 35.0237 20.6026
    endloop
  endfacet
  facet normal 0 0.896907 -0.44222
    outer loop
      vertex 166 30.7774 18.8437
      vertex 163 30.9654 19.225
      vertex 166 30.9654 19.225
    endloop
  endfacet
  facet normal 0 0.896907 -0.44222
    outer loop
      vertex 163 30.9654 19.225
      vertex 166 30.7774 18.8437
      vertex 163 30.7774 18.8437
    endloop
  endfacet
  facet normal 0 0.997859 0.0653948
    outer loop
      vertex 166 30.5578 17.1758
      vertex 163 30.53 17.6
      vertex 166 30.53 17.6
    endloop
  endfacet
  facet normal 0 0.997859 0.0653948
    outer loop
      vertex 163 30.53 17.6
      vertex 166 30.5578 17.1758
      vertex 163 30.5578 17.1758
    endloop
  endfacet
  facet normal 0 -0.831471 -0.555568
    outer loop
      vertex 163 36.5946 19.225
      vertex 166 36.3584 19.5785
      vertex 163 36.3584 19.5785
    endloop
  endfacet
  facet normal 0 -0.831471 -0.555568
    outer loop
      vertex 166 36.3584 19.5785
      vertex 163 36.5946 19.225
      vertex 166 36.5946 19.225
    endloop
  endfacet
  facet normal 0 0.0653948 -0.997859
    outer loop
      vertex 163 33.3558 20.8222
      vertex 166 33.78 20.85
      vertex 166 33.3558 20.8222
    endloop
  endfacet
  facet normal 0 0.0653948 -0.997859
    outer loop
      vertex 166 33.78 20.85
      vertex 163 33.3558 20.8222
      vertex 163 33.78 20.85
    endloop
  endfacet
  facet normal 0 -0.94688 0.321586
    outer loop
      vertex 163 36.7826 16.3563
      vertex 166 36.9193 16.7588
      vertex 163 36.9193 16.7588
    endloop
  endfacet
  facet normal 0 -0.94688 0.321586
    outer loop
      vertex 166 36.9193 16.7588
      vertex 163 36.7826 16.3563
      vertex 166 36.7826 16.3563
    endloop
  endfacet
  facet normal 0 0.194985 -0.980806
    outer loop
      vertex 163 32.9388 20.7393
      vertex 166 33.3558 20.8222
      vertex 166 32.9388 20.7393
    endloop
  endfacet
  facet normal 0 0.194985 -0.980806
    outer loop
      vertex 166 33.3558 20.8222
      vertex 163 32.9388 20.7393
      vertex 163 33.3558 20.8222
    endloop
  endfacet
  facet normal 0 -0.751818 -0.65937
    outer loop
      vertex 163 36.3584 19.5785
      vertex 166 36.0781 19.8981
      vertex 163 36.0781 19.8981
    endloop
  endfacet
  facet normal 0 -0.751818 -0.65937
    outer loop
      vertex 166 36.0781 19.8981
      vertex 163 36.3584 19.5785
      vertex 166 36.3584 19.5785
    endloop
  endfacet
  facet normal 0 0.94688 -0.321586
    outer loop
      vertex 166 30.6407 18.4412
      vertex 163 30.7774 18.8437
      vertex 166 30.7774 18.8437
    endloop
  endfacet
  facet normal 0 0.94688 -0.321586
    outer loop
      vertex 163 30.7774 18.8437
      vertex 166 30.6407 18.4412
      vertex 163 30.6407 18.4412
    endloop
  endfacet
  facet normal 0 -0.0653948 -0.997859
    outer loop
      vertex 163 33.78 20.85
      vertex 166 34.2042 20.8222
      vertex 166 33.78 20.85
    endloop
  endfacet
  facet normal -0 -0.0653948 -0.997859
    outer loop
      vertex 166 34.2042 20.8222
      vertex 163 33.78 20.85
      vertex 163 34.2042 20.8222
    endloop
  endfacet
  facet normal 0 -0.44222 -0.896907
    outer loop
      vertex 163 35.0237 20.6026
      vertex 166 35.405 20.4146
      vertex 166 35.0237 20.6026
    endloop
  endfacet
  facet normal -0 -0.44222 -0.896907
    outer loop
      vertex 166 35.405 20.4146
      vertex 163 35.0237 20.6026
      vertex 163 35.405 20.4146
    endloop
  endfacet
  facet normal 0 0.997859 -0.0653948
    outer loop
      vertex 166 30.53 17.6
      vertex 163 30.5578 18.0242
      vertex 166 30.5578 18.0242
    endloop
  endfacet
  facet normal 0 0.997859 -0.0653948
    outer loop
      vertex 163 30.5578 18.0242
      vertex 166 30.53 17.6
      vertex 163 30.53 17.6
    endloop
  endfacet
  facet normal 0 0.751818 -0.65937
    outer loop
      vertex 166 31.2016 19.5785
      vertex 163 31.4819 19.8981
      vertex 166 31.4819 19.8981
    endloop
  endfacet
  facet normal 0 0.751818 -0.65937
    outer loop
      vertex 163 31.4819 19.8981
      vertex 166 31.2016 19.5785
      vertex 163 31.2016 19.5785
    endloop
  endfacet
  facet normal 0 0.831471 -0.555568
    outer loop
      vertex 3 33.5054 19.225
      vertex 0 33.7416 19.5785
      vertex 3 33.7416 19.5785
    endloop
  endfacet
  facet normal 0 0.831471 -0.555568
    outer loop
      vertex 0 33.7416 19.5785
      vertex 3 33.5054 19.225
      vertex 0 33.5054 19.225
    endloop
  endfacet
  facet normal 0 0.555568 -0.831471
    outer loop
      vertex 0 34.3415 20.1784
      vertex 3 34.695 20.4146
      vertex 3 34.3415 20.1784
    endloop
  endfacet
  facet normal 0 0.555568 -0.831471
    outer loop
      vertex 3 34.695 20.4146
      vertex 0 34.3415 20.1784
      vertex 0 34.695 20.4146
    endloop
  endfacet
  facet normal 0 0.896907 0.44222
    outer loop
      vertex 3 33.5054 15.975
      vertex 0 33.3174 16.3563
      vertex 3 33.3174 16.3563
    endloop
  endfacet
  facet normal 0 0.896907 0.44222
    outer loop
      vertex 0 33.3174 16.3563
      vertex 3 33.5054 15.975
      vertex 0 33.5054 15.975
    endloop
  endfacet
  facet normal 0 0.44222 -0.896907
    outer loop
      vertex 0 34.695 20.4146
      vertex 3 35.0763 20.6026
      vertex 3 34.695 20.4146
    endloop
  endfacet
  facet normal 0 0.44222 -0.896907
    outer loop
      vertex 3 35.0763 20.6026
      vertex 0 34.695 20.4146
      vertex 0 35.0763 20.6026
    endloop
  endfacet
  facet normal 0 0.751818 0.65937
    outer loop
      vertex 3 34.0219 15.3019
      vertex 0 33.7416 15.6215
      vertex 3 33.7416 15.6215
    endloop
  endfacet
  facet normal 0 0.751818 0.65937
    outer loop
      vertex 0 33.7416 15.6215
      vertex 3 34.0219 15.3019
      vertex 0 34.0219 15.3019
    endloop
  endfacet
  facet normal 0 0.980806 0.194985
    outer loop
      vertex 3 33.1807 16.7588
      vertex 0 33.0978 17.1758
      vertex 3 33.0978 17.1758
    endloop
  endfacet
  facet normal 0 0.980806 0.194985
    outer loop
      vertex 0 33.0978 17.1758
      vertex 3 33.1807 16.7588
      vertex 0 33.1807 16.7588
    endloop
  endfacet
  facet normal 0 0.94688 0.321586
    outer loop
      vertex 3 33.3174 16.3563
      vertex 0 33.1807 16.7588
      vertex 3 33.1807 16.7588
    endloop
  endfacet
  facet normal 0 0.94688 0.321586
    outer loop
      vertex 0 33.1807 16.7588
      vertex 3 33.3174 16.3563
      vertex 0 33.3174 16.3563
    endloop
  endfacet
  facet normal 0 -0.0653948 0.997859
    outer loop
      vertex 0 36.7442 14.3778
      vertex 3 36.32 14.35
      vertex 3 36.7442 14.3778
    endloop
  endfacet
  facet normal 0 -0.0653948 0.997859
    outer loop
      vertex 3 36.32 14.35
      vertex 0 36.7442 14.3778
      vertex 0 36.32 14.35
    endloop
  endfacet
  facet normal 0 -0.194968 0.98081
    outer loop
      vertex 0 36.9414 14.417
      vertex 3 36.7442 14.3778
      vertex 3 36.9414 14.417
    endloop
  endfacet
  facet normal 0 -0.194968 0.98081
    outer loop
      vertex 3 36.7442 14.3778
      vertex 0 36.9414 14.417
      vertex 0 36.7442 14.3778
    endloop
  endfacet
  facet normal 0 0.194907 -0.980822
    outer loop
      vertex 0 35.4788 20.7393
      vertex 3 35.6192 20.7672
      vertex 3 35.4788 20.7393
    endloop
  endfacet
  facet normal 0 0.194907 -0.980822
    outer loop
      vertex 3 35.6192 20.7672
      vertex 0 35.4788 20.7393
      vertex 0 35.6192 20.7672
    endloop
  endfacet
  facet normal 0 0.997859 0.0653948
    outer loop
      vertex 3 33.0978 17.1758
      vertex 0 33.07 17.6
      vertex 3 33.07 17.6
    endloop
  endfacet
  facet normal 0 0.997859 0.0653948
    outer loop
      vertex 0 33.07 17.6
      vertex 3 33.0978 17.1758
      vertex 0 33.0978 17.1758
    endloop
  endfacet
  facet normal -0 0.0653948 0.997859
    outer loop
      vertex 0 36.32 14.35
      vertex 3 35.8958 14.3778
      vertex 3 36.32 14.35
    endloop
  endfacet
  facet normal 0 0.0653948 0.997859
    outer loop
      vertex 3 35.8958 14.3778
      vertex 0 36.32 14.35
      vertex 0 35.8958 14.3778
    endloop
  endfacet
  facet normal 0 0.896907 -0.44222
    outer loop
      vertex 3 33.3174 18.8437
      vertex 0 33.5054 19.225
      vertex 3 33.5054 19.225
    endloop
  endfacet
  facet normal 0 0.896907 -0.44222
    outer loop
      vertex 0 33.5054 19.225
      vertex 3 33.3174 18.8437
      vertex 0 33.3174 18.8437
    endloop
  endfacet
  facet normal 0 0.94688 -0.321586
    outer loop
      vertex 3 33.1807 18.4412
      vertex 0 33.3174 18.8437
      vertex 3 33.3174 18.8437
    endloop
  endfacet
  facet normal 0 0.94688 -0.321586
    outer loop
      vertex 0 33.3174 18.8437
      vertex 3 33.1807 18.4412
      vertex 0 33.1807 18.4412
    endloop
  endfacet
  facet normal 0 0.831471 0.555568
    outer loop
      vertex 3 33.7416 15.6215
      vertex 0 33.5054 15.975
      vertex 3 33.5054 15.975
    endloop
  endfacet
  facet normal 0 0.831471 0.555568
    outer loop
      vertex 0 33.5054 15.975
      vertex 3 33.7416 15.6215
      vertex 0 33.7416 15.6215
    endloop
  endfacet
  facet normal -0 0.65937 0.751818
    outer loop
      vertex 0 34.3415 15.0216
      vertex 3 34.0219 15.3019
      vertex 3 34.3415 15.0216
    endloop
  endfacet
  facet normal 0 0.65937 0.751818
    outer loop
      vertex 3 34.0219 15.3019
      vertex 0 34.3415 15.0216
      vertex 0 34.0219 15.3019
    endloop
  endfacet
  facet normal -0 0.555568 0.831471
    outer loop
      vertex 0 34.695 14.7854
      vertex 3 34.3415 15.0216
      vertex 3 34.695 14.7854
    endloop
  endfacet
  facet normal 0 0.555568 0.831471
    outer loop
      vertex 3 34.3415 15.0216
      vertex 0 34.695 14.7854
      vertex 0 34.3415 15.0216
    endloop
  endfacet
  facet normal -0 0.194985 0.980806
    outer loop
      vertex 0 35.8958 14.3778
      vertex 3 35.4788 14.4607
      vertex 3 35.8958 14.3778
    endloop
  endfacet
  facet normal 0 0.194985 0.980806
    outer loop
      vertex 3 35.4788 14.4607
      vertex 0 35.8958 14.3778
      vertex 0 35.4788 14.4607
    endloop
  endfacet
  facet normal 0 0.65937 -0.751818
    outer loop
      vertex 0 34.0219 19.8981
      vertex 3 34.3415 20.1784
      vertex 3 34.0219 19.8981
    endloop
  endfacet
  facet normal 0 0.65937 -0.751818
    outer loop
      vertex 3 34.3415 20.1784
      vertex 0 34.0219 19.8981
      vertex 0 34.3415 20.1784
    endloop
  endfacet
  facet normal 0 0.751818 -0.65937
    outer loop
      vertex 3 33.7416 19.5785
      vertex 0 34.0219 19.8981
      vertex 3 34.0219 19.8981
    endloop
  endfacet
  facet normal 0 0.751818 -0.65937
    outer loop
      vertex 0 34.0219 19.8981
      vertex 3 33.7416 19.5785
      vertex 0 33.7416 19.5785
    endloop
  endfacet
  facet normal -0 0.44222 0.896907
    outer loop
      vertex 0 35.0763 14.5974
      vertex 3 34.695 14.7854
      vertex 3 35.0763 14.5974
    endloop
  endfacet
  facet normal 0 0.44222 0.896907
    outer loop
      vertex 3 34.695 14.7854
      vertex 0 35.0763 14.5974
      vertex 0 34.695 14.7854
    endloop
  endfacet
  facet normal -0 0.321586 0.94688
    outer loop
      vertex 0 35.4788 14.4607
      vertex 3 35.0763 14.5974
      vertex 3 35.4788 14.4607
    endloop
  endfacet
  facet normal 0 0.321586 0.94688
    outer loop
      vertex 3 35.0763 14.5974
      vertex 0 35.4788 14.4607
      vertex 0 35.0763 14.5974
    endloop
  endfacet
  facet normal 0 0.321586 -0.94688
    outer loop
      vertex 0 35.0763 20.6026
      vertex 3 35.4788 20.7393
      vertex 3 35.0763 20.6026
    endloop
  endfacet
  facet normal 0 0.321586 -0.94688
    outer loop
      vertex 3 35.4788 20.7393
      vertex 0 35.0763 20.6026
      vertex 0 35.4788 20.7393
    endloop
  endfacet
  facet normal 0 0.997859 -0.0653948
    outer loop
      vertex 3 33.07 17.6
      vertex 0 33.0978 18.0242
      vertex 3 33.0978 18.0242
    endloop
  endfacet
  facet normal 0 0.997859 -0.0653948
    outer loop
      vertex 0 33.0978 18.0242
      vertex 3 33.07 17.6
      vertex 0 33.07 17.6
    endloop
  endfacet
  facet normal 0 0.980806 -0.194985
    outer loop
      vertex 3 33.0978 18.0242
      vertex 0 33.1807 18.4412
      vertex 3 33.1807 18.4412
    endloop
  endfacet
  facet normal 0 0.980806 -0.194985
    outer loop
      vertex 0 33.1807 18.4412
      vertex 3 33.0978 18.0242
      vertex 0 33.0978 18.0242
    endloop
  endfacet
  facet normal 0.980796 0.195038 0
    outer loop
      vertex 15.0015 11.1274 11
      vertex 14.8867 11.7047 3
      vertex 14.8867 11.7047 11
    endloop
  endfacet
  facet normal 0.980796 0.195038 0
    outer loop
      vertex 14.8867 11.7047 3
      vertex 15.0015 11.1274 11
      vertex 15.0015 11.1274 3
    endloop
  endfacet
  facet normal 0.997859 0.0654027 0
    outer loop
      vertex 15.04 10.54 11
      vertex 15.0015 11.1274 3
      vertex 15.0015 11.1274 11
    endloop
  endfacet
  facet normal 0.997859 0.0654027 0
    outer loop
      vertex 15.0015 11.1274 3
      vertex 15.04 10.54 11
      vertex 15.04 10.54 3
    endloop
  endfacet
  facet normal 0.980797 -0.195031 0
    outer loop
      vertex 14.8867 9.37531 11
      vertex 15.0015 9.95263 3
      vertex 15.0015 9.95263 11
    endloop
  endfacet
  facet normal 0.980797 -0.195031 0
    outer loop
      vertex 15.0015 9.95263 3
      vertex 14.8867 9.37531 11
      vertex 14.8867 9.37531 3
    endloop
  endfacet
  facet normal -0 0 1
    outer loop
      vertex 12.3467 9.16469 11
      vertex 14.6975 8.81793 11
      vertex 12.3878 9.77463 11
    endloop
  endfacet
  facet normal 0 0 1
    outer loop
      vertex 14.4371 8.29 11
      vertex 12.4615 8.58737 11
      vertex 12.5 8 11
    endloop
  endfacet
  facet normal 0 -0 1
    outer loop
      vertex 12.4615 8.58737 11
      vertex 14.6975 8.81793 11
      vertex 12.3467 9.16469 11
    endloop
  endfacet
  facet normal 0 0 1
    outer loop
      vertex 14.6975 8.81793 11
      vertex 12.4615 8.58737 11
      vertex 14.4371 8.29 11
    endloop
  endfacet
  facet normal -0 0 1
    outer loop
      vertex 12.272 9.54 11
      vertex 12.3467 9.16469 11
      vertex 12.3878 9.77463 11
    endloop
  endfacet
  facet normal 0 0 1
    outer loop
      vertex 12.3467 9.16469 11
      vertex 12.272 9.54 11
      vertex 12.237 9.48761 11
    endloop
  endfacet
  facet normal 0 0 1
    outer loop
      vertex 12.54 10.54 11
      vertex 15.04 10.54 11
      vertex 15.0015 11.1274 11
    endloop
  endfacet
  facet normal 0 0 1
    outer loop
      vertex 12.5229 10.8011 11
      vertex 15.0015 11.1274 11
      vertex 14.8867 11.7047 11
    endloop
  endfacet
  facet normal 0 0 1
    outer loop
      vertex 15.04 10.54 11
      vertex 12.54 10.54 11
      vertex 15.0015 9.95263 11
    endloop
  endfacet
  facet normal 0 0 1
    outer loop
      vertex 12.4719 11.0576 11
      vertex 14.8867 11.7047 11
      vertex 14.6975 12.2621 11
    endloop
  endfacet
  facet normal -0 0 1
    outer loop
      vertex 12.5229 10.2789 11
      vertex 15.0015 9.95263 11
      vertex 12.54 10.54 11
    endloop
  endfacet
  facet normal 0 0 1
    outer loop
      vertex 12.3878 11.3054 11
      vertex 14.6975 12.2621 11
      vertex 14.4371 12.79 11
    endloop
  endfacet
  facet normal 0 0 1
    outer loop
      vertex 15.0015 9.95263 11
      vertex 12.5229 10.2789 11
      vertex 14.8867 9.37531 11
    endloop
  endfacet
  facet normal 0 0 1
    outer loop
      vertex 12.272 11.54 11
      vertex 14.4371 12.79 11
      vertex 14.1101 13.2794 11
    endloop
  endfacet
  facet normal -0 0 1
    outer loop
      vertex 12.4719 10.0224 11
      vertex 14.8867 9.37531 11
      vertex 12.5229 10.2789 11
    endloop
  endfacet
  facet normal 0 0 1
    outer loop
      vertex 12.1267 11.7575 11
      vertex 14.1101 13.2794 11
      vertex 13.722 13.722 11
    endloop
  endfacet
  facet normal 0 0 1
    outer loop
      vertex 14.8867 9.37531 11
      vertex 12.4719 10.0224 11
      vertex 14.6975 8.81793 11
    endloop
  endfacet
  facet normal 0 0 1
    outer loop
      vertex 11.9542 11.9542 11
      vertex 13.722 13.722 11
      vertex 13.2794 14.1101 11
    endloop
  endfacet
  facet normal -0 0 1
    outer loop
      vertex 12.3878 9.77463 11
      vertex 14.6975 8.81793 11
      vertex 12.4719 10.0224 11
    endloop
  endfacet
  facet normal 0 0 1
    outer loop
      vertex 11.7575 12.1267 11
      vertex 13.2794 14.1101 11
      vertex 12.79 14.4371 11
    endloop
  endfacet
  facet normal 0 0 1
    outer loop
      vertex 14.4371 8.29 11
      vertex 12.5 8 11
      vertex 14.1101 7.80057 11
    endloop
  endfacet
  facet normal 0 0 1
    outer loop
      vertex 14.1101 7.80057 11
      vertex 12.5 8 11
      vertex 13.722 7.35802 11
    endloop
  endfacet
  facet normal 0 0 1
    outer loop
      vertex 15.0015 11.1274 11
      vertex 12.5229 10.8011 11
      vertex 12.54 10.54 11
    endloop
  endfacet
  facet normal 0 0 1
    outer loop
      vertex 14.8867 11.7047 11
      vertex 12.4719 11.0576 11
      vertex 12.5229 10.8011 11
    endloop
  endfacet
  facet normal 0 0 1
    outer loop
      vertex 14.6975 12.2621 11
      vertex 12.3878 11.3054 11
      vertex 12.4719 11.0576 11
    endloop
  endfacet
  facet normal 0 0 1
    outer loop
      vertex 14.4371 12.79 11
      vertex 12.272 11.54 11
      vertex 12.3878 11.3054 11
    endloop
  endfacet
  facet normal 0 0 1
    outer loop
      vertex 11.54 12.272 11
      vertex 12.79 14.4371 11
      vertex 12.2621 14.6975 11
    endloop
  endfacet
  facet normal 0 0 1
    outer loop
      vertex 14.1101 13.2794 11
      vertex 12.1267 11.7575 11
      vertex 12.272 11.54 11
    endloop
  endfacet
  facet normal 0 0 1
    outer loop
      vertex 13.722 13.722 11
      vertex 11.9542 11.9542 11
      vertex 12.1267 11.7575 11
    endloop
  endfacet
  facet normal 0 0 1
    outer loop
      vertex 13.2794 14.1101 11
      vertex 11.7575 12.1267 11
      vertex 11.9542 11.9542 11
    endloop
  endfacet
  facet normal 0 0 1
    outer loop
      vertex 11.3054 12.3878 11
      vertex 12.2621 14.6975 11
      vertex 11.7047 14.8867 11
    endloop
  endfacet
  facet normal 0 0 1
    outer loop
      vertex 12.79 14.4371 11
      vertex 11.54 12.272 11
      vertex 11.7575 12.1267 11
    endloop
  endfacet
  facet normal 0 0 1
    outer loop
      vertex 12.2621 14.6975 11
      vertex 11.3054 12.3878 11
      vertex 11.54 12.272 11
    endloop
  endfacet
  facet normal 0 0 1
    outer loop
      vertex 11.0576 12.4719 11
      vertex 11.7047 14.8867 11
      vertex 11.1274 15.0015 11
    endloop
  endfacet
  facet normal 0 0 1
    outer loop
      vertex 11.7047 14.8867 11
      vertex 11.0576 12.4719 11
      vertex 11.3054 12.3878 11
    endloop
  endfacet
  facet normal 0 0 1
    outer loop
      vertex 11.1274 15.0015 11
      vertex 10.8011 12.5229 11
      vertex 11.0576 12.4719 11
    endloop
  endfacet
  facet normal 0 0 1
    outer loop
      vertex 10.54 15.04 11
      vertex 10.8011 12.5229 11
      vertex 11.1274 15.0015 11
    endloop
  endfacet
  facet normal 0 0 1
    outer loop
      vertex 10.54 15.04 11
      vertex 10.54 12.54 11
      vertex 10.8011 12.5229 11
    endloop
  endfacet
  facet normal 0 0 1
    outer loop
      vertex 10.54 15.04 11
      vertex 10.2789 12.5229 11
      vertex 10.54 12.54 11
    endloop
  endfacet
  facet normal -0 0 1
    outer loop
      vertex 9.95263 15.0015 11
      vertex 10.2789 12.5229 11
      vertex 10.54 15.04 11
    endloop
  endfacet
  facet normal 0 0 1
    outer loop
      vertex 10.2789 12.5229 11
      vertex 9.95263 15.0015 11
      vertex 10.0224 12.4719 11
    endloop
  endfacet
  facet normal -0 0 1
    outer loop
      vertex 9.37531 14.8867 11
      vertex 10.0224 12.4719 11
      vertex 9.95263 15.0015 11
    endloop
  endfacet
  facet normal 0 0 1
    outer loop
      vertex 10.0224 12.4719 11
      vertex 9.37531 14.8867 11
      vertex 9.77463 12.3878 11
    endloop
  endfacet
  facet normal -0 0 1
    outer loop
      vertex 8.81793 14.6975 11
      vertex 9.77463 12.3878 11
      vertex 9.37531 14.8867 11
    endloop
  endfacet
  facet normal 0 0 1
    outer loop
      vertex 9.77463 12.3878 11
      vertex 9.16469 12.3467 11
      vertex 9.54 12.272 11
    endloop
  endfacet
  facet normal 0 0 1
    outer loop
      vertex 9.54 12.272 11
      vertex 9.16469 12.3467 11
      vertex 9.48761 12.237 11
    endloop
  endfacet
  facet normal 0 0 1
    outer loop
      vertex 9.77463 12.3878 11
      vertex 8.81793 14.6975 11
      vertex 9.16469 12.3467 11
    endloop
  endfacet
  facet normal 0 0 1
    outer loop
      vertex 8.81793 14.6975 11
      vertex 8.58737 12.4615 11
      vertex 9.16469 12.3467 11
    endloop
  endfacet
  facet normal -0 0 1
    outer loop
      vertex 8.29 14.4371 11
      vertex 8.58737 12.4615 11
      vertex 8.81793 14.6975 11
    endloop
  endfacet
  facet normal -0 0 1
    outer loop
      vertex 7.80057 14.1101 11
      vertex 8.58737 12.4615 11
      vertex 8.29 14.4371 11
    endloop
  endfacet
  facet normal 0 0 1
    outer loop
      vertex 8.58737 12.4615 11
      vertex 7.80057 14.1101 11
      vertex 8 12.5 11
    endloop
  endfacet
  facet normal -0 0 1
    outer loop
      vertex 7.35802 13.722 11
      vertex 8 12.5 11
      vertex 7.80057 14.1101 11
    endloop
  endfacet
  facet normal 0 0 1
    outer loop
      vertex 8 12.5 11
      vertex 7.35802 13.722 11
      vertex 7.41263 12.4615 11
    endloop
  endfacet
  facet normal -0 0 1
    outer loop
      vertex 6.96991 13.2794 11
      vertex 7.41263 12.4615 11
      vertex 7.35802 13.722 11
    endloop
  endfacet
  facet normal -0 0 1
    outer loop
      vertex 6.64289 12.79 11
      vertex 7.41263 12.4615 11
      vertex 6.96991 13.2794 11
    endloop
  endfacet
  facet normal 0 0 1
    outer loop
      vertex 7.41263 12.4615 11
      vertex 6.64289 12.79 11
      vertex 6.83531 12.3467 11
    endloop
  endfacet
  facet normal 0 0 1
    outer loop
      vertex 6.38254 12.2621 11
      vertex 6.83531 12.3467 11
      vertex 6.64289 12.79 11
    endloop
  endfacet
  facet normal 0 0 1
    outer loop
      vertex 6.83531 12.3467 11
      vertex 6.38254 12.2621 11
      vertex 6.35603 12.184 11
    endloop
  endfacet
  facet normal -0 0 1
    outer loop
      vertex 12.4615 7.41263 11
      vertex 13.722 7.35802 11
      vertex 12.5 8 11
    endloop
  endfacet
  facet normal 0 0 1
    outer loop
      vertex 13.722 7.35802 11
      vertex 12.4615 7.41263 11
      vertex 13.2794 6.96991 11
    endloop
  endfacet
  facet normal 0 0 1
    outer loop
      vertex 13.2794 6.96991 11
      vertex 12.4615 7.41263 11
      vertex 12.79 6.64289 11
    endloop
  endfacet
  facet normal -0 0 1
    outer loop
      vertex 12.3467 6.83531 11
      vertex 12.79 6.64289 11
      vertex 12.4615 7.41263 11
    endloop
  endfacet
  facet normal 0 0 1
    outer loop
      vertex 12.3467 6.83531 11
      vertex 12.2621 6.38254 11
      vertex 12.79 6.64289 11
    endloop
  endfacet
  facet normal 0 -0 1
    outer loop
      vertex 12.2621 6.38254 11
      vertex 12.3467 6.83531 11
      vertex 12.184 6.35603 11
    endloop
  endfacet
  facet normal 0.831475 0.555562 0
    outer loop
      vertex 14.4371 12.79 11
      vertex 14.1101 13.2794 3
      vertex 14.1101 13.2794 11
    endloop
  endfacet
  facet normal 0.831475 0.555562 0
    outer loop
      vertex 14.1101 13.2794 3
      vertex 14.4371 12.79 11
      vertex 14.4371 12.79 3
    endloop
  endfacet
  facet normal 0.555562 0.831475 -0
    outer loop
      vertex 13.2794 14.1101 3
      vertex 12.79 14.4371 11
      vertex 13.2794 14.1101 11
    endloop
  endfacet
  facet normal 0.555562 0.831475 0
    outer loop
      vertex 12.79 14.4371 11
      vertex 13.2794 14.1101 3
      vertex 12.79 14.4371 3
    endloop
  endfacet
  facet normal 0.896837 -0.442362 0
    outer loop
      vertex 14.4371 8.29 11
      vertex 14.6975 8.81793 3
      vertex 14.6975 8.81793 11
    endloop
  endfacet
  facet normal 0.896837 -0.442362 0
    outer loop
      vertex 14.6975 8.81793 3
      vertex 14.4371 8.29 11
      vertex 14.4371 8.29 3
    endloop
  endfacet
  facet normal 0.997859 -0.0654061 0
    outer loop
      vertex 15.0015 9.95263 11
      vertex 15.04 10.54 3
      vertex 15.04 10.54 11
    endloop
  endfacet
  facet normal 0.997859 -0.0654061 0
    outer loop
      vertex 15.04 10.54 3
      vertex 15.0015 9.95263 11
      vertex 15.0015 9.95263 3
    endloop
  endfacet
  facet normal 0.321421 0.946936 -0
    outer loop
      vertex 12.2621 14.6975 3
      vertex 11.7047 14.8867 11
      vertex 12.2621 14.6975 11
    endloop
  endfacet
  facet normal 0.321421 0.946936 0
    outer loop
      vertex 11.7047 14.8867 11
      vertex 12.2621 14.6975 3
      vertex 11.7047 14.8867 3
    endloop
  endfacet
  facet normal -0.89686 0.442314 0
    outer loop
      vertex 6.38254 12.2621 3
      vertex 6.64289 12.79 11
      vertex 6.64289 12.79 3
    endloop
  endfacet
  facet normal -0.89686 0.442314 0
    outer loop
      vertex 6.64289 12.79 11
      vertex 6.38254 12.2621 3
      vertex 6.38254 12.2621 11
    endloop
  endfacet
  facet normal -0.65934 0.751845 0
    outer loop
      vertex 7.80057 14.1101 3
      vertex 7.35802 13.722 11
      vertex 7.80057 14.1101 11
    endloop
  endfacet
  facet normal -0.65934 0.751845 0
    outer loop
      vertex 7.35802 13.722 11
      vertex 7.80057 14.1101 3
      vertex 7.35802 13.722 3
    endloop
  endfacet
  facet normal 0.321424 -0.946935 0
    outer loop
      vertex 12.184 6.35603 3
      vertex 12.2621 6.38254 11
      vertex 12.184 6.35603 11
    endloop
  endfacet
  facet normal 0.321424 -0.946935 0
    outer loop
      vertex 12.2621 6.38254 11
      vertex 12.184 6.35603 3
      vertex 12.2621 6.38254 3
    endloop
  endfacet
  facet normal -0.321432 0.946933 0
    outer loop
      vertex 9.37531 14.8867 3
      vertex 8.81793 14.6975 11
      vertex 9.37531 14.8867 11
    endloop
  endfacet
  facet normal -0.321432 0.946933 0
    outer loop
      vertex 8.81793 14.6975 11
      vertex 9.37531 14.8867 3
      vertex 8.81793 14.6975 3
    endloop
  endfacet
  facet normal -0.555539 0.831491 0
    outer loop
      vertex 8.29 14.4371 3
      vertex 7.80057 14.1101 11
      vertex 8.29 14.4371 11
    endloop
  endfacet
  facet normal -0.555539 0.831491 0
    outer loop
      vertex 7.80057 14.1101 11
      vertex 8.29 14.4371 3
      vertex 7.80057 14.1101 3
    endloop
  endfacet
  facet normal 0.195038 0.980796 -0
    outer loop
      vertex 11.7047 14.8867 3
      vertex 11.1274 15.0015 11
      vertex 11.7047 14.8867 11
    endloop
  endfacet
  facet normal 0.195038 0.980796 0
    outer loop
      vertex 11.1274 15.0015 11
      vertex 11.7047 14.8867 3
      vertex 11.1274 15.0015 3
    endloop
  endfacet
  facet normal -0.442362 0.896837 0
    outer loop
      vertex 8.81793 14.6975 3
      vertex 8.29 14.4371 11
      vertex 8.81793 14.6975 11
    endloop
  endfacet
  facet normal -0.442362 0.896837 0
    outer loop
      vertex 8.29 14.4371 11
      vertex 8.81793 14.6975 3
      vertex 8.29 14.4371 3
    endloop
  endfacet
  facet normal 0.659308 -0.751873 0
    outer loop
      vertex 13.2794 6.96991 3
      vertex 13.722 7.35802 11
      vertex 13.2794 6.96991 11
    endloop
  endfacet
  facet normal 0.659308 -0.751873 0
    outer loop
      vertex 13.722 7.35802 11
      vertex 13.2794 6.96991 3
      vertex 13.722 7.35802 3
    endloop
  endfacet
  facet normal 0.946933 -0.321432 0
    outer loop
      vertex 14.6975 8.81793 11
      vertex 14.8867 9.37531 3
      vertex 14.8867 9.37531 11
    endloop
  endfacet
  facet normal 0.946933 -0.321432 0
    outer loop
      vertex 14.8867 9.37531 3
      vertex 14.6975 8.81793 11
      vertex 14.6975 8.81793 3
    endloop
  endfacet
  facet normal 0.442382 0.896827 -0
    outer loop
      vertex 12.79 14.4371 3
      vertex 12.2621 14.6975 11
      vertex 12.79 14.4371 11
    endloop
  endfacet
  facet normal 0.442382 0.896827 0
    outer loop
      vertex 12.2621 14.6975 11
      vertex 12.79 14.4371 3
      vertex 12.2621 14.6975 3
    endloop
  endfacet
  facet normal -0.195031 0.980797 0
    outer loop
      vertex 9.95263 15.0015 3
      vertex 9.37531 14.8867 11
      vertex 9.95263 15.0015 11
    endloop
  endfacet
  facet normal -0.195031 0.980797 0
    outer loop
      vertex 9.37531 14.8867 11
      vertex 9.95263 15.0015 3
      vertex 9.37531 14.8867 3
    endloop
  endfacet
  facet normal 0.751882 0.659298 0
    outer loop
      vertex 14.1101 13.2794 11
      vertex 13.722 13.722 3
      vertex 13.722 13.722 11
    endloop
  endfacet
  facet normal 0.751882 0.659298 0
    outer loop
      vertex 13.722 13.722 3
      vertex 14.1101 13.2794 11
      vertex 14.1101 13.2794 3
    endloop
  endfacet
  facet normal 0.751845 -0.65934 0
    outer loop
      vertex 13.722 7.35802 11
      vertex 14.1101 7.80057 3
      vertex 14.1101 7.80057 11
    endloop
  endfacet
  facet normal 0.751845 -0.65934 0
    outer loop
      vertex 14.1101 7.80057 3
      vertex 13.722 7.35802 11
      vertex 13.722 7.35802 3
    endloop
  endfacet
  facet normal -0.946935 0.321424 0
    outer loop
      vertex 6.35603 12.184 3
      vertex 6.38254 12.2621 11
      vertex 6.38254 12.2621 3
    endloop
  endfacet
  facet normal -0.946935 0.321424 0
    outer loop
      vertex 6.38254 12.2621 11
      vertex 6.35603 12.184 3
      vertex 6.35603 12.184 11
    endloop
  endfacet
  facet normal 0.442314 -0.89686 0
    outer loop
      vertex 12.2621 6.38254 3
      vertex 12.79 6.64289 11
      vertex 12.2621 6.38254 11
    endloop
  endfacet
  facet normal 0.442314 -0.89686 0
    outer loop
      vertex 12.79 6.64289 11
      vertex 12.2621 6.38254 3
      vertex 12.79 6.64289 3
    endloop
  endfacet
  facet normal -0.751873 0.659308 0
    outer loop
      vertex 6.96991 13.2794 3
      vertex 7.35802 13.722 11
      vertex 7.35802 13.722 3
    endloop
  endfacet
  facet normal -0.751873 0.659308 0
    outer loop
      vertex 7.35802 13.722 11
      vertex 6.96991 13.2794 3
      vertex 6.96991 13.2794 11
    endloop
  endfacet
  facet normal 0.659298 0.751882 -0
    outer loop
      vertex 13.722 13.722 3
      vertex 13.2794 14.1101 11
      vertex 13.722 13.722 11
    endloop
  endfacet
  facet normal 0.659298 0.751882 0
    outer loop
      vertex 13.2794 14.1101 11
      vertex 13.722 13.722 3
      vertex 13.2794 14.1101 3
    endloop
  endfacet
  facet normal 0.831491 -0.555539 0
    outer loop
      vertex 14.1101 7.80057 11
      vertex 14.4371 8.29 3
      vertex 14.4371 8.29 11
    endloop
  endfacet
  facet normal 0.831491 -0.555539 0
    outer loop
      vertex 14.4371 8.29 3
      vertex 14.1101 7.80057 11
      vertex 14.1101 7.80057 3
    endloop
  endfacet
  facet normal 0.896827 0.442382 0
    outer loop
      vertex 14.6975 12.2621 11
      vertex 14.4371 12.79 3
      vertex 14.4371 12.79 11
    endloop
  endfacet
  facet normal 0.896827 0.442382 0
    outer loop
      vertex 14.4371 12.79 3
      vertex 14.6975 12.2621 11
      vertex 14.6975 12.2621 3
    endloop
  endfacet
  facet normal 0.0654027 0.997859 -0
    outer loop
      vertex 11.1274 15.0015 3
      vertex 10.54 15.04 11
      vertex 11.1274 15.0015 11
    endloop
  endfacet
  facet normal 0.0654027 0.997859 0
    outer loop
      vertex 10.54 15.04 11
      vertex 11.1274 15.0015 3
      vertex 10.54 15.04 3
    endloop
  endfacet
  facet normal 0.555586 -0.831459 0
    outer loop
      vertex 12.79 6.64289 3
      vertex 13.2794 6.96991 11
      vertex 12.79 6.64289 11
    endloop
  endfacet
  facet normal 0.555586 -0.831459 0
    outer loop
      vertex 13.2794 6.96991 11
      vertex 12.79 6.64289 3
      vertex 13.2794 6.96991 3
    endloop
  endfacet
  facet normal 0.946936 0.321421 0
    outer loop
      vertex 14.8867 11.7047 11
      vertex 14.6975 12.2621 3
      vertex 14.6975 12.2621 11
    endloop
  endfacet
  facet normal 0.946936 0.321421 0
    outer loop
      vertex 14.6975 12.2621 3
      vertex 14.8867 11.7047 11
      vertex 14.8867 11.7047 3
    endloop
  endfacet
  facet normal -0.0654061 0.997859 0
    outer loop
      vertex 10.54 15.04 3
      vertex 9.95263 15.0015 11
      vertex 10.54 15.04 11
    endloop
  endfacet
  facet normal -0.0654061 0.997859 0
    outer loop
      vertex 9.95263 15.0015 11
      vertex 10.54 15.04 3
      vertex 9.95263 15.0015 3
    endloop
  endfacet
  facet normal -0.831459 0.555586 0
    outer loop
      vertex 6.64289 12.79 3
      vertex 6.96991 13.2794 11
      vertex 6.96991 13.2794 3
    endloop
  endfacet
  facet normal -0.831459 0.555586 0
    outer loop
      vertex 6.96991 13.2794 11
      vertex 6.64289 12.79 3
      vertex 6.64289 12.79 11
    endloop
  endfacet
  facet normal -0.980801 -0.195013 0
    outer loop
      vertex 12.5229 10.8011 5
      vertex 12.4719 11.0576 11
      vertex 12.4719 11.0576 5
    endloop
  endfacet
  facet normal -0.980801 -0.195013 0
    outer loop
      vertex 12.4719 11.0576 11
      vertex 12.5229 10.8011 5
      vertex 12.5229 10.8011 11
    endloop
  endfacet
  facet normal -0.997862 -0.0653521 0
    outer loop
      vertex 12.54 10.54 5
      vertex 12.5229 10.8011 11
      vertex 12.5229 10.8011 5
    endloop
  endfacet
  facet normal -0.997862 -0.0653521 0
    outer loop
      vertex 12.5229 10.8011 11
      vertex 12.54 10.54 5
      vertex 12.54 10.54 11
    endloop
  endfacet
  facet normal -0.0653521 -0.997862 0
    outer loop
      vertex 10.54 12.54 5
      vertex 10.8011 12.5229 11
      vertex 10.54 12.54 11
    endloop
  endfacet
  facet normal -0.0653521 -0.997862 -0
    outer loop
      vertex 10.8011 12.5229 11
      vertex 10.54 12.54 5
      vertex 10.8011 12.5229 5
    endloop
  endfacet
  facet normal 0.195013 -0.980801 0
    outer loop
      vertex 10.0224 12.4719 5
      vertex 10.2789 12.5229 11
      vertex 10.0224 12.4719 11
    endloop
  endfacet
  facet normal 0.195013 -0.980801 0
    outer loop
      vertex 10.2789 12.5229 11
      vertex 10.0224 12.4719 5
      vertex 10.2789 12.5229 5
    endloop
  endfacet
  facet normal 0.321417 -0.946938 0
    outer loop
      vertex 9.77463 12.3878 5
      vertex 10.0224 12.4719 11
      vertex 9.77463 12.3878 11
    endloop
  endfacet
  facet normal 0.321417 -0.946938 0
    outer loop
      vertex 10.0224 12.4719 11
      vertex 9.77463 12.3878 5
      vertex 10.0224 12.4719 5
    endloop
  endfacet
  facet normal -0.997862 0.0653521 0
    outer loop
      vertex 12.5229 10.2789 5
      vertex 12.54 10.54 11
      vertex 12.54 10.54 5
    endloop
  endfacet
  facet normal -0.997862 0.0653521 0
    outer loop
      vertex 12.54 10.54 11
      vertex 12.5229 10.2789 5
      vertex 12.5229 10.2789 11
    endloop
  endfacet
  facet normal -0.946938 0.321417 0
    outer loop
      vertex 12.3878 9.77463 5
      vertex 12.4719 10.0224 11
      vertex 12.4719 10.0224 5
    endloop
  endfacet
  facet normal -0.946938 0.321417 0
    outer loop
      vertex 12.4719 10.0224 11
      vertex 12.3878 9.77463 5
      vertex 12.3878 9.77463 11
    endloop
  endfacet
  facet normal -0.321382 -0.94695 0
    outer loop
      vertex 11.0576 12.4719 5
      vertex 11.3054 12.3878 11
      vertex 11.0576 12.4719 11
    endloop
  endfacet
  facet normal -0.321382 -0.94695 -0
    outer loop
      vertex 11.3054 12.3878 11
      vertex 11.0576 12.4719 5
      vertex 11.3054 12.3878 5
    endloop
  endfacet
  facet normal -0.555494 -0.831521 0
    outer loop
      vertex 11.54 12.272 5
      vertex 11.7575 12.1267 11
      vertex 11.54 12.272 11
    endloop
  endfacet
  facet normal -0.555494 -0.831521 -0
    outer loop
      vertex 11.7575 12.1267 11
      vertex 11.54 12.272 5
      vertex 11.7575 12.1267 5
    endloop
  endfacet
  facet normal -0.831513 0.555506 0
    outer loop
      vertex 12.237 9.48761 5
      vertex 12.272 9.54 11
      vertex 12.272 9.54 5
    endloop
  endfacet
  facet normal -0.831513 0.555506 0
    outer loop
      vertex 12.272 9.54 11
      vertex 12.237 9.48761 5
      vertex 12.237 9.48761 11
    endloop
  endfacet
  facet normal -0.831521 -0.555494 0
    outer loop
      vertex 12.272 11.54 5
      vertex 12.1267 11.7575 11
      vertex 12.1267 11.7575 5
    endloop
  endfacet
  facet normal -0.831521 -0.555494 0
    outer loop
      vertex 12.1267 11.7575 11
      vertex 12.272 11.54 5
      vertex 12.272 11.54 11
    endloop
  endfacet
  facet normal -0.751842 -0.659343 0
    outer loop
      vertex 12.1267 11.7575 5
      vertex 11.9542 11.9542 11
      vertex 11.9542 11.9542 5
    endloop
  endfacet
  facet normal -0.751842 -0.659343 0
    outer loop
      vertex 11.9542 11.9542 11
      vertex 12.1267 11.7575 5
      vertex 12.1267 11.7575 11
    endloop
  endfacet
  facet normal -0.659343 -0.751842 0
    outer loop
      vertex 11.7575 12.1267 5
      vertex 11.9542 11.9542 11
      vertex 11.7575 12.1267 11
    endloop
  endfacet
  facet normal -0.659343 -0.751842 -0
    outer loop
      vertex 11.9542 11.9542 11
      vertex 11.7575 12.1267 5
      vertex 11.9542 11.9542 5
    endloop
  endfacet
  facet normal 0.555506 -0.831513 0
    outer loop
      vertex 9.48761 12.237 5
      vertex 9.54 12.272 11
      vertex 9.48761 12.237 11
    endloop
  endfacet
  facet normal 0.555506 -0.831513 0
    outer loop
      vertex 9.54 12.272 11
      vertex 9.48761 12.237 5
      vertex 9.54 12.272 5
    endloop
  endfacet
  facet normal -0.896709 -0.442621 0
    outer loop
      vertex 12.3878 11.3054 5
      vertex 12.272 11.54 11
      vertex 12.272 11.54 5
    endloop
  endfacet
  facet normal -0.896709 -0.442621 0
    outer loop
      vertex 12.272 11.54 11
      vertex 12.3878 11.3054 5
      vertex 12.3878 11.3054 11
    endloop
  endfacet
  facet normal -0.442621 -0.896709 0
    outer loop
      vertex 11.3054 12.3878 5
      vertex 11.54 12.272 11
      vertex 11.3054 12.3878 11
    endloop
  endfacet
  facet normal -0.442621 -0.896709 -0
    outer loop
      vertex 11.54 12.272 11
      vertex 11.3054 12.3878 5
      vertex 11.54 12.272 5
    endloop
  endfacet
  facet normal -0.896731 0.442575 0
    outer loop
      vertex 12.272 9.54 5
      vertex 12.3878 9.77463 11
      vertex 12.3878 9.77463 5
    endloop
  endfacet
  facet normal -0.896731 0.442575 0
    outer loop
      vertex 12.3878 9.77463 11
      vertex 12.272 9.54 5
      vertex 12.272 9.54 11
    endloop
  endfacet
  facet normal -0.980801 0.195013 0
    outer loop
      vertex 12.4719 10.0224 5
      vertex 12.5229 10.2789 11
      vertex 12.5229 10.2789 5
    endloop
  endfacet
  facet normal -0.980801 0.195013 0
    outer loop
      vertex 12.5229 10.2789 11
      vertex 12.4719 10.0224 5
      vertex 12.4719 10.0224 11
    endloop
  endfacet
  facet normal -0.195013 -0.980801 0
    outer loop
      vertex 10.8011 12.5229 5
      vertex 11.0576 12.4719 11
      vertex 10.8011 12.5229 11
    endloop
  endfacet
  facet normal -0.195013 -0.980801 -0
    outer loop
      vertex 11.0576 12.4719 11
      vertex 10.8011 12.5229 5
      vertex 11.0576 12.4719 5
    endloop
  endfacet
  facet normal -0.94695 -0.321382 0
    outer loop
      vertex 12.4719 11.0576 5
      vertex 12.3878 11.3054 11
      vertex 12.3878 11.3054 5
    endloop
  endfacet
  facet normal -0.94695 -0.321382 0
    outer loop
      vertex 12.3878 11.3054 11
      vertex 12.4719 11.0576 5
      vertex 12.4719 11.0576 11
    endloop
  endfacet
  facet normal 0.0653521 -0.997862 0
    outer loop
      vertex 10.2789 12.5229 5
      vertex 10.54 12.54 11
      vertex 10.2789 12.5229 11
    endloop
  endfacet
  facet normal 0.0653521 -0.997862 0
    outer loop
      vertex 10.54 12.54 11
      vertex 10.2789 12.5229 5
      vertex 10.54 12.54 5
    endloop
  endfacet
  facet normal 0.442575 -0.896731 0
    outer loop
      vertex 9.54 12.272 5
      vertex 9.77463 12.3878 11
      vertex 9.54 12.272 11
    endloop
  endfacet
  facet normal 0.442575 -0.896731 0
    outer loop
      vertex 9.77463 12.3878 11
      vertex 9.54 12.272 5
      vertex 9.77463 12.3878 5
    endloop
  endfacet
  facet normal 0 0 1
    outer loop
      vertex 11.8971 10.25 5
      vertex 12.54 10.54 5
      vertex 12.5229 10.8011 5
    endloop
  endfacet
  facet normal 0 0 1
    outer loop
      vertex 11.5701 10.7394 5
      vertex 12.5229 10.8011 5
      vertex 12.4719 11.0576 5
    endloop
  endfacet
  facet normal 0 0 1
    outer loop
      vertex 12.54 10.54 5
      vertex 11.8971 10.25 5
      vertex 12.5229 10.2789 5
    endloop
  endfacet
  facet normal 0 0 1
    outer loop
      vertex 11.5701 10.7394 5
      vertex 12.4719 11.0576 5
      vertex 12.3878 11.3054 5
    endloop
  endfacet
  facet normal 0 0 1
    outer loop
      vertex 12.5229 10.2789 5
      vertex 11.8971 10.25 5
      vertex 12.4719 10.0224 5
    endloop
  endfacet
  facet normal 0 0 1
    outer loop
      vertex 11.5701 10.7394 5
      vertex 12.3878 11.3054 5
      vertex 12.272 11.54 5
    endloop
  endfacet
  facet normal 0 -0 1
    outer loop
      vertex 12.1575 9.72207 5
      vertex 12.4719 10.0224 5
      vertex 11.8971 10.25 5
    endloop
  endfacet
  facet normal 0 0 1
    outer loop
      vertex 12.3878 9.77463 5
      vertex 12.1575 9.72207 5
      vertex 12.272 9.54 5
    endloop
  endfacet
  facet normal 0 0 1
    outer loop
      vertex 12.272 9.54 5
      vertex 12.1575 9.72207 5
      vertex 12.237 9.48761 5
    endloop
  endfacet
  facet normal 0 0 1
    outer loop
      vertex 11.182 11.182 5
      vertex 12.272 11.54 5
      vertex 12.1267 11.7575 5
    endloop
  endfacet
  facet normal 0 0 1
    outer loop
      vertex 11.182 11.182 5
      vertex 12.1267 11.7575 5
      vertex 11.9542 11.9542 5
    endloop
  endfacet
  facet normal 0 0 1
    outer loop
      vertex 12.4719 10.0224 5
      vertex 12.1575 9.72207 5
      vertex 12.3878 9.77463 5
    endloop
  endfacet
  facet normal 0 0 1
    outer loop
      vertex 11.182 11.182 5
      vertex 11.9542 11.9542 5
      vertex 11.7575 12.1267 5
    endloop
  endfacet
  facet normal 0 0 1
    outer loop
      vertex 12.5229 10.8011 5
      vertex 11.5701 10.7394 5
      vertex 11.8971 10.25 5
    endloop
  endfacet
  facet normal 0 0 1
    outer loop
      vertex 11.182 11.182 5
      vertex 11.7575 12.1267 5
      vertex 11.54 12.272 5
    endloop
  endfacet
  facet normal 0 0 1
    outer loop
      vertex 10.7394 11.5701 5
      vertex 11.54 12.272 5
      vertex 11.3054 12.3878 5
    endloop
  endfacet
  facet normal 0 0 1
    outer loop
      vertex 12.272 11.54 5
      vertex 11.182 11.182 5
      vertex 11.5701 10.7394 5
    endloop
  endfacet
  facet normal 0 0 1
    outer loop
      vertex 10.7394 11.5701 5
      vertex 11.3054 12.3878 5
      vertex 11.0576 12.4719 5
    endloop
  endfacet
  facet normal 0 0 1
    outer loop
      vertex 10.7394 11.5701 5
      vertex 11.0576 12.4719 5
      vertex 10.8011 12.5229 5
    endloop
  endfacet
  facet normal 0 0 1
    outer loop
      vertex 11.54 12.272 5
      vertex 10.7394 11.5701 5
      vertex 11.182 11.182 5
    endloop
  endfacet
  facet normal 0 0 1
    outer loop
      vertex 10.25 11.8971 5
      vertex 10.8011 12.5229 5
      vertex 10.54 12.54 5
    endloop
  endfacet
  facet normal 0 0 1
    outer loop
      vertex 10.25 11.8971 5
      vertex 10.54 12.54 5
      vertex 10.2789 12.5229 5
    endloop
  endfacet
  facet normal 0 0 1
    outer loop
      vertex 10.8011 12.5229 5
      vertex 10.25 11.8971 5
      vertex 10.7394 11.5701 5
    endloop
  endfacet
  facet normal -0 0 1
    outer loop
      vertex 10.0224 12.4719 5
      vertex 10.25 11.8971 5
      vertex 10.2789 12.5229 5
    endloop
  endfacet
  facet normal 0 0 1
    outer loop
      vertex 9.72207 12.1575 5
      vertex 10.0224 12.4719 5
      vertex 9.77463 12.3878 5
    endloop
  endfacet
  facet normal 0 0 1
    outer loop
      vertex 10.0224 12.4719 5
      vertex 9.72207 12.1575 5
      vertex 10.25 11.8971 5
    endloop
  endfacet
  facet normal -0 0 1
    outer loop
      vertex 9.54 12.272 5
      vertex 9.72207 12.1575 5
      vertex 9.77463 12.3878 5
    endloop
  endfacet
  facet normal 0 0 1
    outer loop
      vertex 9.72207 12.1575 5
      vertex 9.54 12.272 5
      vertex 9.48761 12.237 5
    endloop
  endfacet
  facet normal 0.980731 0.195365 0
    outer loop
      vertex 154.702 11.1274 11
      vertex 154.587 11.7047 3
      vertex 154.587 11.7047 11
    endloop
  endfacet
  facet normal 0.980731 0.195365 0
    outer loop
      vertex 154.587 11.7047 3
      vertex 154.702 11.1274 11
      vertex 154.702 11.1274 3
    endloop
  endfacet
  facet normal 0.998494 0.0548623 0
    outer loop
      vertex 154.706 11.0546 11
      vertex 154.702 11.1274 3
      vertex 154.702 11.1274 11
    endloop
  endfacet
  facet normal 0.998494 0.0548623 0
    outer loop
      vertex 154.702 11.1274 3
      vertex 154.706 11.0546 11
      vertex 154.706 11.0546 3
    endloop
  endfacet
  facet normal -0.751929 -0.659244 0
    outer loop
      vertex 147.058 7.35802 3
      vertex 146.67 7.80057 11
      vertex 146.67 7.80057 3
    endloop
  endfacet
  facet normal -0.751929 -0.659244 0
    outer loop
      vertex 146.67 7.80057 11
      vertex 147.058 7.35802 3
      vertex 147.058 7.35802 11
    endloop
  endfacet
  facet normal 0 0 1
    outer loop
      vertex 154.43 10.7394 11
      vertex 154.702 11.1274 11
      vertex 154.587 11.7047 11
    endloop
  endfacet
  facet normal 0 0 1
    outer loop
      vertex 154.702 11.1274 11
      vertex 154.43 10.7394 11
      vertex 154.706 11.0546 11
    endloop
  endfacet
  facet normal 0 0 1
    outer loop
      vertex 152.172 11.0576 11
      vertex 154.587 11.7047 11
      vertex 154.397 12.2621 11
    endloop
  endfacet
  facet normal 0 0 1
    outer loop
      vertex 152.088 11.3054 11
      vertex 154.397 12.2621 11
      vertex 154.137 12.79 11
    endloop
  endfacet
  facet normal 0 -0 1
    outer loop
      vertex 152.172 11.0576 11
      vertex 154.397 12.2621 11
      vertex 152.088 11.3054 11
    endloop
  endfacet
  facet normal -0 -0 1
    outer loop
      vertex 152.223 10.8011 11
      vertex 154.43 10.7394 11
      vertex 152.172 11.0576 11
    endloop
  endfacet
  facet normal 0 0 1
    outer loop
      vertex 151.972 11.54 11
      vertex 154.137 12.79 11
      vertex 153.81 13.2794 11
    endloop
  endfacet
  facet normal 0 0 1
    outer loop
      vertex 154.43 10.7394 11
      vertex 152.223 10.8011 11
      vertex 154.103 10.25 11
    endloop
  endfacet
  facet normal 0 0 1
    outer loop
      vertex 154.103 10.25 11
      vertex 152.24 10.54 11
      vertex 153.843 9.72207 11
    endloop
  endfacet
  facet normal -0 0 1
    outer loop
      vertex 152.172 10.0224 11
      vertex 153.843 9.72207 11
      vertex 152.223 10.2789 11
    endloop
  endfacet
  facet normal 0 0 1
    outer loop
      vertex 151.827 11.7575 11
      vertex 153.81 13.2794 11
      vertex 153.422 13.722 11
    endloop
  endfacet
  facet normal 0 0 1
    outer loop
      vertex 153.5 8 11
      vertex 153.422 7.35802 11
      vertex 153.534 7.48544 11
    endloop
  endfacet
  facet normal 0 0 1
    outer loop
      vertex 153.843 9.72207 11
      vertex 152.172 10.0224 11
      vertex 153.653 9.16469 11
    endloop
  endfacet
  facet normal 0 0 1
    outer loop
      vertex 151.654 11.9542 11
      vertex 153.422 13.722 11
      vertex 152.979 14.1101 11
    endloop
  endfacet
  facet normal -0 0 1
    outer loop
      vertex 152.088 9.77463 11
      vertex 153.653 9.16469 11
      vertex 152.172 10.0224 11
    endloop
  endfacet
  facet normal 0 0 1
    outer loop
      vertex 151.458 12.1267 11
      vertex 152.979 14.1101 11
      vertex 152.49 14.4371 11
    endloop
  endfacet
  facet normal -0 0 1
    outer loop
      vertex 151.972 9.54 11
      vertex 153.653 9.16469 11
      vertex 152.088 9.77463 11
    endloop
  endfacet
  facet normal 0 0 1
    outer loop
      vertex 153.653 9.16469 11
      vertex 151.972 9.54 11
      vertex 153.538 8.58737 11
    endloop
  endfacet
  facet normal -0 0 1
    outer loop
      vertex 152.223 10.2789 11
      vertex 153.843 9.72207 11
      vertex 152.24 10.54 11
    endloop
  endfacet
  facet normal -0 -0 1
    outer loop
      vertex 152.24 10.54 11
      vertex 154.103 10.25 11
      vertex 152.223 10.8011 11
    endloop
  endfacet
  facet normal 0 0 1
    outer loop
      vertex 154.587 11.7047 11
      vertex 152.172 11.0576 11
      vertex 154.43 10.7394 11
    endloop
  endfacet
  facet normal 0 0 1
    outer loop
      vertex 154.137 12.79 11
      vertex 151.972 11.54 11
      vertex 152.088 11.3054 11
    endloop
  endfacet
  facet normal 0 0 1
    outer loop
      vertex 151.24 12.272 11
      vertex 152.49 14.4371 11
      vertex 151.962 14.6975 11
    endloop
  endfacet
  facet normal 0 0 1
    outer loop
      vertex 153.81 13.2794 11
      vertex 151.827 11.7575 11
      vertex 151.972 11.54 11
    endloop
  endfacet
  facet normal 0 0 1
    outer loop
      vertex 153.422 13.722 11
      vertex 151.654 11.9542 11
      vertex 151.827 11.7575 11
    endloop
  endfacet
  facet normal 0 0 1
    outer loop
      vertex 152.979 14.1101 11
      vertex 151.458 12.1267 11
      vertex 151.654 11.9542 11
    endloop
  endfacet
  facet normal 0 0 1
    outer loop
      vertex 151.005 12.3878 11
      vertex 151.962 14.6975 11
      vertex 151.405 14.8867 11
    endloop
  endfacet
  facet normal 0 0 1
    outer loop
      vertex 152.49 14.4371 11
      vertex 151.24 12.272 11
      vertex 151.458 12.1267 11
    endloop
  endfacet
  facet normal 0 0 1
    outer loop
      vertex 151.962 14.6975 11
      vertex 151.005 12.3878 11
      vertex 151.24 12.272 11
    endloop
  endfacet
  facet normal 0 0 1
    outer loop
      vertex 150.758 12.4719 11
      vertex 151.405 14.8867 11
      vertex 150.827 15.0015 11
    endloop
  endfacet
  facet normal 0 0 1
    outer loop
      vertex 151.405 14.8867 11
      vertex 150.758 12.4719 11
      vertex 151.005 12.3878 11
    endloop
  endfacet
  facet normal 0 0 1
    outer loop
      vertex 150.827 15.0015 11
      vertex 150.501 12.5229 11
      vertex 150.758 12.4719 11
    endloop
  endfacet
  facet normal 0 0 1
    outer loop
      vertex 150.24 15.04 11
      vertex 150.501 12.5229 11
      vertex 150.827 15.0015 11
    endloop
  endfacet
  facet normal 0 0 1
    outer loop
      vertex 150.24 15.04 11
      vertex 150.24 12.54 11
      vertex 150.501 12.5229 11
    endloop
  endfacet
  facet normal 0 0 1
    outer loop
      vertex 150.24 15.04 11
      vertex 149.979 12.5229 11
      vertex 150.24 12.54 11
    endloop
  endfacet
  facet normal -0 0 1
    outer loop
      vertex 149.653 15.0015 11
      vertex 149.979 12.5229 11
      vertex 150.24 15.04 11
    endloop
  endfacet
  facet normal 0 0 1
    outer loop
      vertex 149.979 12.5229 11
      vertex 149.653 15.0015 11
      vertex 149.722 12.4719 11
    endloop
  endfacet
  facet normal -0 0 1
    outer loop
      vertex 149.075 14.8867 11
      vertex 149.722 12.4719 11
      vertex 149.653 15.0015 11
    endloop
  endfacet
  facet normal 0 0 1
    outer loop
      vertex 149.722 12.4719 11
      vertex 149.075 14.8867 11
      vertex 149.475 12.3878 11
    endloop
  endfacet
  facet normal -0 0 1
    outer loop
      vertex 148.518 14.6975 11
      vertex 149.475 12.3878 11
      vertex 149.075 14.8867 11
    endloop
  endfacet
  facet normal 0 0 1
    outer loop
      vertex 149.475 12.3878 11
      vertex 148.518 14.6975 11
      vertex 149.24 12.272 11
    endloop
  endfacet
  facet normal -0 0 1
    outer loop
      vertex 147.99 14.4371 11
      vertex 149.24 12.272 11
      vertex 148.518 14.6975 11
    endloop
  endfacet
  facet normal 0 0 1
    outer loop
      vertex 149.24 12.272 11
      vertex 147.99 14.4371 11
      vertex 149.022 12.1267 11
    endloop
  endfacet
  facet normal -0 0 1
    outer loop
      vertex 147.501 14.1101 11
      vertex 149.022 12.1267 11
      vertex 147.99 14.4371 11
    endloop
  endfacet
  facet normal 0 0 1
    outer loop
      vertex 149.022 12.1267 11
      vertex 147.501 14.1101 11
      vertex 148.826 11.9542 11
    endloop
  endfacet
  facet normal -0 0 1
    outer loop
      vertex 147.058 13.722 11
      vertex 148.826 11.9542 11
      vertex 147.501 14.1101 11
    endloop
  endfacet
  facet normal 0 0 1
    outer loop
      vertex 148.826 11.9542 11
      vertex 147.058 13.722 11
      vertex 148.653 11.7575 11
    endloop
  endfacet
  facet normal -0 0 1
    outer loop
      vertex 146.67 13.2794 11
      vertex 148.653 11.7575 11
      vertex 147.058 13.722 11
    endloop
  endfacet
  facet normal -0 0 1
    outer loop
      vertex 146.343 12.79 11
      vertex 148.508 11.54 11
      vertex 146.67 13.2794 11
    endloop
  endfacet
  facet normal 0 0 1
    outer loop
      vertex 148.653 11.7575 11
      vertex 146.67 13.2794 11
      vertex 148.508 11.54 11
    endloop
  endfacet
  facet normal -0 0 1
    outer loop
      vertex 151.827 9.32248 11
      vertex 153.538 8.58737 11
      vertex 151.972 9.54 11
    endloop
  endfacet
  facet normal -0 0 1
    outer loop
      vertex 151.654 9.12579 11
      vertex 153.538 8.58737 11
      vertex 151.827 9.32248 11
    endloop
  endfacet
  facet normal 0 0 1
    outer loop
      vertex 153.538 8.58737 11
      vertex 151.654 9.12579 11
      vertex 153.5 8 11
    endloop
  endfacet
  facet normal -0 0 1
    outer loop
      vertex 151.458 8.95329 11
      vertex 153.5 8 11
      vertex 151.654 9.12579 11
    endloop
  endfacet
  facet normal 0 0 1
    outer loop
      vertex 153.5 8 11
      vertex 152.979 6.96991 11
      vertex 153.422 7.35802 11
    endloop
  endfacet
  facet normal 0 0 1
    outer loop
      vertex 153.5 8 11
      vertex 151.458 8.95329 11
      vertex 152.979 6.96991 11
    endloop
  endfacet
  facet normal 0 0 1
    outer loop
      vertex 152.979 6.96991 11
      vertex 151.458 8.95329 11
      vertex 152.49 6.64289 11
    endloop
  endfacet
  facet normal -0 0 1
    outer loop
      vertex 151.24 8.80795 11
      vertex 152.49 6.64289 11
      vertex 151.458 8.95329 11
    endloop
  endfacet
  facet normal 0 0 1
    outer loop
      vertex 152.49 6.64289 11
      vertex 151.24 8.80795 11
      vertex 151.962 6.38254 11
    endloop
  endfacet
  facet normal -0 0 1
    outer loop
      vertex 151.005 8.69224 11
      vertex 151.962 6.38254 11
      vertex 151.24 8.80795 11
    endloop
  endfacet
  facet normal 0 0 1
    outer loop
      vertex 151.962 6.38254 11
      vertex 151.005 8.69224 11
      vertex 151.405 6.19333 11
    endloop
  endfacet
  facet normal -0 0 1
    outer loop
      vertex 150.758 8.60815 11
      vertex 151.405 6.19333 11
      vertex 151.005 8.69224 11
    endloop
  endfacet
  facet normal 0 0 1
    outer loop
      vertex 151.405 6.19333 11
      vertex 150.758 8.60815 11
      vertex 150.827 6.0785 11
    endloop
  endfacet
  facet normal -0 0 1
    outer loop
      vertex 150.501 8.55711 11
      vertex 150.827 6.0785 11
      vertex 150.758 8.60815 11
    endloop
  endfacet
  facet normal -0 0 1
    outer loop
      vertex 150.24 8.54 11
      vertex 150.827 6.0785 11
      vertex 150.501 8.55711 11
    endloop
  endfacet
  facet normal 0 0 1
    outer loop
      vertex 150.24 8.54 11
      vertex 150.24 6.04 11
      vertex 150.827 6.0785 11
    endloop
  endfacet
  facet normal 0 0 1
    outer loop
      vertex 149.979 8.55711 11
      vertex 150.24 6.04 11
      vertex 150.24 8.54 11
    endloop
  endfacet
  facet normal 0 0 1
    outer loop
      vertex 149.653 6.0785 11
      vertex 149.979 8.55711 11
      vertex 149.722 8.60815 11
    endloop
  endfacet
  facet normal 0 0 1
    outer loop
      vertex 149.979 8.55711 11
      vertex 149.653 6.0785 11
      vertex 150.24 6.04 11
    endloop
  endfacet
  facet normal 0 0 1
    outer loop
      vertex 149.075 6.19333 11
      vertex 149.722 8.60815 11
      vertex 149.475 8.69224 11
    endloop
  endfacet
  facet normal 0 0 1
    outer loop
      vertex 148.518 6.38254 11
      vertex 149.475 8.69224 11
      vertex 149.24 8.80795 11
    endloop
  endfacet
  facet normal 0 0 1
    outer loop
      vertex 149.722 8.60815 11
      vertex 149.075 6.19333 11
      vertex 149.653 6.0785 11
    endloop
  endfacet
  facet normal 0 0 1
    outer loop
      vertex 147.99 6.64289 11
      vertex 149.24 8.80795 11
      vertex 149.022 8.95329 11
    endloop
  endfacet
  facet normal 0 0 1
    outer loop
      vertex 147.501 6.96991 11
      vertex 149.022 8.95329 11
      vertex 148.826 9.12579 11
    endloop
  endfacet
  facet normal 0 0 1
    outer loop
      vertex 147.058 7.35802 11
      vertex 148.826 9.12579 11
      vertex 148.653 9.32248 11
    endloop
  endfacet
  facet normal 0 0 1
    outer loop
      vertex 149.475 8.69224 11
      vertex 148.518 6.38254 11
      vertex 149.075 6.19333 11
    endloop
  endfacet
  facet normal 0 0 1
    outer loop
      vertex 146.67 7.80057 11
      vertex 148.653 9.32248 11
      vertex 148.508 9.54 11
    endloop
  endfacet
  facet normal 0 0 1
    outer loop
      vertex 146.343 8.29 11
      vertex 148.508 9.54 11
      vertex 148.392 9.77463 11
    endloop
  endfacet
  facet normal 0 0 1
    outer loop
      vertex 146.083 8.81793 11
      vertex 148.392 9.77463 11
      vertex 148.308 10.0224 11
    endloop
  endfacet
  facet normal 0 0 1
    outer loop
      vertex 145.893 9.37531 11
      vertex 148.308 10.0224 11
      vertex 148.257 10.2789 11
    endloop
  endfacet
  facet normal 0 0 1
    outer loop
      vertex 149.24 8.80795 11
      vertex 147.99 6.64289 11
      vertex 148.518 6.38254 11
    endloop
  endfacet
  facet normal 0 0 1
    outer loop
      vertex 145.779 9.95263 11
      vertex 148.257 10.2789 11
      vertex 148.24 10.54 11
    endloop
  endfacet
  facet normal 0 0 1
    outer loop
      vertex 148.508 11.54 11
      vertex 146.343 12.79 11
      vertex 148.392 11.3054 11
    endloop
  endfacet
  facet normal -0 0 1
    outer loop
      vertex 146.083 12.2621 11
      vertex 148.392 11.3054 11
      vertex 146.343 12.79 11
    endloop
  endfacet
  facet normal 0 0 1
    outer loop
      vertex 149.022 8.95329 11
      vertex 147.501 6.96991 11
      vertex 147.99 6.64289 11
    endloop
  endfacet
  facet normal 0 0 1
    outer loop
      vertex 148.392 11.3054 11
      vertex 146.083 12.2621 11
      vertex 148.308 11.0576 11
    endloop
  endfacet
  facet normal 0 0 1
    outer loop
      vertex 148.826 9.12579 11
      vertex 147.058 7.35802 11
      vertex 147.501 6.96991 11
    endloop
  endfacet
  facet normal -0 0 1
    outer loop
      vertex 145.893 11.7047 11
      vertex 148.308 11.0576 11
      vertex 146.083 12.2621 11
    endloop
  endfacet
  facet normal 0 0 1
    outer loop
      vertex 148.653 9.32248 11
      vertex 146.67 7.80057 11
      vertex 147.058 7.35802 11
    endloop
  endfacet
  facet normal 0 0 1
    outer loop
      vertex 148.308 11.0576 11
      vertex 145.893 11.7047 11
      vertex 148.257 10.8011 11
    endloop
  endfacet
  facet normal 0 0 1
    outer loop
      vertex 148.508 9.54 11
      vertex 146.343 8.29 11
      vertex 146.67 7.80057 11
    endloop
  endfacet
  facet normal -0 0 1
    outer loop
      vertex 145.779 11.1274 11
      vertex 148.257 10.8011 11
      vertex 145.893 11.7047 11
    endloop
  endfacet
  facet normal 0 0 1
    outer loop
      vertex 148.392 9.77463 11
      vertex 146.083 8.81793 11
      vertex 146.343 8.29 11
    endloop
  endfacet
  facet normal 0 0 1
    outer loop
      vertex 148.257 10.8011 11
      vertex 145.779 11.1274 11
      vertex 148.24 10.54 11
    endloop
  endfacet
  facet normal 0 0 1
    outer loop
      vertex 148.308 10.0224 11
      vertex 145.893 9.37531 11
      vertex 146.083 8.81793 11
    endloop
  endfacet
  facet normal 0 0 1
    outer loop
      vertex 145.74 10.54 11
      vertex 148.24 10.54 11
      vertex 145.779 11.1274 11
    endloop
  endfacet
  facet normal 0 0 1
    outer loop
      vertex 148.257 10.2789 11
      vertex 145.779 9.95263 11
      vertex 145.893 9.37531 11
    endloop
  endfacet
  facet normal 0 0 1
    outer loop
      vertex 148.24 10.54 11
      vertex 145.74 10.54 11
      vertex 145.779 9.95263 11
    endloop
  endfacet
  facet normal 0.831475 0.555562 0
    outer loop
      vertex 154.137 12.79 11
      vertex 153.81 13.2794 3
      vertex 153.81 13.2794 11
    endloop
  endfacet
  facet normal 0.831475 0.555562 0
    outer loop
      vertex 153.81 13.2794 3
      vertex 154.137 12.79 11
      vertex 154.137 12.79 3
    endloop
  endfacet
  facet normal 0.555877 0.831265 -0
    outer loop
      vertex 152.979 14.1101 3
      vertex 152.49 14.4371 11
      vertex 152.979 14.1101 11
    endloop
  endfacet
  facet normal 0.555877 0.831265 0
    outer loop
      vertex 152.49 14.4371 11
      vertex 152.979 14.1101 3
      vertex 152.49 14.4371 3
    endloop
  endfacet
  facet normal 0.321628 0.946866 -0
    outer loop
      vertex 151.962 14.6975 3
      vertex 151.405 14.8867 11
      vertex 151.962 14.6975 11
    endloop
  endfacet
  facet normal 0.321628 0.946866 0
    outer loop
      vertex 151.405 14.8867 11
      vertex 151.962 14.6975 3
      vertex 151.405 14.8867 3
    endloop
  endfacet
  facet normal -0.897096 0.441836 0
    outer loop
      vertex 146.083 12.2621 3
      vertex 146.343 12.79 11
      vertex 146.343 12.79 3
    endloop
  endfacet
  facet normal -0.897096 0.441836 0
    outer loop
      vertex 146.343 12.79 11
      vertex 146.083 12.2621 3
      vertex 146.083 12.2621 11
    endloop
  endfacet
  facet normal -0.658961 0.752177 0
    outer loop
      vertex 147.501 14.1101 3
      vertex 147.058 13.722 11
      vertex 147.501 14.1101 11
    endloop
  endfacet
  facet normal -0.658961 0.752177 0
    outer loop
      vertex 147.058 13.722 11
      vertex 147.501 14.1101 3
      vertex 147.058 13.722 3
    endloop
  endfacet
  facet normal 0.321644 -0.946861 0
    outer loop
      vertex 151.405 6.19333 3
      vertex 151.962 6.38254 11
      vertex 151.405 6.19333 11
    endloop
  endfacet
  facet normal 0.321644 -0.946861 0
    outer loop
      vertex 151.962 6.38254 11
      vertex 151.405 6.19333 3
      vertex 151.962 6.38254 3
    endloop
  endfacet
  facet normal -0.997803 -0.0662518 0
    outer loop
      vertex 145.779 9.95263 3
      vertex 145.74 10.54 11
      vertex 145.74 10.54 3
    endloop
  endfacet
  facet normal -0.997803 -0.0662518 0
    outer loop
      vertex 145.74 10.54 11
      vertex 145.779 9.95263 3
      vertex 145.779 9.95263 11
    endloop
  endfacet
  facet normal -0.658971 -0.752168 0
    outer loop
      vertex 147.058 7.35802 3
      vertex 147.501 6.96991 11
      vertex 147.058 7.35802 11
    endloop
  endfacet
  facet normal -0.658971 -0.752168 -0
    outer loop
      vertex 147.501 6.96991 11
      vertex 147.058 7.35802 3
      vertex 147.501 6.96991 3
    endloop
  endfacet
  facet normal -0.321628 0.946866 0
    outer loop
      vertex 149.075 14.8867 3
      vertex 148.518 14.6975 11
      vertex 149.075 14.8867 11
    endloop
  endfacet
  facet normal -0.321628 0.946866 0
    outer loop
      vertex 148.518 14.6975 11
      vertex 149.075 14.8867 3
      vertex 148.518 14.6975 3
    endloop
  endfacet
  facet normal -0.831491 -0.555539 0
    outer loop
      vertex 146.67 7.80057 3
      vertex 146.343 8.29 11
      vertex 146.343 8.29 3
    endloop
  endfacet
  facet normal -0.831491 -0.555539 0
    outer loop
      vertex 146.343 8.29 11
      vertex 146.67 7.80057 3
      vertex 146.67 7.80057 11
    endloop
  endfacet
  facet normal -0.555877 0.831265 0
    outer loop
      vertex 147.99 14.4371 3
      vertex 147.501 14.1101 11
      vertex 147.99 14.4371 11
    endloop
  endfacet
  facet normal -0.555877 0.831265 0
    outer loop
      vertex 147.501 14.1101 11
      vertex 147.99 14.4371 3
      vertex 147.501 14.1101 3
    endloop
  endfacet
  facet normal 0.194811 0.980841 -0
    outer loop
      vertex 151.405 14.8867 3
      vertex 150.827 15.0015 11
      vertex 151.405 14.8867 11
    endloop
  endfacet
  facet normal 0.194811 0.980841 0
    outer loop
      vertex 150.827 15.0015 11
      vertex 151.405 14.8867 3
      vertex 150.827 15.0015 3
    endloop
  endfacet
  facet normal -0.442315 0.89686 0
    outer loop
      vertex 148.518 14.6975 3
      vertex 147.99 14.4371 11
      vertex 148.518 14.6975 11
    endloop
  endfacet
  facet normal -0.442315 0.89686 0
    outer loop
      vertex 147.99 14.4371 11
      vertex 148.518 14.6975 3
      vertex 147.99 14.4371 3
    endloop
  endfacet
  facet normal 0.0654471 -0.997856 0
    outer loop
      vertex 150.24 6.04 3
      vertex 150.827 6.0785 11
      vertex 150.24 6.04 11
    endloop
  endfacet
  facet normal 0.0654471 -0.997856 0
    outer loop
      vertex 150.827 6.0785 11
      vertex 150.24 6.04 3
      vertex 150.827 6.0785 3
    endloop
  endfacet
  facet normal 0.658971 -0.752168 0
    outer loop
      vertex 152.979 6.96991 3
      vertex 153.422 7.35802 11
      vertex 152.979 6.96991 11
    endloop
  endfacet
  facet normal 0.658971 -0.752168 0
    outer loop
      vertex 153.422 7.35802 11
      vertex 152.979 6.96991 3
      vertex 153.422 7.35802 3
    endloop
  endfacet
  facet normal -0.946518 -0.32265 0
    outer loop
      vertex 146.083 8.81793 3
      vertex 145.893 9.37531 11
      vertex 145.893 9.37531 3
    endloop
  endfacet
  facet normal -0.946518 -0.32265 0
    outer loop
      vertex 145.893 9.37531 11
      vertex 146.083 8.81793 3
      vertex 146.083 8.81793 11
    endloop
  endfacet
  facet normal 0.442315 0.89686 -0
    outer loop
      vertex 152.49 14.4371 3
      vertex 151.962 14.6975 11
      vertex 152.49 14.4371 11
    endloop
  endfacet
  facet normal 0.442315 0.89686 0
    outer loop
      vertex 151.962 14.6975 11
      vertex 152.49 14.4371 3
      vertex 151.962 14.6975 3
    endloop
  endfacet
  facet normal -0.194811 0.980841 0
    outer loop
      vertex 149.653 15.0015 3
      vertex 149.075 14.8867 11
      vertex 149.653 15.0015 11
    endloop
  endfacet
  facet normal -0.194811 0.980841 0
    outer loop
      vertex 149.075 14.8867 11
      vertex 149.653 15.0015 3
      vertex 149.075 14.8867 3
    endloop
  endfacet
  facet normal 0.751966 0.659202 0
    outer loop
      vertex 153.81 13.2794 11
      vertex 153.422 13.722 3
      vertex 153.422 13.722 11
    endloop
  endfacet
  facet normal 0.751966 0.659202 0
    outer loop
      vertex 153.422 13.722 3
      vertex 153.81 13.2794 11
      vertex 153.81 13.2794 3
    endloop
  endfacet
  facet normal 0.751092 -0.660197 0
    outer loop
      vertex 153.422 7.35802 11
      vertex 153.534 7.48544 3
      vertex 153.534 7.48544 11
    endloop
  endfacet
  facet normal 0.751092 -0.660197 0
    outer loop
      vertex 153.534 7.48544 3
      vertex 153.422 7.35802 11
      vertex 153.422 7.35802 3
    endloop
  endfacet
  facet normal -0.442247 -0.896893 0
    outer loop
      vertex 147.99 6.64289 3
      vertex 148.518 6.38254 11
      vertex 147.99 6.64289 11
    endloop
  endfacet
  facet normal -0.442247 -0.896893 -0
    outer loop
      vertex 148.518 6.38254 11
      vertex 147.99 6.64289 3
      vertex 148.518 6.38254 3
    endloop
  endfacet
  facet normal -0.946522 0.322639 0
    outer loop
      vertex 145.893 11.7047 3
      vertex 146.083 12.2621 11
      vertex 146.083 12.2621 3
    endloop
  endfacet
  facet normal -0.946522 0.322639 0
    outer loop
      vertex 146.083 12.2621 11
      vertex 145.893 11.7047 3
      vertex 145.893 11.7047 11
    endloop
  endfacet
  facet normal 0.19486 -0.980831 0
    outer loop
      vertex 150.827 6.0785 3
      vertex 151.405 6.19333 11
      vertex 150.827 6.0785 11
    endloop
  endfacet
  facet normal 0.19486 -0.980831 0
    outer loop
      vertex 151.405 6.19333 11
      vertex 150.827 6.0785 3
      vertex 151.405 6.19333 3
    endloop
  endfacet
  facet normal 0.442247 -0.896893 0
    outer loop
      vertex 151.962 6.38254 3
      vertex 152.49 6.64289 11
      vertex 151.962 6.38254 11
    endloop
  endfacet
  facet normal 0.442247 -0.896893 0
    outer loop
      vertex 152.49 6.64289 11
      vertex 151.962 6.38254 3
      vertex 152.49 6.64289 3
    endloop
  endfacet
  facet normal -0.751966 0.659202 0
    outer loop
      vertex 146.67 13.2794 3
      vertex 147.058 13.722 11
      vertex 147.058 13.722 3
    endloop
  endfacet
  facet normal -0.751966 0.659202 0
    outer loop
      vertex 147.058 13.722 11
      vertex 146.67 13.2794 3
      vertex 146.67 13.2794 11
    endloop
  endfacet
  facet normal 0.658961 0.752177 -0
    outer loop
      vertex 153.422 13.722 3
      vertex 152.979 14.1101 11
      vertex 153.422 13.722 11
    endloop
  endfacet
  facet normal 0.658961 0.752177 0
    outer loop
      vertex 152.979 14.1101 11
      vertex 153.422 13.722 3
      vertex 152.979 14.1101 3
    endloop
  endfacet
  facet normal -0.897106 -0.441815 0
    outer loop
      vertex 146.343 8.29 3
      vertex 146.083 8.81793 11
      vertex 146.083 8.81793 3
    endloop
  endfacet
  facet normal -0.897106 -0.441815 0
    outer loop
      vertex 146.083 8.81793 11
      vertex 146.343 8.29 3
      vertex 146.343 8.29 11
    endloop
  endfacet
  facet normal -0.997803 0.0662484 0
    outer loop
      vertex 145.74 10.54 3
      vertex 145.779 11.1274 11
      vertex 145.779 11.1274 3
    endloop
  endfacet
  facet normal -0.997803 0.0662484 0
    outer loop
      vertex 145.779 11.1274 11
      vertex 145.74 10.54 3
      vertex 145.74 10.54 11
    endloop
  endfacet
  facet normal 0.897096 0.441836 0
    outer loop
      vertex 154.397 12.2621 11
      vertex 154.137 12.79 3
      vertex 154.137 12.79 11
    endloop
  endfacet
  facet normal 0.897096 0.441836 0
    outer loop
      vertex 154.137 12.79 3
      vertex 154.397 12.2621 11
      vertex 154.397 12.2621 3
    endloop
  endfacet
  facet normal -0.0654471 -0.997856 0
    outer loop
      vertex 149.653 6.0785 3
      vertex 150.24 6.04 11
      vertex 149.653 6.0785 11
    endloop
  endfacet
  facet normal -0.0654471 -0.997856 -0
    outer loop
      vertex 150.24 6.04 11
      vertex 149.653 6.0785 3
      vertex 150.24 6.04 3
    endloop
  endfacet
  facet normal 0.0654471 0.997856 -0
    outer loop
      vertex 150.827 15.0015 3
      vertex 150.24 15.04 11
      vertex 150.827 15.0015 11
    endloop
  endfacet
  facet normal 0.0654471 0.997856 0
    outer loop
      vertex 150.24 15.04 11
      vertex 150.827 15.0015 3
      vertex 150.24 15.04 3
    endloop
  endfacet
  facet normal -0.5559 -0.831249 0
    outer loop
      vertex 147.501 6.96991 3
      vertex 147.99 6.64289 11
      vertex 147.501 6.96991 11
    endloop
  endfacet
  facet normal -0.5559 -0.831249 -0
    outer loop
      vertex 147.99 6.64289 11
      vertex 147.501 6.96991 3
      vertex 147.99 6.64289 3
    endloop
  endfacet
  facet normal 0.5559 -0.831249 0
    outer loop
      vertex 152.49 6.64289 3
      vertex 152.979 6.96991 11
      vertex 152.49 6.64289 11
    endloop
  endfacet
  facet normal 0.5559 -0.831249 0
    outer loop
      vertex 152.979 6.96991 11
      vertex 152.49 6.64289 3
      vertex 152.979 6.96991 3
    endloop
  endfacet
  facet normal 0.946522 0.322639 0
    outer loop
      vertex 154.587 11.7047 11
      vertex 154.397 12.2621 3
      vertex 154.397 12.2621 11
    endloop
  endfacet
  facet normal 0.946522 0.322639 0
    outer loop
      vertex 154.397 12.2621 3
      vertex 154.587 11.7047 11
      vertex 154.587 11.7047 3
    endloop
  endfacet
  facet normal -0.981055 0.19373 0
    outer loop
      vertex 145.779 11.1274 3
      vertex 145.893 11.7047 11
      vertex 145.893 11.7047 3
    endloop
  endfacet
  facet normal -0.981055 0.19373 0
    outer loop
      vertex 145.893 11.7047 11
      vertex 145.779 11.1274 3
      vertex 145.779 11.1274 11
    endloop
  endfacet
  facet normal -0.0654471 0.997856 0
    outer loop
      vertex 150.24 15.04 3
      vertex 149.653 15.0015 11
      vertex 150.24 15.04 11
    endloop
  endfacet
  facet normal -0.0654471 0.997856 0
    outer loop
      vertex 149.653 15.0015 11
      vertex 150.24 15.04 3
      vertex 149.653 15.0015 3
    endloop
  endfacet
  facet normal -0.321644 -0.946861 0
    outer loop
      vertex 148.518 6.38254 3
      vertex 149.075 6.19333 11
      vertex 148.518 6.38254 11
    endloop
  endfacet
  facet normal -0.321644 -0.946861 -0
    outer loop
      vertex 149.075 6.19333 11
      vertex 148.518 6.38254 3
      vertex 149.075 6.19333 3
    endloop
  endfacet
  facet normal -0.981056 -0.193723 0
    outer loop
      vertex 145.893 9.37531 3
      vertex 145.779 9.95263 11
      vertex 145.779 9.95263 3
    endloop
  endfacet
  facet normal -0.981056 -0.193723 0
    outer loop
      vertex 145.779 9.95263 11
      vertex 145.893 9.37531 3
      vertex 145.893 9.37531 11
    endloop
  endfacet
  facet normal -0.19486 -0.980831 0
    outer loop
      vertex 149.075 6.19333 3
      vertex 149.653 6.0785 11
      vertex 149.075 6.19333 11
    endloop
  endfacet
  facet normal -0.19486 -0.980831 -0
    outer loop
      vertex 149.653 6.0785 11
      vertex 149.075 6.19333 3
      vertex 149.653 6.0785 3
    endloop
  endfacet
  facet normal -0.831475 0.555562 0
    outer loop
      vertex 146.343 12.79 3
      vertex 146.67 13.2794 11
      vertex 146.67 13.2794 3
    endloop
  endfacet
  facet normal -0.831475 0.555562 0
    outer loop
      vertex 146.67 13.2794 11
      vertex 146.343 12.79 3
      vertex 146.343 12.79 11
    endloop
  endfacet
  facet normal -0.980801 -0.195013 0
    outer loop
      vertex 152.223 10.8011 5
      vertex 152.172 11.0576 11
      vertex 152.172 11.0576 5
    endloop
  endfacet
  facet normal -0.980801 -0.195013 0
    outer loop
      vertex 152.172 11.0576 11
      vertex 152.223 10.8011 5
      vertex 152.223 10.8011 11
    endloop
  endfacet
  facet normal -0.997887 -0.0649716 0
    outer loop
      vertex 152.24 10.54 5
      vertex 152.223 10.8011 11
      vertex 152.223 10.8011 5
    endloop
  endfacet
  facet normal -0.997887 -0.0649716 0
    outer loop
      vertex 152.223 10.8011 11
      vertex 152.24 10.54 5
      vertex 152.24 10.54 11
    endloop
  endfacet
  facet normal -0.0653771 -0.997861 0
    outer loop
      vertex 150.24 12.54 5
      vertex 150.501 12.5229 11
      vertex 150.24 12.54 11
    endloop
  endfacet
  facet normal -0.0653771 -0.997861 -0
    outer loop
      vertex 150.501 12.5229 11
      vertex 150.24 12.54 5
      vertex 150.501 12.5229 5
    endloop
  endfacet
  facet normal 0.194648 -0.980873 0
    outer loop
      vertex 149.722 12.4719 5
      vertex 149.979 12.5229 11
      vertex 149.722 12.4719 11
    endloop
  endfacet
  facet normal 0.194648 -0.980873 0
    outer loop
      vertex 149.979 12.5229 11
      vertex 149.722 12.4719 5
      vertex 149.979 12.5229 5
    endloop
  endfacet
  facet normal -0.554718 0.832039 0
    outer loop
      vertex 151.458 8.95329 5
      vertex 151.24 8.80795 11
      vertex 151.458 8.95329 11
    endloop
  endfacet
  facet normal -0.554718 0.832039 0
    outer loop
      vertex 151.24 8.80795 11
      vertex 151.458 8.95329 5
      vertex 151.24 8.80795 5
    endloop
  endfacet
  facet normal 0.896405 -0.443235 0
    outer loop
      vertex 148.392 11.3054 11
      vertex 148.508 11.54 5
      vertex 148.508 11.54 11
    endloop
  endfacet
  facet normal 0.896405 -0.443235 0
    outer loop
      vertex 148.508 11.54 5
      vertex 148.392 11.3054 11
      vertex 148.392 11.3054 5
    endloop
  endfacet
  facet normal 0.947066 -0.321039 0
    outer loop
      vertex 148.308 11.0576 11
      vertex 148.392 11.3054 5
      vertex 148.392 11.3054 11
    endloop
  endfacet
  facet normal 0.947066 -0.321039 0
    outer loop
      vertex 148.392 11.3054 5
      vertex 148.308 11.0576 11
      vertex 148.308 11.0576 5
    endloop
  endfacet
  facet normal 0.322315 -0.946632 0
    outer loop
      vertex 149.475 12.3878 5
      vertex 149.722 12.4719 11
      vertex 149.475 12.3878 11
    endloop
  endfacet
  facet normal 0.322315 -0.946632 0
    outer loop
      vertex 149.722 12.4719 11
      vertex 149.475 12.3878 5
      vertex 149.722 12.4719 5
    endloop
  endfacet
  facet normal -0.997887 0.0649716 0
    outer loop
      vertex 152.223 10.2789 5
      vertex 152.24 10.54 11
      vertex 152.24 10.54 5
    endloop
  endfacet
  facet normal -0.997887 0.0649716 0
    outer loop
      vertex 152.24 10.54 11
      vertex 152.223 10.2789 5
      vertex 152.223 10.2789 11
    endloop
  endfacet
  facet normal 0.947054 0.321074 0
    outer loop
      vertex 148.392 9.77463 11
      vertex 148.308 10.0224 5
      vertex 148.308 10.0224 11
    endloop
  endfacet
  facet normal 0.947054 0.321074 0
    outer loop
      vertex 148.308 10.0224 5
      vertex 148.392 9.77463 11
      vertex 148.392 9.77463 5
    endloop
  endfacet
  facet normal 0.83205 -0.5547 0
    outer loop
      vertex 148.508 11.54 11
      vertex 148.653 11.7575 5
      vertex 148.653 11.7575 11
    endloop
  endfacet
  facet normal 0.83205 -0.5547 0
    outer loop
      vertex 148.653 11.7575 5
      vertex 148.508 11.54 11
      vertex 148.508 11.54 5
    endloop
  endfacet
  facet normal 0.980801 -0.195013 0
    outer loop
      vertex 148.257 10.8011 11
      vertex 148.308 11.0576 5
      vertex 148.308 11.0576 11
    endloop
  endfacet
  facet normal 0.980801 -0.195013 0
    outer loop
      vertex 148.308 11.0576 5
      vertex 148.257 10.8011 11
      vertex 148.257 10.8011 5
    endloop
  endfacet
  facet normal -0.947054 0.321074 0
    outer loop
      vertex 152.088 9.77463 5
      vertex 152.172 10.0224 11
      vertex 152.172 10.0224 5
    endloop
  endfacet
  facet normal -0.947054 0.321074 0
    outer loop
      vertex 152.172 10.0224 11
      vertex 152.088 9.77463 5
      vertex 152.088 9.77463 11
    endloop
  endfacet
  facet normal -0.660671 0.750676 0
    outer loop
      vertex 151.654 9.12579 5
      vertex 151.458 8.95329 11
      vertex 151.654 9.12579 11
    endloop
  endfacet
  facet normal -0.660671 0.750676 0
    outer loop
      vertex 151.458 8.95329 11
      vertex 151.654 9.12579 5
      vertex 151.458 8.95329 5
    endloop
  endfacet
  facet normal -0.322315 -0.946632 0
    outer loop
      vertex 150.758 12.4719 5
      vertex 151.005 12.3878 11
      vertex 150.758 12.4719 11
    endloop
  endfacet
  facet normal -0.322315 -0.946632 -0
    outer loop
      vertex 151.005 12.3878 11
      vertex 150.758 12.4719 5
      vertex 151.005 12.3878 5
    endloop
  endfacet
  facet normal 0.750879 0.66044 0
    outer loop
      vertex 148.826 9.12579 11
      vertex 148.653 9.32248 5
      vertex 148.653 9.32248 11
    endloop
  endfacet
  facet normal 0.750879 0.66044 0
    outer loop
      vertex 148.653 9.32248 5
      vertex 148.826 9.12579 11
      vertex 148.826 9.12579 5
    endloop
  endfacet
  facet normal 0.660671 -0.750676 0
    outer loop
      vertex 148.826 11.9542 5
      vertex 149.022 12.1267 11
      vertex 148.826 11.9542 11
    endloop
  endfacet
  facet normal 0.660671 -0.750676 0
    outer loop
      vertex 149.022 12.1267 11
      vertex 148.826 11.9542 5
      vertex 149.022 12.1267 5
    endloop
  endfacet
  facet normal 0.997887 -0.0649716 0
    outer loop
      vertex 148.24 10.54 11
      vertex 148.257 10.8011 5
      vertex 148.257 10.8011 11
    endloop
  endfacet
  facet normal 0.997887 -0.0649716 0
    outer loop
      vertex 148.257 10.8011 5
      vertex 148.24 10.54 11
      vertex 148.24 10.54 5
    endloop
  endfacet
  facet normal -0.554612 -0.832109 0
    outer loop
      vertex 151.24 12.272 5
      vertex 151.458 12.1267 11
      vertex 151.24 12.272 11
    endloop
  endfacet
  facet normal -0.554612 -0.832109 -0
    outer loop
      vertex 151.458 12.1267 11
      vertex 151.24 12.272 5
      vertex 151.458 12.1267 5
    endloop
  endfacet
  facet normal -0.832074 0.554665 0
    outer loop
      vertex 151.827 9.32248 5
      vertex 151.972 9.54 11
      vertex 151.972 9.54 5
    endloop
  endfacet
  facet normal -0.832074 0.554665 0
    outer loop
      vertex 151.972 9.54 11
      vertex 151.827 9.32248 5
      vertex 151.827 9.32248 11
    endloop
  endfacet
  facet normal -0.83205 -0.5547 0
    outer loop
      vertex 151.972 11.54 5
      vertex 151.827 11.7575 11
      vertex 151.827 11.7575 5
    endloop
  endfacet
  facet normal -0.83205 -0.5547 0
    outer loop
      vertex 151.827 11.7575 11
      vertex 151.972 11.54 5
      vertex 151.972 11.54 11
    endloop
  endfacet
  facet normal 0.750895 -0.660421 0
    outer loop
      vertex 148.653 11.7575 11
      vertex 148.826 11.9542 5
      vertex 148.826 11.9542 11
    endloop
  endfacet
  facet normal 0.750895 -0.660421 0
    outer loop
      vertex 148.826 11.9542 5
      vertex 148.653 11.7575 11
      vertex 148.653 11.7575 5
    endloop
  endfacet
  facet normal -0.322281 0.946644 0
    outer loop
      vertex 151.005 8.69224 5
      vertex 150.758 8.60815 11
      vertex 151.005 8.69224 11
    endloop
  endfacet
  facet normal -0.322281 0.946644 0
    outer loop
      vertex 150.758 8.60815 11
      vertex 151.005 8.69224 5
      vertex 150.758 8.60815 5
    endloop
  endfacet
  facet normal -0.750895 -0.660421 0
    outer loop
      vertex 151.827 11.7575 5
      vertex 151.654 11.9542 11
      vertex 151.654 11.9542 5
    endloop
  endfacet
  facet normal -0.750895 -0.660421 0
    outer loop
      vertex 151.654 11.9542 11
      vertex 151.827 11.7575 5
      vertex 151.827 11.7575 11
    endloop
  endfacet
  facet normal -0.0654151 0.997858 0
    outer loop
      vertex 150.501 8.55711 5
      vertex 150.24 8.54 11
      vertex 150.501 8.55711 11
    endloop
  endfacet
  facet normal -0.0654151 0.997858 0
    outer loop
      vertex 150.24 8.54 11
      vertex 150.501 8.55711 5
      vertex 150.24 8.54 5
    endloop
  endfacet
  facet normal -0.660671 -0.750676 0
    outer loop
      vertex 151.458 12.1267 5
      vertex 151.654 11.9542 11
      vertex 151.458 12.1267 11
    endloop
  endfacet
  facet normal -0.660671 -0.750676 -0
    outer loop
      vertex 151.654 11.9542 11
      vertex 151.458 12.1267 5
      vertex 151.654 11.9542 5
    endloop
  endfacet
  facet normal 0.997887 0.0649716 0
    outer loop
      vertex 148.257 10.2789 11
      vertex 148.24 10.54 5
      vertex 148.24 10.54 11
    endloop
  endfacet
  facet normal 0.997887 0.0649716 0
    outer loop
      vertex 148.24 10.54 5
      vertex 148.257 10.2789 11
      vertex 148.257 10.2789 5
    endloop
  endfacet
  facet normal 0.660671 0.750676 -0
    outer loop
      vertex 149.022 8.95329 5
      vertex 148.826 9.12579 11
      vertex 149.022 8.95329 11
    endloop
  endfacet
  facet normal 0.660671 0.750676 0
    outer loop
      vertex 148.826 9.12579 11
      vertex 149.022 8.95329 5
      vertex 148.826 9.12579 5
    endloop
  endfacet
  facet normal 0.554612 -0.832109 0
    outer loop
      vertex 149.022 12.1267 5
      vertex 149.24 12.272 11
      vertex 149.022 12.1267 11
    endloop
  endfacet
  facet normal 0.554612 -0.832109 0
    outer loop
      vertex 149.24 12.272 11
      vertex 149.022 12.1267 5
      vertex 149.24 12.272 5
    endloop
  endfacet
  facet normal -0.896405 -0.443235 0
    outer loop
      vertex 152.088 11.3054 5
      vertex 151.972 11.54 11
      vertex 151.972 11.54 5
    endloop
  endfacet
  facet normal -0.896405 -0.443235 0
    outer loop
      vertex 151.972 11.54 11
      vertex 152.088 11.3054 5
      vertex 152.088 11.3054 11
    endloop
  endfacet
  facet normal 0.0654151 0.997858 -0
    outer loop
      vertex 150.24 8.54 5
      vertex 149.979 8.55711 11
      vertex 150.24 8.54 11
    endloop
  endfacet
  facet normal 0.0654151 0.997858 0
    outer loop
      vertex 149.979 8.55711 11
      vertex 150.24 8.54 5
      vertex 149.979 8.55711 5
    endloop
  endfacet
  facet normal -0.194795 0.980844 0
    outer loop
      vertex 150.758 8.60815 5
      vertex 150.501 8.55711 11
      vertex 150.758 8.60815 11
    endloop
  endfacet
  facet normal -0.194795 0.980844 0
    outer loop
      vertex 150.501 8.55711 11
      vertex 150.758 8.60815 5
      vertex 150.501 8.55711 5
    endloop
  endfacet
  facet normal -0.442015 -0.897008 0
    outer loop
      vertex 151.005 12.3878 5
      vertex 151.24 12.272 11
      vertex 151.005 12.3878 11
    endloop
  endfacet
  facet normal -0.442015 -0.897008 -0
    outer loop
      vertex 151.24 12.272 11
      vertex 151.005 12.3878 5
      vertex 151.24 12.272 5
    endloop
  endfacet
  facet normal -0.896428 0.44319 0
    outer loop
      vertex 151.972 9.54 5
      vertex 152.088 9.77463 11
      vertex 152.088 9.77463 5
    endloop
  endfacet
  facet normal -0.896428 0.44319 0
    outer loop
      vertex 152.088 9.77463 11
      vertex 151.972 9.54 5
      vertex 151.972 9.54 11
    endloop
  endfacet
  facet normal -0.980801 0.195013 0
    outer loop
      vertex 152.172 10.0224 5
      vertex 152.223 10.2789 11
      vertex 152.223 10.2789 5
    endloop
  endfacet
  facet normal -0.980801 0.195013 0
    outer loop
      vertex 152.223 10.2789 11
      vertex 152.172 10.0224 5
      vertex 152.172 10.0224 11
    endloop
  endfacet
  facet normal 0.980801 0.195013 0
    outer loop
      vertex 148.308 10.0224 11
      vertex 148.257 10.2789 5
      vertex 148.257 10.2789 11
    endloop
  endfacet
  facet normal 0.980801 0.195013 0
    outer loop
      vertex 148.257 10.2789 5
      vertex 148.308 10.0224 11
      vertex 148.308 10.0224 5
    endloop
  endfacet
  facet normal 0.194795 0.980844 -0
    outer loop
      vertex 149.979 8.55711 5
      vertex 149.722 8.60815 11
      vertex 149.979 8.55711 11
    endloop
  endfacet
  facet normal 0.194795 0.980844 0
    outer loop
      vertex 149.722 8.60815 11
      vertex 149.979 8.55711 5
      vertex 149.722 8.60815 5
    endloop
  endfacet
  facet normal -0.194648 -0.980873 0
    outer loop
      vertex 150.501 12.5229 5
      vertex 150.758 12.4719 11
      vertex 150.501 12.5229 11
    endloop
  endfacet
  facet normal -0.194648 -0.980873 -0
    outer loop
      vertex 150.758 12.4719 11
      vertex 150.501 12.5229 5
      vertex 150.758 12.4719 5
    endloop
  endfacet
  facet normal -0.947066 -0.321039 0
    outer loop
      vertex 152.172 11.0576 5
      vertex 152.088 11.3054 11
      vertex 152.088 11.3054 5
    endloop
  endfacet
  facet normal -0.947066 -0.321039 0
    outer loop
      vertex 152.088 11.3054 11
      vertex 152.172 11.0576 5
      vertex 152.172 11.0576 11
    endloop
  endfacet
  facet normal -0.441738 0.897144 0
    outer loop
      vertex 151.24 8.80795 5
      vertex 151.005 8.69224 11
      vertex 151.24 8.80795 11
    endloop
  endfacet
  facet normal -0.441738 0.897144 0
    outer loop
      vertex 151.005 8.69224 11
      vertex 151.24 8.80795 5
      vertex 151.005 8.69224 5
    endloop
  endfacet
  facet normal -0.750879 0.66044 0
    outer loop
      vertex 151.654 9.12579 5
      vertex 151.827 9.32248 11
      vertex 151.827 9.32248 5
    endloop
  endfacet
  facet normal -0.750879 0.66044 0
    outer loop
      vertex 151.827 9.32248 11
      vertex 151.654 9.12579 5
      vertex 151.654 9.12579 11
    endloop
  endfacet
  facet normal 0.832074 0.554665 0
    outer loop
      vertex 148.653 9.32248 11
      vertex 148.508 9.54 5
      vertex 148.508 9.54 11
    endloop
  endfacet
  facet normal 0.832074 0.554665 0
    outer loop
      vertex 148.508 9.54 5
      vertex 148.653 9.32248 11
      vertex 148.653 9.32248 5
    endloop
  endfacet
  facet normal 0.0653771 -0.997861 0
    outer loop
      vertex 149.979 12.5229 5
      vertex 150.24 12.54 11
      vertex 149.979 12.5229 11
    endloop
  endfacet
  facet normal 0.0653771 -0.997861 0
    outer loop
      vertex 150.24 12.54 11
      vertex 149.979 12.5229 5
      vertex 150.24 12.54 5
    endloop
  endfacet
  facet normal 0.322281 0.946644 -0
    outer loop
      vertex 149.722 8.60815 5
      vertex 149.475 8.69224 11
      vertex 149.722 8.60815 11
    endloop
  endfacet
  facet normal 0.322281 0.946644 0
    outer loop
      vertex 149.475 8.69224 11
      vertex 149.722 8.60815 5
      vertex 149.475 8.69224 5
    endloop
  endfacet
  facet normal 0.442015 -0.897008 0
    outer loop
      vertex 149.24 12.272 5
      vertex 149.475 12.3878 11
      vertex 149.24 12.272 11
    endloop
  endfacet
  facet normal 0.442015 -0.897008 0
    outer loop
      vertex 149.475 12.3878 11
      vertex 149.24 12.272 5
      vertex 149.475 12.3878 5
    endloop
  endfacet
  facet normal 0.441738 0.897144 -0
    outer loop
      vertex 149.475 8.69224 5
      vertex 149.24 8.80795 11
      vertex 149.475 8.69224 11
    endloop
  endfacet
  facet normal 0.441738 0.897144 0
    outer loop
      vertex 149.24 8.80795 11
      vertex 149.475 8.69224 5
      vertex 149.24 8.80795 5
    endloop
  endfacet
  facet normal 0.896428 0.44319 0
    outer loop
      vertex 148.508 9.54 11
      vertex 148.392 9.77463 5
      vertex 148.392 9.77463 11
    endloop
  endfacet
  facet normal 0.896428 0.44319 0
    outer loop
      vertex 148.392 9.77463 5
      vertex 148.508 9.54 11
      vertex 148.508 9.54 5
    endloop
  endfacet
  facet normal 0 0 1
    outer loop
      vertex 152.223 10.8011 5
      vertex 152.223 10.2789 5
      vertex 152.24 10.54 5
    endloop
  endfacet
  facet normal 0 0 1
    outer loop
      vertex 152.172 11.0576 5
      vertex 152.223 10.2789 5
      vertex 152.223 10.8011 5
    endloop
  endfacet
  facet normal 0 0 1
    outer loop
      vertex 152.172 11.0576 5
      vertex 152.172 10.0224 5
      vertex 152.223 10.2789 5
    endloop
  endfacet
  facet normal 0 0 1
    outer loop
      vertex 152.088 11.3054 5
      vertex 152.172 10.0224 5
      vertex 152.172 11.0576 5
    endloop
  endfacet
  facet normal 0 0 1
    outer loop
      vertex 152.088 11.3054 5
      vertex 152.088 9.77463 5
      vertex 152.172 10.0224 5
    endloop
  endfacet
  facet normal 0 0 1
    outer loop
      vertex 151.972 11.54 5
      vertex 152.088 9.77463 5
      vertex 152.088 11.3054 5
    endloop
  endfacet
  facet normal 0 0 1
    outer loop
      vertex 151.972 11.54 5
      vertex 151.972 9.54 5
      vertex 152.088 9.77463 5
    endloop
  endfacet
  facet normal 0 0 1
    outer loop
      vertex 151.827 11.7575 5
      vertex 151.972 9.54 5
      vertex 151.972 11.54 5
    endloop
  endfacet
  facet normal 0 0 1
    outer loop
      vertex 151.827 11.7575 5
      vertex 151.827 9.32248 5
      vertex 151.972 9.54 5
    endloop
  endfacet
  facet normal 0 0 1
    outer loop
      vertex 151.654 11.9542 5
      vertex 151.827 9.32248 5
      vertex 151.827 11.7575 5
    endloop
  endfacet
  facet normal 0 0 1
    outer loop
      vertex 151.654 11.9542 5
      vertex 151.654 9.12579 5
      vertex 151.827 9.32248 5
    endloop
  endfacet
  facet normal 0 0 1
    outer loop
      vertex 151.458 12.1267 5
      vertex 151.654 9.12579 5
      vertex 151.654 11.9542 5
    endloop
  endfacet
  facet normal 0 0 1
    outer loop
      vertex 151.458 12.1267 5
      vertex 151.458 8.95329 5
      vertex 151.654 9.12579 5
    endloop
  endfacet
  facet normal 0 0 1
    outer loop
      vertex 151.24 12.272 5
      vertex 151.458 8.95329 5
      vertex 151.458 12.1267 5
    endloop
  endfacet
  facet normal 0 0 1
    outer loop
      vertex 151.24 12.272 5
      vertex 151.24 8.80795 5
      vertex 151.458 8.95329 5
    endloop
  endfacet
  facet normal 0 0 1
    outer loop
      vertex 151.005 12.3878 5
      vertex 151.24 8.80795 5
      vertex 151.24 12.272 5
    endloop
  endfacet
  facet normal 0 0 1
    outer loop
      vertex 151.005 12.3878 5
      vertex 151.005 8.69224 5
      vertex 151.24 8.80795 5
    endloop
  endfacet
  facet normal 0 0 1
    outer loop
      vertex 150.758 12.4719 5
      vertex 151.005 8.69224 5
      vertex 151.005 12.3878 5
    endloop
  endfacet
  facet normal 0 0 1
    outer loop
      vertex 150.758 12.4719 5
      vertex 150.758 8.60815 5
      vertex 151.005 8.69224 5
    endloop
  endfacet
  facet normal 0 0 1
    outer loop
      vertex 150.501 12.5229 5
      vertex 150.758 8.60815 5
      vertex 150.758 12.4719 5
    endloop
  endfacet
  facet normal 0 0 1
    outer loop
      vertex 150.501 12.5229 5
      vertex 150.501 8.55711 5
      vertex 150.758 8.60815 5
    endloop
  endfacet
  facet normal 0 0 1
    outer loop
      vertex 150.24 12.54 5
      vertex 150.501 8.55711 5
      vertex 150.501 12.5229 5
    endloop
  endfacet
  facet normal 0 0 1
    outer loop
      vertex 150.24 12.54 5
      vertex 150.24 8.54 5
      vertex 150.501 8.55711 5
    endloop
  endfacet
  facet normal -0 0 1
    outer loop
      vertex 149.979 12.5229 5
      vertex 150.24 8.54 5
      vertex 150.24 12.54 5
    endloop
  endfacet
  facet normal 0 0 1
    outer loop
      vertex 149.979 12.5229 5
      vertex 149.979 8.55711 5
      vertex 150.24 8.54 5
    endloop
  endfacet
  facet normal -0 0 1
    outer loop
      vertex 149.722 12.4719 5
      vertex 149.979 8.55711 5
      vertex 149.979 12.5229 5
    endloop
  endfacet
  facet normal 0 0 1
    outer loop
      vertex 149.722 12.4719 5
      vertex 149.722 8.60815 5
      vertex 149.979 8.55711 5
    endloop
  endfacet
  facet normal -0 0 1
    outer loop
      vertex 149.475 12.3878 5
      vertex 149.722 8.60815 5
      vertex 149.722 12.4719 5
    endloop
  endfacet
  facet normal 0 0 1
    outer loop
      vertex 149.475 12.3878 5
      vertex 149.475 8.69224 5
      vertex 149.722 8.60815 5
    endloop
  endfacet
  facet normal -0 0 1
    outer loop
      vertex 149.24 12.272 5
      vertex 149.475 8.69224 5
      vertex 149.475 12.3878 5
    endloop
  endfacet
  facet normal 0 0 1
    outer loop
      vertex 149.24 12.272 5
      vertex 149.24 8.80795 5
      vertex 149.475 8.69224 5
    endloop
  endfacet
  facet normal -0 0 1
    outer loop
      vertex 149.022 12.1267 5
      vertex 149.24 8.80795 5
      vertex 149.24 12.272 5
    endloop
  endfacet
  facet normal 0 0 1
    outer loop
      vertex 149.022 12.1267 5
      vertex 149.022 8.95329 5
      vertex 149.24 8.80795 5
    endloop
  endfacet
  facet normal -0 0 1
    outer loop
      vertex 148.826 11.9542 5
      vertex 149.022 8.95329 5
      vertex 149.022 12.1267 5
    endloop
  endfacet
  facet normal 0 0 1
    outer loop
      vertex 148.826 11.9542 5
      vertex 148.826 9.12579 5
      vertex 149.022 8.95329 5
    endloop
  endfacet
  facet normal -0 0 1
    outer loop
      vertex 148.653 11.7575 5
      vertex 148.826 9.12579 5
      vertex 148.826 11.9542 5
    endloop
  endfacet
  facet normal 0 0 1
    outer loop
      vertex 148.653 11.7575 5
      vertex 148.653 9.32248 5
      vertex 148.826 9.12579 5
    endloop
  endfacet
  facet normal -0 0 1
    outer loop
      vertex 148.508 11.54 5
      vertex 148.653 9.32248 5
      vertex 148.653 11.7575 5
    endloop
  endfacet
  facet normal 0 0 1
    outer loop
      vertex 148.508 11.54 5
      vertex 148.508 9.54 5
      vertex 148.653 9.32248 5
    endloop
  endfacet
  facet normal -0 0 1
    outer loop
      vertex 148.392 11.3054 5
      vertex 148.508 9.54 5
      vertex 148.508 11.54 5
    endloop
  endfacet
  facet normal 0 0 1
    outer loop
      vertex 148.392 11.3054 5
      vertex 148.392 9.77463 5
      vertex 148.508 9.54 5
    endloop
  endfacet
  facet normal -0 0 1
    outer loop
      vertex 148.308 11.0576 5
      vertex 148.392 9.77463 5
      vertex 148.392 11.3054 5
    endloop
  endfacet
  facet normal 0 0 1
    outer loop
      vertex 148.308 11.0576 5
      vertex 148.308 10.0224 5
      vertex 148.392 9.77463 5
    endloop
  endfacet
  facet normal -0 0 1
    outer loop
      vertex 148.257 10.8011 5
      vertex 148.308 10.0224 5
      vertex 148.308 11.0576 5
    endloop
  endfacet
  facet normal 0 0 1
    outer loop
      vertex 148.257 10.8011 5
      vertex 148.257 10.2789 5
      vertex 148.308 10.0224 5
    endloop
  endfacet
  facet normal 0 -0 1
    outer loop
      vertex 148.257 10.2789 5
      vertex 148.257 10.8011 5
      vertex 148.24 10.54 5
    endloop
  endfacet
  facet normal 0.554718 0.832039 -0
    outer loop
      vertex 149.24 8.80795 5
      vertex 149.022 8.95329 11
      vertex 149.24 8.80795 11
    endloop
  endfacet
  facet normal 0.554718 0.832039 0
    outer loop
      vertex 149.022 8.95329 11
      vertex 149.24 8.80795 5
      vertex 149.022 8.95329 5
    endloop
  endfacet
  facet normal 0.980841 0.194811 0
    outer loop
      vertex 15.0015 100.027 11
      vertex 14.8867 100.605 3
      vertex 14.8867 100.605 11
    endloop
  endfacet
  facet normal 0.980841 0.194811 0
    outer loop
      vertex 14.8867 100.605 3
      vertex 15.0015 100.027 11
      vertex 15.0015 100.027 3
    endloop
  endfacet
  facet normal 0.997856 0.0654471 0
    outer loop
      vertex 15.04 99.44 11
      vertex 15.0015 100.027 3
      vertex 15.0015 100.027 11
    endloop
  endfacet
  facet normal 0.997856 0.0654471 0
    outer loop
      vertex 15.0015 100.027 3
      vertex 15.04 99.44 11
      vertex 15.04 99.44 3
    endloop
  endfacet
  facet normal 0.980796 -0.195038 0
    outer loop
      vertex 14.8867 98.2753 11
      vertex 15.0015 98.8526 3
      vertex 15.0015 98.8526 11
    endloop
  endfacet
  facet normal 0.980796 -0.195038 0
    outer loop
      vertex 15.0015 98.8526 3
      vertex 14.8867 98.2753 11
      vertex 14.8867 98.2753 3
    endloop
  endfacet
  facet normal -0.751873 -0.659308 0
    outer loop
      vertex 7.35802 96.258 3
      vertex 6.96991 96.7006 11
      vertex 6.96991 96.7006 3
    endloop
  endfacet
  facet normal -0.751873 -0.659308 0
    outer loop
      vertex 6.96991 96.7006 11
      vertex 7.35802 96.258 3
      vertex 7.35802 96.258 11
    endloop
  endfacet
  facet normal 0 0 1
    outer loop
      vertex 12.54 99.44 11
      vertex 15.04 99.44 11
      vertex 15.0015 100.027 11
    endloop
  endfacet
  facet normal 0 0 1
    outer loop
      vertex 12.5229 99.701 11
      vertex 15.0015 100.027 11
      vertex 14.8867 100.605 11
    endloop
  endfacet
  facet normal 0 0 1
    outer loop
      vertex 15.04 99.44 11
      vertex 12.54 99.44 11
      vertex 15.0015 98.8526 11
    endloop
  endfacet
  facet normal 0 0 1
    outer loop
      vertex 12.4719 99.9576 11
      vertex 14.8867 100.605 11
      vertex 14.6975 101.162 11
    endloop
  endfacet
  facet normal -0 0 1
    outer loop
      vertex 12.5229 99.1789 11
      vertex 15.0015 98.8526 11
      vertex 12.54 99.44 11
    endloop
  endfacet
  facet normal 0 0 1
    outer loop
      vertex 12.3878 100.205 11
      vertex 14.6975 101.162 11
      vertex 14.4371 101.69 11
    endloop
  endfacet
  facet normal 0 0 1
    outer loop
      vertex 15.0015 98.8526 11
      vertex 12.5229 99.1789 11
      vertex 14.8867 98.2753 11
    endloop
  endfacet
  facet normal 0 0 1
    outer loop
      vertex 12.272 100.44 11
      vertex 14.4371 101.69 11
      vertex 14.1101 102.179 11
    endloop
  endfacet
  facet normal -0 0 1
    outer loop
      vertex 12.4719 98.9224 11
      vertex 14.8867 98.2753 11
      vertex 12.5229 99.1789 11
    endloop
  endfacet
  facet normal 0 0 1
    outer loop
      vertex 12.1267 100.658 11
      vertex 14.1101 102.179 11
      vertex 13.722 102.622 11
    endloop
  endfacet
  facet normal 0 0 1
    outer loop
      vertex 14.8867 98.2753 11
      vertex 12.4719 98.9224 11
      vertex 14.6975 97.7179 11
    endloop
  endfacet
  facet normal 0 0 1
    outer loop
      vertex 11.9542 100.854 11
      vertex 13.722 102.622 11
      vertex 13.2794 103.01 11
    endloop
  endfacet
  facet normal -0 0 1
    outer loop
      vertex 12.3878 98.6746 11
      vertex 14.6975 97.7179 11
      vertex 12.4719 98.9224 11
    endloop
  endfacet
  facet normal 0 0 1
    outer loop
      vertex 11.7575 101.027 11
      vertex 13.2794 103.01 11
      vertex 12.79 103.337 11
    endloop
  endfacet
  facet normal 0 0 1
    outer loop
      vertex 14.6975 97.7179 11
      vertex 12.3878 98.6746 11
      vertex 14.4371 97.19 11
    endloop
  endfacet
  facet normal -0 0 1
    outer loop
      vertex 12.272 98.44 11
      vertex 14.4371 97.19 11
      vertex 12.3878 98.6746 11
    endloop
  endfacet
  facet normal 0 0 1
    outer loop
      vertex 15.0015 100.027 11
      vertex 12.5229 99.701 11
      vertex 12.54 99.44 11
    endloop
  endfacet
  facet normal 0 0 1
    outer loop
      vertex 14.8867 100.605 11
      vertex 12.4719 99.9576 11
      vertex 12.5229 99.701 11
    endloop
  endfacet
  facet normal 0 0 1
    outer loop
      vertex 14.6975 101.162 11
      vertex 12.3878 100.205 11
      vertex 12.4719 99.9576 11
    endloop
  endfacet
  facet normal 0 0 1
    outer loop
      vertex 14.4371 101.69 11
      vertex 12.272 100.44 11
      vertex 12.3878 100.205 11
    endloop
  endfacet
  facet normal 0 0 1
    outer loop
      vertex 11.54 101.172 11
      vertex 12.79 103.337 11
      vertex 12.2621 103.597 11
    endloop
  endfacet
  facet normal 0 0 1
    outer loop
      vertex 14.1101 102.179 11
      vertex 12.1267 100.658 11
      vertex 12.272 100.44 11
    endloop
  endfacet
  facet normal 0 0 1
    outer loop
      vertex 13.722 102.622 11
      vertex 11.9542 100.854 11
      vertex 12.1267 100.658 11
    endloop
  endfacet
  facet normal 0 0 1
    outer loop
      vertex 13.2794 103.01 11
      vertex 11.7575 101.027 11
      vertex 11.9542 100.854 11
    endloop
  endfacet
  facet normal 0 0 1
    outer loop
      vertex 11.3054 101.288 11
      vertex 12.2621 103.597 11
      vertex 11.7047 103.787 11
    endloop
  endfacet
  facet normal 0 0 1
    outer loop
      vertex 12.79 103.337 11
      vertex 11.54 101.172 11
      vertex 11.7575 101.027 11
    endloop
  endfacet
  facet normal 0 0 1
    outer loop
      vertex 12.2621 103.597 11
      vertex 11.3054 101.288 11
      vertex 11.54 101.172 11
    endloop
  endfacet
  facet normal 0 0 1
    outer loop
      vertex 11.0576 101.372 11
      vertex 11.7047 103.787 11
      vertex 11.1274 103.902 11
    endloop
  endfacet
  facet normal 0 0 1
    outer loop
      vertex 11.7047 103.787 11
      vertex 11.0576 101.372 11
      vertex 11.3054 101.288 11
    endloop
  endfacet
  facet normal 0 0 1
    outer loop
      vertex 11.1274 103.902 11
      vertex 10.8011 101.423 11
      vertex 11.0576 101.372 11
    endloop
  endfacet
  facet normal 0 0 1
    outer loop
      vertex 10.54 103.94 11
      vertex 10.8011 101.423 11
      vertex 11.1274 103.902 11
    endloop
  endfacet
  facet normal 0 0 1
    outer loop
      vertex 10.54 103.94 11
      vertex 10.54 101.44 11
      vertex 10.8011 101.423 11
    endloop
  endfacet
  facet normal 0 0 1
    outer loop
      vertex 10.54 103.94 11
      vertex 10.2789 101.423 11
      vertex 10.54 101.44 11
    endloop
  endfacet
  facet normal -0 0 1
    outer loop
      vertex 9.95263 103.902 11
      vertex 10.2789 101.423 11
      vertex 10.54 103.94 11
    endloop
  endfacet
  facet normal -0 0 1
    outer loop
      vertex 9.72207 103.843 11
      vertex 10.2789 101.423 11
      vertex 9.95263 103.902 11
    endloop
  endfacet
  facet normal 0 0 1
    outer loop
      vertex 10.2789 101.423 11
      vertex 9.72207 103.843 11
      vertex 10.0224 101.372 11
    endloop
  endfacet
  facet normal 0 0 1
    outer loop
      vertex 9.72207 103.843 11
      vertex 9.95263 103.902 11
      vertex 9.76659 103.864 11
    endloop
  endfacet
  facet normal -0 0 1
    outer loop
      vertex 9.16469 103.653 11
      vertex 10.0224 101.372 11
      vertex 9.72207 103.843 11
    endloop
  endfacet
  facet normal 0 0 1
    outer loop
      vertex 10.0224 101.372 11
      vertex 9.16469 103.653 11
      vertex 9.77463 101.288 11
    endloop
  endfacet
  facet normal -0 0 1
    outer loop
      vertex 8.77341 103.576 11
      vertex 9.77463 101.288 11
      vertex 9.16469 103.653 11
    endloop
  endfacet
  facet normal 0 0 1
    outer loop
      vertex 9.77463 101.288 11
      vertex 8.77341 103.576 11
      vertex 9.54 101.172 11
    endloop
  endfacet
  facet normal -0 0 1
    outer loop
      vertex 8.29 103.337 11
      vertex 9.54 101.172 11
      vertex 8.77341 103.576 11
    endloop
  endfacet
  facet normal 0 0 1
    outer loop
      vertex 9.54 101.172 11
      vertex 8.29 103.337 11
      vertex 9.32248 101.027 11
    endloop
  endfacet
  facet normal -0 0 1
    outer loop
      vertex 7.80057 103.01 11
      vertex 9.32248 101.027 11
      vertex 8.29 103.337 11
    endloop
  endfacet
  facet normal 0 0 1
    outer loop
      vertex 9.32248 101.027 11
      vertex 7.80057 103.01 11
      vertex 9.12579 100.854 11
    endloop
  endfacet
  facet normal -0 0 1
    outer loop
      vertex 7.35802 102.622 11
      vertex 9.12579 100.854 11
      vertex 7.80057 103.01 11
    endloop
  endfacet
  facet normal 0 0 1
    outer loop
      vertex 9.12579 100.854 11
      vertex 7.35802 102.622 11
      vertex 8.95329 100.658 11
    endloop
  endfacet
  facet normal -0 0 1
    outer loop
      vertex 6.96991 102.179 11
      vertex 8.95329 100.658 11
      vertex 7.35802 102.622 11
    endloop
  endfacet
  facet normal 0 0 1
    outer loop
      vertex 8.95329 100.658 11
      vertex 6.96991 102.179 11
      vertex 8.80795 100.44 11
    endloop
  endfacet
  facet normal -0 0 1
    outer loop
      vertex 6.64289 101.69 11
      vertex 8.80795 100.44 11
      vertex 6.96991 102.179 11
    endloop
  endfacet
  facet normal 0 0 1
    outer loop
      vertex 14.4371 97.19 11
      vertex 12.272 98.44 11
      vertex 14.1101 96.7006 11
    endloop
  endfacet
  facet normal -0 0 1
    outer loop
      vertex 12.1267 98.2225 11
      vertex 14.1101 96.7006 11
      vertex 12.272 98.44 11
    endloop
  endfacet
  facet normal 0 0 1
    outer loop
      vertex 14.1101 96.7006 11
      vertex 12.1267 98.2225 11
      vertex 13.722 96.258 11
    endloop
  endfacet
  facet normal -0 0 1
    outer loop
      vertex 11.9542 98.0258 11
      vertex 13.722 96.258 11
      vertex 12.1267 98.2225 11
    endloop
  endfacet
  facet normal 0 0 1
    outer loop
      vertex 13.722 96.258 11
      vertex 11.9542 98.0258 11
      vertex 13.2794 95.8699 11
    endloop
  endfacet
  facet normal -0 0 1
    outer loop
      vertex 11.7575 97.8533 11
      vertex 13.2794 95.8699 11
      vertex 11.9542 98.0258 11
    endloop
  endfacet
  facet normal 0 0 1
    outer loop
      vertex 13.2794 95.8699 11
      vertex 11.7575 97.8533 11
      vertex 12.79 95.5429 11
    endloop
  endfacet
  facet normal -0 0 1
    outer loop
      vertex 11.54 97.7079 11
      vertex 12.79 95.5429 11
      vertex 11.7575 97.8533 11
    endloop
  endfacet
  facet normal 0 0 1
    outer loop
      vertex 12.79 95.5429 11
      vertex 11.54 97.7079 11
      vertex 12.2621 95.2825 11
    endloop
  endfacet
  facet normal -0 0 1
    outer loop
      vertex 11.3054 97.5922 11
      vertex 12.2621 95.2825 11
      vertex 11.54 97.7079 11
    endloop
  endfacet
  facet normal 0 0 1
    outer loop
      vertex 12.2621 95.2825 11
      vertex 11.3054 97.5922 11
      vertex 11.7047 95.0933 11
    endloop
  endfacet
  facet normal -0 0 1
    outer loop
      vertex 11.0576 97.5081 11
      vertex 11.7047 95.0933 11
      vertex 11.3054 97.5922 11
    endloop
  endfacet
  facet normal 0 0 1
    outer loop
      vertex 11.7047 95.0933 11
      vertex 11.0576 97.5081 11
      vertex 11.1274 94.9785 11
    endloop
  endfacet
  facet normal -0 0 1
    outer loop
      vertex 10.8011 97.4571 11
      vertex 11.1274 94.9785 11
      vertex 11.0576 97.5081 11
    endloop
  endfacet
  facet normal -0 0 1
    outer loop
      vertex 10.54 97.44 11
      vertex 11.1274 94.9785 11
      vertex 10.8011 97.4571 11
    endloop
  endfacet
  facet normal 0 0 1
    outer loop
      vertex 10.54 97.44 11
      vertex 10.54 94.94 11
      vertex 11.1274 94.9785 11
    endloop
  endfacet
  facet normal 0 0 1
    outer loop
      vertex 10.2789 97.4571 11
      vertex 10.54 94.94 11
      vertex 10.54 97.44 11
    endloop
  endfacet
  facet normal 0 0 1
    outer loop
      vertex 9.95263 94.9785 11
      vertex 10.2789 97.4571 11
      vertex 10.0224 97.5081 11
    endloop
  endfacet
  facet normal 0 0 1
    outer loop
      vertex 10.2789 97.4571 11
      vertex 9.95263 94.9785 11
      vertex 10.54 94.94 11
    endloop
  endfacet
  facet normal 0 0 1
    outer loop
      vertex 9.37531 95.0933 11
      vertex 10.0224 97.5081 11
      vertex 9.77463 97.5922 11
    endloop
  endfacet
  facet normal 0 0 1
    outer loop
      vertex 8.81793 95.2825 11
      vertex 9.77463 97.5922 11
      vertex 9.54 97.7079 11
    endloop
  endfacet
  facet normal 0 0 1
    outer loop
      vertex 10.0224 97.5081 11
      vertex 9.37531 95.0933 11
      vertex 9.95263 94.9785 11
    endloop
  endfacet
  facet normal 0 0 1
    outer loop
      vertex 8.29 95.5429 11
      vertex 9.54 97.7079 11
      vertex 9.32248 97.8533 11
    endloop
  endfacet
  facet normal 0 0 1
    outer loop
      vertex 7.80057 95.8699 11
      vertex 9.32248 97.8533 11
      vertex 9.12579 98.0258 11
    endloop
  endfacet
  facet normal 0 0 1
    outer loop
      vertex 7.35802 96.258 11
      vertex 9.12579 98.0258 11
      vertex 8.95329 98.2225 11
    endloop
  endfacet
  facet normal 0 0 1
    outer loop
      vertex 9.77463 97.5922 11
      vertex 8.81793 95.2825 11
      vertex 9.37531 95.0933 11
    endloop
  endfacet
  facet normal 0 0 1
    outer loop
      vertex 6.96991 96.7006 11
      vertex 8.95329 98.2225 11
      vertex 8.80795 98.44 11
    endloop
  endfacet
  facet normal 0 0 1
    outer loop
      vertex 6.64289 97.19 11
      vertex 8.80795 98.44 11
      vertex 8.69224 98.6746 11
    endloop
  endfacet
  facet normal 0 0 1
    outer loop
      vertex 6.38254 97.7179 11
      vertex 8.69224 98.6746 11
      vertex 8.60815 98.9224 11
    endloop
  endfacet
  facet normal 0 0 1
    outer loop
      vertex 6.19333 98.2753 11
      vertex 8.60815 98.9224 11
      vertex 8.55711 99.1789 11
    endloop
  endfacet
  facet normal 0 0 1
    outer loop
      vertex 9.54 97.7079 11
      vertex 8.29 95.5429 11
      vertex 8.81793 95.2825 11
    endloop
  endfacet
  facet normal 0 0 1
    outer loop
      vertex 6.0785 98.8526 11
      vertex 8.55711 99.1789 11
      vertex 8.54 99.44 11
    endloop
  endfacet
  facet normal 0 0 1
    outer loop
      vertex 8.80795 100.44 11
      vertex 6.64289 101.69 11
      vertex 8.69224 100.205 11
    endloop
  endfacet
  facet normal -0 0 1
    outer loop
      vertex 6.38254 101.162 11
      vertex 8.69224 100.205 11
      vertex 6.64289 101.69 11
    endloop
  endfacet
  facet normal 0 0 1
    outer loop
      vertex 9.32248 97.8533 11
      vertex 7.80057 95.8699 11
      vertex 8.29 95.5429 11
    endloop
  endfacet
  facet normal 0 0 1
    outer loop
      vertex 8.69224 100.205 11
      vertex 6.38254 101.162 11
      vertex 8.60815 99.9576 11
    endloop
  endfacet
  facet normal 0 0 1
    outer loop
      vertex 9.12579 98.0258 11
      vertex 7.35802 96.258 11
      vertex 7.80057 95.8699 11
    endloop
  endfacet
  facet normal -0 0 1
    outer loop
      vertex 6.19333 100.605 11
      vertex 8.60815 99.9576 11
      vertex 6.38254 101.162 11
    endloop
  endfacet
  facet normal 0 0 1
    outer loop
      vertex 8.95329 98.2225 11
      vertex 6.96991 96.7006 11
      vertex 7.35802 96.258 11
    endloop
  endfacet
  facet normal 0 0 1
    outer loop
      vertex 8.60815 99.9576 11
      vertex 6.19333 100.605 11
      vertex 8.55711 99.701 11
    endloop
  endfacet
  facet normal 0 0 1
    outer loop
      vertex 8.80795 98.44 11
      vertex 6.64289 97.19 11
      vertex 6.96991 96.7006 11
    endloop
  endfacet
  facet normal -0 0 1
    outer loop
      vertex 6.0785 100.027 11
      vertex 8.55711 99.701 11
      vertex 6.19333 100.605 11
    endloop
  endfacet
  facet normal 0 0 1
    outer loop
      vertex 8.69224 98.6746 11
      vertex 6.38254 97.7179 11
      vertex 6.64289 97.19 11
    endloop
  endfacet
  facet normal 0 0 1
    outer loop
      vertex 8.55711 99.701 11
      vertex 6.0785 100.027 11
      vertex 8.54 99.44 11
    endloop
  endfacet
  facet normal 0 0 1
    outer loop
      vertex 8.60815 98.9224 11
      vertex 6.19333 98.2753 11
      vertex 6.38254 97.7179 11
    endloop
  endfacet
  facet normal 0 0 1
    outer loop
      vertex 6.04 99.44 11
      vertex 8.54 99.44 11
      vertex 6.0785 100.027 11
    endloop
  endfacet
  facet normal 0 0 1
    outer loop
      vertex 8.55711 99.1789 11
      vertex 6.0785 98.8526 11
      vertex 6.19333 98.2753 11
    endloop
  endfacet
  facet normal 0 0 1
    outer loop
      vertex 8.54 99.44 11
      vertex 6.04 99.44 11
      vertex 6.0785 98.8526 11
    endloop
  endfacet
  facet normal 0.831265 0.555877 0
    outer loop
      vertex 14.4371 101.69 11
      vertex 14.1101 102.179 3
      vertex 14.1101 102.179 11
    endloop
  endfacet
  facet normal 0.831265 0.555877 0
    outer loop
      vertex 14.1101 102.179 3
      vertex 14.4371 101.69 11
      vertex 14.4371 101.69 3
    endloop
  endfacet
  facet normal 0.555562 0.831475 -0
    outer loop
      vertex 13.2794 103.01 3
      vertex 12.79 103.337 11
      vertex 13.2794 103.01 11
    endloop
  endfacet
  facet normal 0.555562 0.831475 0
    outer loop
      vertex 12.79 103.337 11
      vertex 13.2794 103.01 3
      vertex 12.79 103.337 3
    endloop
  endfacet
  facet normal 0.896827 -0.442382 0
    outer loop
      vertex 14.4371 97.19 11
      vertex 14.6975 97.7179 3
      vertex 14.6975 97.7179 11
    endloop
  endfacet
  facet normal 0.896827 -0.442382 0
    outer loop
      vertex 14.6975 97.7179 3
      vertex 14.4371 97.19 11
      vertex 14.4371 97.19 3
    endloop
  endfacet
  facet normal 0.997859 -0.0654027 0
    outer loop
      vertex 15.0015 98.8526 11
      vertex 15.04 99.44 3
      vertex 15.04 99.44 11
    endloop
  endfacet
  facet normal 0.997859 -0.0654027 0
    outer loop
      vertex 15.04 99.44 3
      vertex 15.0015 98.8526 11
      vertex 15.0015 98.8526 3
    endloop
  endfacet
  facet normal 0.322639 0.946522 -0
    outer loop
      vertex 12.2621 103.597 3
      vertex 11.7047 103.787 11
      vertex 12.2621 103.597 11
    endloop
  endfacet
  facet normal 0.322639 0.946522 0
    outer loop
      vertex 11.7047 103.787 11
      vertex 12.2621 103.597 3
      vertex 11.7047 103.787 3
    endloop
  endfacet
  facet normal -0.896893 0.442247 0
    outer loop
      vertex 6.38254 101.162 3
      vertex 6.64289 101.69 11
      vertex 6.64289 101.69 3
    endloop
  endfacet
  facet normal -0.896893 0.442247 0
    outer loop
      vertex 6.64289 101.69 11
      vertex 6.38254 101.162 3
      vertex 6.38254 101.162 11
    endloop
  endfacet
  facet normal -0.659244 0.751929 0
    outer loop
      vertex 7.80057 103.01 3
      vertex 7.35802 102.622 11
      vertex 7.80057 103.01 11
    endloop
  endfacet
  facet normal -0.659244 0.751929 0
    outer loop
      vertex 7.35802 102.622 11
      vertex 7.80057 103.01 3
      vertex 7.35802 102.622 3
    endloop
  endfacet
  facet normal 0.321421 -0.946936 0
    outer loop
      vertex 11.7047 95.0933 3
      vertex 12.2621 95.2825 11
      vertex 11.7047 95.0933 11
    endloop
  endfacet
  facet normal 0.321421 -0.946936 0
    outer loop
      vertex 12.2621 95.2825 11
      vertex 11.7047 95.0933 3
      vertex 12.2621 95.2825 3
    endloop
  endfacet
  facet normal -0.997859 -0.0654027 0
    outer loop
      vertex 6.0785 98.8526 3
      vertex 6.04 99.44 11
      vertex 6.04 99.44 3
    endloop
  endfacet
  facet normal -0.997859 -0.0654027 0
    outer loop
      vertex 6.04 99.44 11
      vertex 6.0785 98.8526 3
      vertex 6.0785 98.8526 11
    endloop
  endfacet
  facet normal -0.65934 -0.751845 0
    outer loop
      vertex 7.35802 96.258 3
      vertex 7.80057 95.8699 11
      vertex 7.35802 96.258 11
    endloop
  endfacet
  facet normal -0.65934 -0.751845 -0
    outer loop
      vertex 7.80057 95.8699 11
      vertex 7.35802 96.258 3
      vertex 7.80057 95.8699 3
    endloop
  endfacet
  facet normal -0.831459 -0.555586 0
    outer loop
      vertex 6.96991 96.7006 3
      vertex 6.64289 97.19 11
      vertex 6.64289 97.19 3
    endloop
  endfacet
  facet normal -0.831459 -0.555586 0
    outer loop
      vertex 6.64289 97.19 11
      vertex 6.96991 96.7006 3
      vertex 6.96991 96.7006 11
    endloop
  endfacet
  facet normal -0.555539 0.831491 0
    outer loop
      vertex 8.29 103.337 3
      vertex 7.80057 103.01 11
      vertex 8.29 103.337 11
    endloop
  endfacet
  facet normal -0.555539 0.831491 0
    outer loop
      vertex 7.80057 103.01 11
      vertex 8.29 103.337 3
      vertex 7.80057 103.01 3
    endloop
  endfacet
  facet normal 0.195365 0.980731 -0
    outer loop
      vertex 11.7047 103.787 3
      vertex 11.1274 103.902 11
      vertex 11.7047 103.787 11
    endloop
  endfacet
  facet normal 0.195365 0.980731 0
    outer loop
      vertex 11.1274 103.902 11
      vertex 11.7047 103.787 3
      vertex 11.1274 103.902 3
    endloop
  endfacet
  facet normal -0.443196 0.896425 0
    outer loop
      vertex 8.77341 103.576 3
      vertex 8.29 103.337 11
      vertex 8.77341 103.576 11
    endloop
  endfacet
  facet normal -0.443196 0.896425 0
    outer loop
      vertex 8.29 103.337 11
      vertex 8.77341 103.576 3
      vertex 8.29 103.337 3
    endloop
  endfacet
  facet normal 0.0654027 -0.997859 0
    outer loop
      vertex 10.54 94.94 3
      vertex 11.1274 94.9785 11
      vertex 10.54 94.94 11
    endloop
  endfacet
  facet normal 0.0654027 -0.997859 0
    outer loop
      vertex 11.1274 94.9785 11
      vertex 10.54 94.94 3
      vertex 11.1274 94.9785 3
    endloop
  endfacet
  facet normal 0.659298 -0.751882 0
    outer loop
      vertex 13.2794 95.8699 3
      vertex 13.722 96.258 11
      vertex 13.2794 95.8699 11
    endloop
  endfacet
  facet normal 0.659298 -0.751882 0
    outer loop
      vertex 13.722 96.258 11
      vertex 13.2794 95.8699 3
      vertex 13.722 96.258 3
    endloop
  endfacet
  facet normal -0.946931 -0.321437 0
    outer loop
      vertex 6.38254 97.7179 3
      vertex 6.19333 98.2753 11
      vertex 6.19333 98.2753 3
    endloop
  endfacet
  facet normal -0.946931 -0.321437 0
    outer loop
      vertex 6.19333 98.2753 11
      vertex 6.38254 97.7179 3
      vertex 6.38254 97.7179 11
    endloop
  endfacet
  facet normal 0.946936 -0.321421 0
    outer loop
      vertex 14.6975 97.7179 11
      vertex 14.8867 98.2753 3
      vertex 14.8867 98.2753 11
    endloop
  endfacet
  facet normal 0.946936 -0.321421 0
    outer loop
      vertex 14.8867 98.2753 3
      vertex 14.6975 97.7179 11
      vertex 14.6975 97.7179 3
    endloop
  endfacet
  facet normal 0.441836 0.897096 -0
    outer loop
      vertex 12.79 103.337 3
      vertex 12.2621 103.597 11
      vertex 12.79 103.337 11
    endloop
  endfacet
  facet normal 0.441836 0.897096 0
    outer loop
      vertex 12.2621 103.597 11
      vertex 12.79 103.337 3
      vertex 12.2621 103.597 3
    endloop
  endfacet
  facet normal -0.200125 0.97977 0
    outer loop
      vertex 9.95263 103.902 3
      vertex 9.76659 103.864 11
      vertex 9.95263 103.902 11
    endloop
  endfacet
  facet normal -0.200125 0.97977 0
    outer loop
      vertex 9.76659 103.864 11
      vertex 9.95263 103.902 3
      vertex 9.76659 103.864 3
    endloop
  endfacet
  facet normal 0.752177 0.658961 0
    outer loop
      vertex 14.1101 102.179 11
      vertex 13.722 102.622 3
      vertex 13.722 102.622 11
    endloop
  endfacet
  facet normal 0.752177 0.658961 0
    outer loop
      vertex 13.722 102.622 3
      vertex 14.1101 102.179 11
      vertex 14.1101 102.179 3
    endloop
  endfacet
  facet normal 0.751882 -0.659298 0
    outer loop
      vertex 13.722 96.258 11
      vertex 14.1101 96.7006 3
      vertex 14.1101 96.7006 11
    endloop
  endfacet
  facet normal 0.751882 -0.659298 0
    outer loop
      vertex 14.1101 96.7006 3
      vertex 13.722 96.258 11
      vertex 13.722 96.258 3
    endloop
  endfacet
  facet normal -0.442362 -0.896837 0
    outer loop
      vertex 8.29 95.5429 3
      vertex 8.81793 95.2825 11
      vertex 8.29 95.5429 11
    endloop
  endfacet
  facet normal -0.442362 -0.896837 -0
    outer loop
      vertex 8.81793 95.2825 11
      vertex 8.29 95.5429 3
      vertex 8.81793 95.2825 3
    endloop
  endfacet
  facet normal -0.946861 0.321644 0
    outer loop
      vertex 6.19333 100.605 3
      vertex 6.38254 101.162 11
      vertex 6.38254 101.162 3
    endloop
  endfacet
  facet normal -0.946861 0.321644 0
    outer loop
      vertex 6.38254 101.162 11
      vertex 6.19333 100.605 3
      vertex 6.19333 100.605 11
    endloop
  endfacet
  facet normal 0.195038 -0.980796 0
    outer loop
      vertex 11.1274 94.9785 3
      vertex 11.7047 95.0933 11
      vertex 11.1274 94.9785 11
    endloop
  endfacet
  facet normal 0.195038 -0.980796 0
    outer loop
      vertex 11.7047 95.0933 11
      vertex 11.1274 94.9785 3
      vertex 11.7047 95.0933 3
    endloop
  endfacet
  facet normal 0.442382 -0.896827 0
    outer loop
      vertex 12.2621 95.2825 3
      vertex 12.79 95.5429 11
      vertex 12.2621 95.2825 11
    endloop
  endfacet
  facet normal 0.442382 -0.896827 0
    outer loop
      vertex 12.79 95.5429 11
      vertex 12.2621 95.2825 3
      vertex 12.79 95.5429 3
    endloop
  endfacet
  facet normal -0.752168 0.658971 0
    outer loop
      vertex 6.96991 102.179 3
      vertex 7.35802 102.622 11
      vertex 7.35802 102.622 3
    endloop
  endfacet
  facet normal -0.752168 0.658971 0
    outer loop
      vertex 7.35802 102.622 11
      vertex 6.96991 102.179 3
      vertex 6.96991 102.179 11
    endloop
  endfacet
  facet normal 0.659202 0.751966 -0
    outer loop
      vertex 13.722 102.622 3
      vertex 13.2794 103.01 11
      vertex 13.722 102.622 11
    endloop
  endfacet
  facet normal 0.659202 0.751966 0
    outer loop
      vertex 13.2794 103.01 11
      vertex 13.722 102.622 3
      vertex 13.2794 103.01 3
    endloop
  endfacet
  facet normal -0.89686 -0.442314 0
    outer loop
      vertex 6.64289 97.19 3
      vertex 6.38254 97.7179 11
      vertex 6.38254 97.7179 3
    endloop
  endfacet
  facet normal -0.89686 -0.442314 0
    outer loop
      vertex 6.38254 97.7179 11
      vertex 6.64289 97.19 3
      vertex 6.64289 97.19 11
    endloop
  endfacet
  facet normal -0.997856 0.0654471 0
    outer loop
      vertex 6.04 99.44 3
      vertex 6.0785 100.027 11
      vertex 6.0785 100.027 3
    endloop
  endfacet
  facet normal -0.997856 0.0654471 0
    outer loop
      vertex 6.0785 100.027 11
      vertex 6.04 99.44 3
      vertex 6.04 99.44 11
    endloop
  endfacet
  facet normal 0.831475 -0.555562 0
    outer loop
      vertex 14.1101 96.7006 11
      vertex 14.4371 97.19 3
      vertex 14.4371 97.19 11
    endloop
  endfacet
  facet normal 0.831475 -0.555562 0
    outer loop
      vertex 14.4371 97.19 3
      vertex 14.1101 96.7006 11
      vertex 14.1101 96.7006 3
    endloop
  endfacet
  facet normal 0.89686 0.442315 0
    outer loop
      vertex 14.6975 101.162 11
      vertex 14.4371 101.69 3
      vertex 14.4371 101.69 11
    endloop
  endfacet
  facet normal 0.89686 0.442315 0
    outer loop
      vertex 14.4371 101.69 3
      vertex 14.6975 101.162 11
      vertex 14.6975 101.162 3
    endloop
  endfacet
  facet normal -0.0654061 -0.997859 0
    outer loop
      vertex 9.95263 94.9785 3
      vertex 10.54 94.94 11
      vertex 9.95263 94.9785 11
    endloop
  endfacet
  facet normal -0.0654061 -0.997859 -0
    outer loop
      vertex 10.54 94.94 11
      vertex 9.95263 94.9785 3
      vertex 10.54 94.94 3
    endloop
  endfacet
  facet normal 0.0645569 0.997914 -0
    outer loop
      vertex 11.1274 103.902 3
      vertex 10.54 103.94 11
      vertex 11.1274 103.902 11
    endloop
  endfacet
  facet normal 0.0645569 0.997914 0
    outer loop
      vertex 10.54 103.94 11
      vertex 11.1274 103.902 3
      vertex 10.54 103.94 3
    endloop
  endfacet
  facet normal -0.555539 -0.831491 0
    outer loop
      vertex 7.80057 95.8699 3
      vertex 8.29 95.5429 11
      vertex 7.80057 95.8699 11
    endloop
  endfacet
  facet normal -0.555539 -0.831491 -0
    outer loop
      vertex 8.29 95.5429 11
      vertex 7.80057 95.8699 3
      vertex 8.29 95.5429 3
    endloop
  endfacet
  facet normal 0.555562 -0.831475 0
    outer loop
      vertex 12.79 95.5429 3
      vertex 13.2794 95.8699 11
      vertex 12.79 95.5429 11
    endloop
  endfacet
  facet normal 0.555562 -0.831475 0
    outer loop
      vertex 13.2794 95.8699 11
      vertex 12.79 95.5429 3
      vertex 13.2794 95.8699 3
    endloop
  endfacet
  facet normal 0.946866 0.321628 0
    outer loop
      vertex 14.8867 100.605 11
      vertex 14.6975 101.162 3
      vertex 14.6975 101.162 11
    endloop
  endfacet
  facet normal 0.946866 0.321628 0
    outer loop
      vertex 14.6975 101.162 3
      vertex 14.8867 100.605 11
      vertex 14.8867 100.605 3
    endloop
  endfacet
  facet normal -0.980831 0.19486 0
    outer loop
      vertex 6.0785 100.027 3
      vertex 6.19333 100.605 11
      vertex 6.19333 100.605 3
    endloop
  endfacet
  facet normal -0.980831 0.19486 0
    outer loop
      vertex 6.19333 100.605 11
      vertex 6.0785 100.027 3
      vertex 6.0785 100.027 11
    endloop
  endfacet
  facet normal -0.0645602 0.997914 0
    outer loop
      vertex 10.54 103.94 3
      vertex 9.95263 103.902 11
      vertex 10.54 103.94 11
    endloop
  endfacet
  facet normal -0.0645602 0.997914 0
    outer loop
      vertex 9.95263 103.902 11
      vertex 10.54 103.94 3
      vertex 9.95263 103.902 3
    endloop
  endfacet
  facet normal -0.321432 -0.946933 0
    outer loop
      vertex 8.81793 95.2825 3
      vertex 9.37531 95.0933 11
      vertex 8.81793 95.2825 11
    endloop
  endfacet
  facet normal -0.321432 -0.946933 -0
    outer loop
      vertex 9.37531 95.0933 11
      vertex 8.81793 95.2825 3
      vertex 9.37531 95.0933 3
    endloop
  endfacet
  facet normal -0.980786 -0.195087 0
    outer loop
      vertex 6.19333 98.2753 3
      vertex 6.0785 98.8526 11
      vertex 6.0785 98.8526 3
    endloop
  endfacet
  facet normal -0.980786 -0.195087 0
    outer loop
      vertex 6.0785 98.8526 11
      vertex 6.19333 98.2753 3
      vertex 6.19333 98.2753 11
    endloop
  endfacet
  facet normal -0.195031 -0.980797 0
    outer loop
      vertex 9.37531 95.0933 3
      vertex 9.95263 94.9785 11
      vertex 9.37531 95.0933 11
    endloop
  endfacet
  facet normal -0.195031 -0.980797 -0
    outer loop
      vertex 9.95263 94.9785 11
      vertex 9.37531 95.0933 3
      vertex 9.95263 94.9785 3
    endloop
  endfacet
  facet normal -0.831249 0.5559 0
    outer loop
      vertex 6.64289 101.69 3
      vertex 6.96991 102.179 11
      vertex 6.96991 102.179 3
    endloop
  endfacet
  facet normal -0.831249 0.5559 0
    outer loop
      vertex 6.96991 102.179 11
      vertex 6.64289 101.69 3
      vertex 6.64289 101.69 11
    endloop
  endfacet
  facet normal -0.980815 -0.19494 0
    outer loop
      vertex 12.5229 99.701 5
      vertex 12.4719 99.9576 11
      vertex 12.4719 99.9576 5
    endloop
  endfacet
  facet normal -0.980815 -0.19494 0
    outer loop
      vertex 12.4719 99.9576 11
      vertex 12.5229 99.701 5
      vertex 12.5229 99.701 11
    endloop
  endfacet
  facet normal -0.997861 -0.0653771 0
    outer loop
      vertex 12.54 99.44 5
      vertex 12.5229 99.701 11
      vertex 12.5229 99.701 5
    endloop
  endfacet
  facet normal -0.997861 -0.0653771 0
    outer loop
      vertex 12.5229 99.701 11
      vertex 12.54 99.44 5
      vertex 12.54 99.44 11
    endloop
  endfacet
  facet normal -0.0649716 -0.997887 0
    outer loop
      vertex 10.54 101.44 5
      vertex 10.8011 101.423 11
      vertex 10.54 101.44 11
    endloop
  endfacet
  facet normal -0.0649716 -0.997887 -0
    outer loop
      vertex 10.8011 101.423 11
      vertex 10.54 101.44 5
      vertex 10.8011 101.423 5
    endloop
  endfacet
  facet normal 0.195013 -0.980801 0
    outer loop
      vertex 10.0224 101.372 5
      vertex 10.2789 101.423 11
      vertex 10.0224 101.372 11
    endloop
  endfacet
  facet normal 0.195013 -0.980801 0
    outer loop
      vertex 10.2789 101.423 11
      vertex 10.0224 101.372 5
      vertex 10.2789 101.423 5
    endloop
  endfacet
  facet normal -0.555758 0.831344 0
    outer loop
      vertex 11.7575 97.8533 5
      vertex 11.54 97.7079 11
      vertex 11.7575 97.8533 11
    endloop
  endfacet
  facet normal -0.555758 0.831344 0
    outer loop
      vertex 11.54 97.7079 11
      vertex 11.7575 97.8533 5
      vertex 11.54 97.7079 5
    endloop
  endfacet
  facet normal 0.897144 -0.441738 0
    outer loop
      vertex 8.69224 100.205 11
      vertex 8.80795 100.44 5
      vertex 8.80795 100.44 11
    endloop
  endfacet
  facet normal 0.897144 -0.441738 0
    outer loop
      vertex 8.80795 100.44 5
      vertex 8.69224 100.205 11
      vertex 8.69224 100.205 5
    endloop
  endfacet
  facet normal 0.946803 -0.321814 0
    outer loop
      vertex 8.60815 99.9576 11
      vertex 8.69224 100.205 5
      vertex 8.69224 100.205 11
    endloop
  endfacet
  facet normal 0.946803 -0.321814 0
    outer loop
      vertex 8.69224 100.205 5
      vertex 8.60815 99.9576 11
      vertex 8.60815 99.9576 5
    endloop
  endfacet
  facet normal 0.321074 -0.947054 0
    outer loop
      vertex 9.77463 101.288 5
      vertex 10.0224 101.372 11
      vertex 9.77463 101.288 11
    endloop
  endfacet
  facet normal 0.321074 -0.947054 0
    outer loop
      vertex 10.0224 101.372 11
      vertex 9.77463 101.288 5
      vertex 10.0224 101.372 5
    endloop
  endfacet
  facet normal -0.997862 0.0653521 0
    outer loop
      vertex 12.5229 99.1789 5
      vertex 12.54 99.44 11
      vertex 12.54 99.44 5
    endloop
  endfacet
  facet normal -0.997862 0.0653521 0
    outer loop
      vertex 12.54 99.44 11
      vertex 12.5229 99.1789 5
      vertex 12.5229 99.1789 11
    endloop
  endfacet
  facet normal 0.946961 0.321348 0
    outer loop
      vertex 8.69224 98.6746 11
      vertex 8.60815 98.9224 5
      vertex 8.60815 98.9224 11
    endloop
  endfacet
  facet normal 0.946961 0.321348 0
    outer loop
      vertex 8.60815 98.9224 5
      vertex 8.69224 98.6746 11
      vertex 8.69224 98.6746 5
    endloop
  endfacet
  facet normal 0.832039 -0.554718 0
    outer loop
      vertex 8.80795 100.44 11
      vertex 8.95329 100.658 5
      vertex 8.95329 100.658 11
    endloop
  endfacet
  facet normal 0.832039 -0.554718 0
    outer loop
      vertex 8.95329 100.658 5
      vertex 8.80795 100.44 11
      vertex 8.80795 100.44 5
    endloop
  endfacet
  facet normal 0.980786 -0.195087 0
    outer loop
      vertex 8.55711 99.701 11
      vertex 8.60815 99.9576 5
      vertex 8.60815 99.9576 11
    endloop
  endfacet
  facet normal 0.980786 -0.195087 0
    outer loop
      vertex 8.60815 99.9576 5
      vertex 8.55711 99.701 11
      vertex 8.55711 99.701 5
    endloop
  endfacet
  facet normal -0.94695 0.321382 0
    outer loop
      vertex 12.3878 98.6746 5
      vertex 12.4719 98.9224 11
      vertex 12.4719 98.9224 5
    endloop
  endfacet
  facet normal -0.94695 0.321382 0
    outer loop
      vertex 12.4719 98.9224 11
      vertex 12.3878 98.6746 5
      vertex 12.3878 98.6746 11
    endloop
  endfacet
  facet normal -0.659343 0.751842 0
    outer loop
      vertex 11.9542 98.0258 5
      vertex 11.7575 97.8533 11
      vertex 11.9542 98.0258 11
    endloop
  endfacet
  facet normal -0.659343 0.751842 0
    outer loop
      vertex 11.7575 97.8533 11
      vertex 11.9542 98.0258 5
      vertex 11.7575 97.8533 5
    endloop
  endfacet
  facet normal -0.321039 -0.947066 0
    outer loop
      vertex 11.0576 101.372 5
      vertex 11.3054 101.288 11
      vertex 11.0576 101.372 11
    endloop
  endfacet
  facet normal -0.321039 -0.947066 -0
    outer loop
      vertex 11.3054 101.288 11
      vertex 11.0576 101.372 5
      vertex 11.3054 101.288 5
    endloop
  endfacet
  facet normal 0.751842 0.659343 0
    outer loop
      vertex 9.12579 98.0258 11
      vertex 8.95329 98.2225 5
      vertex 8.95329 98.2225 11
    endloop
  endfacet
  facet normal 0.751842 0.659343 0
    outer loop
      vertex 8.95329 98.2225 5
      vertex 9.12579 98.0258 11
      vertex 9.12579 98.0258 5
    endloop
  endfacet
  facet normal 0.66044 -0.750879 0
    outer loop
      vertex 9.12579 100.854 5
      vertex 9.32248 101.027 11
      vertex 9.12579 100.854 11
    endloop
  endfacet
  facet normal 0.66044 -0.750879 0
    outer loop
      vertex 9.32248 101.027 11
      vertex 9.12579 100.854 5
      vertex 9.32248 101.027 5
    endloop
  endfacet
  facet normal 0.997858 -0.0654151 0
    outer loop
      vertex 8.54 99.44 11
      vertex 8.55711 99.701 5
      vertex 8.55711 99.701 11
    endloop
  endfacet
  facet normal 0.997858 -0.0654151 0
    outer loop
      vertex 8.55711 99.701 5
      vertex 8.54 99.44 11
      vertex 8.54 99.44 5
    endloop
  endfacet
  facet normal -0.5547 -0.83205 0
    outer loop
      vertex 11.54 101.172 5
      vertex 11.7575 101.027 11
      vertex 11.54 101.172 11
    endloop
  endfacet
  facet normal -0.5547 -0.83205 -0
    outer loop
      vertex 11.7575 101.027 11
      vertex 11.54 101.172 5
      vertex 11.7575 101.027 5
    endloop
  endfacet
  facet normal -0.831521 0.555494 0
    outer loop
      vertex 12.1267 98.2225 5
      vertex 12.272 98.44 11
      vertex 12.272 98.44 5
    endloop
  endfacet
  facet normal -0.831521 0.555494 0
    outer loop
      vertex 12.272 98.44 11
      vertex 12.1267 98.2225 5
      vertex 12.1267 98.2225 11
    endloop
  endfacet
  facet normal -0.832109 -0.554612 0
    outer loop
      vertex 12.272 100.44 5
      vertex 12.1267 100.658 11
      vertex 12.1267 100.658 5
    endloop
  endfacet
  facet normal -0.832109 -0.554612 0
    outer loop
      vertex 12.1267 100.658 11
      vertex 12.272 100.44 5
      vertex 12.272 100.44 11
    endloop
  endfacet
  facet normal 0.750676 -0.660671 0
    outer loop
      vertex 8.95329 100.658 11
      vertex 9.12579 100.854 5
      vertex 9.12579 100.854 11
    endloop
  endfacet
  facet normal 0.750676 -0.660671 0
    outer loop
      vertex 9.12579 100.854 5
      vertex 8.95329 100.658 11
      vertex 8.95329 100.658 5
    endloop
  endfacet
  facet normal -0.321382 0.94695 0
    outer loop
      vertex 11.3054 97.5922 5
      vertex 11.0576 97.5081 11
      vertex 11.3054 97.5922 11
    endloop
  endfacet
  facet normal -0.321382 0.94695 0
    outer loop
      vertex 11.0576 97.5081 11
      vertex 11.3054 97.5922 5
      vertex 11.0576 97.5081 5
    endloop
  endfacet
  facet normal -0.750676 -0.660671 0
    outer loop
      vertex 12.1267 100.658 5
      vertex 11.9542 100.854 11
      vertex 11.9542 100.854 5
    endloop
  endfacet
  facet normal -0.750676 -0.660671 0
    outer loop
      vertex 11.9542 100.854 11
      vertex 12.1267 100.658 5
      vertex 12.1267 100.658 11
    endloop
  endfacet
  facet normal -0.0653521 0.997862 0
    outer loop
      vertex 10.8011 97.4571 5
      vertex 10.54 97.44 11
      vertex 10.8011 97.4571 11
    endloop
  endfacet
  facet normal -0.0653521 0.997862 0
    outer loop
      vertex 10.54 97.44 11
      vertex 10.8011 97.4571 5
      vertex 10.54 97.44 5
    endloop
  endfacet
  facet normal -0.660421 -0.750895 0
    outer loop
      vertex 11.7575 101.027 5
      vertex 11.9542 100.854 11
      vertex 11.7575 101.027 11
    endloop
  endfacet
  facet normal -0.660421 -0.750895 -0
    outer loop
      vertex 11.9542 100.854 11
      vertex 11.7575 101.027 5
      vertex 11.9542 100.854 5
    endloop
  endfacet
  facet normal 0.99786 0.0653902 0
    outer loop
      vertex 8.55711 99.1789 11
      vertex 8.54 99.44 5
      vertex 8.54 99.44 11
    endloop
  endfacet
  facet normal 0.99786 0.0653902 0
    outer loop
      vertex 8.54 99.44 5
      vertex 8.55711 99.1789 11
      vertex 8.55711 99.1789 5
    endloop
  endfacet
  facet normal 0.659362 0.751826 -0
    outer loop
      vertex 9.32248 97.8533 5
      vertex 9.12579 98.0258 11
      vertex 9.32248 97.8533 11
    endloop
  endfacet
  facet normal 0.659362 0.751826 0
    outer loop
      vertex 9.12579 98.0258 11
      vertex 9.32248 97.8533 5
      vertex 9.12579 98.0258 5
    endloop
  endfacet
  facet normal 0.554665 -0.832074 0
    outer loop
      vertex 9.32248 101.027 5
      vertex 9.54 101.172 11
      vertex 9.32248 101.027 11
    endloop
  endfacet
  facet normal 0.554665 -0.832074 0
    outer loop
      vertex 9.54 101.172 11
      vertex 9.32248 101.027 5
      vertex 9.54 101.172 5
    endloop
  endfacet
  facet normal -0.897008 -0.442015 0
    outer loop
      vertex 12.3878 100.205 5
      vertex 12.272 100.44 11
      vertex 12.272 100.44 5
    endloop
  endfacet
  facet normal -0.897008 -0.442015 0
    outer loop
      vertex 12.272 100.44 11
      vertex 12.3878 100.205 5
      vertex 12.3878 100.205 11
    endloop
  endfacet
  facet normal 0.0653521 0.997862 -0
    outer loop
      vertex 10.54 97.44 5
      vertex 10.2789 97.4571 11
      vertex 10.54 97.44 11
    endloop
  endfacet
  facet normal 0.0653521 0.997862 0
    outer loop
      vertex 10.2789 97.4571 11
      vertex 10.54 97.44 5
      vertex 10.2789 97.4571 5
    endloop
  endfacet
  facet normal -0.195013 0.980801 0
    outer loop
      vertex 11.0576 97.5081 5
      vertex 10.8011 97.4571 11
      vertex 11.0576 97.5081 11
    endloop
  endfacet
  facet normal -0.195013 0.980801 0
    outer loop
      vertex 10.8011 97.4571 11
      vertex 11.0576 97.5081 5
      vertex 10.8011 97.4571 5
    endloop
  endfacet
  facet normal -0.443235 -0.896405 0
    outer loop
      vertex 11.3054 101.288 5
      vertex 11.54 101.172 11
      vertex 11.3054 101.288 11
    endloop
  endfacet
  facet normal -0.443235 -0.896405 -0
    outer loop
      vertex 11.54 101.172 11
      vertex 11.3054 101.288 5
      vertex 11.54 101.172 5
    endloop
  endfacet
  facet normal -0.896709 0.442621 0
    outer loop
      vertex 12.272 98.44 5
      vertex 12.3878 98.6746 11
      vertex 12.3878 98.6746 5
    endloop
  endfacet
  facet normal -0.896709 0.442621 0
    outer loop
      vertex 12.3878 98.6746 11
      vertex 12.272 98.44 5
      vertex 12.272 98.44 11
    endloop
  endfacet
  facet normal -0.980801 0.195013 0
    outer loop
      vertex 12.4719 98.9224 5
      vertex 12.5229 99.1789 11
      vertex 12.5229 99.1789 5
    endloop
  endfacet
  facet normal -0.980801 0.195013 0
    outer loop
      vertex 12.5229 99.1789 11
      vertex 12.4719 98.9224 5
      vertex 12.4719 98.9224 11
    endloop
  endfacet
  facet normal 0.980771 0.19516 0
    outer loop
      vertex 8.60815 98.9224 11
      vertex 8.55711 99.1789 5
      vertex 8.55711 99.1789 11
    endloop
  endfacet
  facet normal 0.980771 0.19516 0
    outer loop
      vertex 8.55711 99.1789 5
      vertex 8.60815 98.9224 11
      vertex 8.60815 98.9224 5
    endloop
  endfacet
  facet normal 0.195013 0.980801 -0
    outer loop
      vertex 10.2789 97.4571 5
      vertex 10.0224 97.5081 11
      vertex 10.2789 97.4571 11
    endloop
  endfacet
  facet normal 0.195013 0.980801 0
    outer loop
      vertex 10.0224 97.5081 11
      vertex 10.2789 97.4571 5
      vertex 10.0224 97.5081 5
    endloop
  endfacet
  facet normal -0.195013 -0.980801 0
    outer loop
      vertex 10.8011 101.423 5
      vertex 11.0576 101.372 11
      vertex 10.8011 101.423 11
    endloop
  endfacet
  facet normal -0.195013 -0.980801 -0
    outer loop
      vertex 11.0576 101.372 11
      vertex 10.8011 101.423 5
      vertex 11.0576 101.372 5
    endloop
  endfacet
  facet normal -0.946791 -0.321848 0
    outer loop
      vertex 12.4719 99.9576 5
      vertex 12.3878 100.205 11
      vertex 12.3878 100.205 5
    endloop
  endfacet
  facet normal -0.946791 -0.321848 0
    outer loop
      vertex 12.3878 100.205 11
      vertex 12.4719 99.9576 5
      vertex 12.4719 99.9576 11
    endloop
  endfacet
  facet normal -0.442314 0.89686 0
    outer loop
      vertex 11.54 97.7079 5
      vertex 11.3054 97.5922 11
      vertex 11.54 97.7079 11
    endloop
  endfacet
  facet normal -0.442314 0.89686 0
    outer loop
      vertex 11.3054 97.5922 11
      vertex 11.54 97.7079 5
      vertex 11.3054 97.5922 5
    endloop
  endfacet
  facet normal -0.751842 0.659343 0
    outer loop
      vertex 11.9542 98.0258 5
      vertex 12.1267 98.2225 11
      vertex 12.1267 98.2225 5
    endloop
  endfacet
  facet normal -0.751842 0.659343 0
    outer loop
      vertex 12.1267 98.2225 11
      vertex 11.9542 98.0258 5
      vertex 11.9542 98.0258 11
    endloop
  endfacet
  facet normal 0.83145 0.5556 0
    outer loop
      vertex 8.95329 98.2225 11
      vertex 8.80795 98.44 5
      vertex 8.80795 98.44 11
    endloop
  endfacet
  facet normal 0.83145 0.5556 0
    outer loop
      vertex 8.80795 98.44 5
      vertex 8.95329 98.2225 11
      vertex 8.95329 98.2225 5
    endloop
  endfacet
  facet normal 0.0649716 -0.997887 0
    outer loop
      vertex 10.2789 101.423 5
      vertex 10.54 101.44 11
      vertex 10.2789 101.423 11
    endloop
  endfacet
  facet normal 0.0649716 -0.997887 0
    outer loop
      vertex 10.54 101.44 11
      vertex 10.2789 101.423 5
      vertex 10.54 101.44 5
    endloop
  endfacet
  facet normal 0.321417 0.946938 -0
    outer loop
      vertex 10.0224 97.5081 5
      vertex 9.77463 97.5922 11
      vertex 10.0224 97.5081 11
    endloop
  endfacet
  facet normal 0.321417 0.946938 0
    outer loop
      vertex 9.77463 97.5922 11
      vertex 10.0224 97.5081 5
      vertex 9.77463 97.5922 5
    endloop
  endfacet
  facet normal 0.44319 -0.896428 0
    outer loop
      vertex 9.54 101.172 5
      vertex 9.77463 101.288 11
      vertex 9.54 101.172 11
    endloop
  endfacet
  facet normal 0.44319 -0.896428 0
    outer loop
      vertex 9.77463 101.288 11
      vertex 9.54 101.172 5
      vertex 9.77463 101.288 5
    endloop
  endfacet
  facet normal 0.442268 0.896883 -0
    outer loop
      vertex 9.77463 97.5922 5
      vertex 9.54 97.7079 11
      vertex 9.77463 97.5922 11
    endloop
  endfacet
  facet normal 0.442268 0.896883 0
    outer loop
      vertex 9.54 97.7079 11
      vertex 9.77463 97.5922 5
      vertex 9.54 97.7079 5
    endloop
  endfacet
  facet normal 0.896845 0.442344 0
    outer loop
      vertex 8.80795 98.44 11
      vertex 8.69224 98.6746 5
      vertex 8.69224 98.6746 11
    endloop
  endfacet
  facet normal 0.896845 0.442344 0
    outer loop
      vertex 8.69224 98.6746 5
      vertex 8.80795 98.44 11
      vertex 8.80795 98.44 5
    endloop
  endfacet
  facet normal 0 0 1
    outer loop
      vertex 12.5229 99.701 5
      vertex 12.5229 99.1789 5
      vertex 12.54 99.44 5
    endloop
  endfacet
  facet normal 0 0 1
    outer loop
      vertex 12.4719 99.9576 5
      vertex 12.5229 99.1789 5
      vertex 12.5229 99.701 5
    endloop
  endfacet
  facet normal 0 0 1
    outer loop
      vertex 12.4719 99.9576 5
      vertex 12.4719 98.9224 5
      vertex 12.5229 99.1789 5
    endloop
  endfacet
  facet normal 0 0 1
    outer loop
      vertex 12.3878 100.205 5
      vertex 12.4719 98.9224 5
      vertex 12.4719 99.9576 5
    endloop
  endfacet
  facet normal 0 0 1
    outer loop
      vertex 12.3878 100.205 5
      vertex 12.3878 98.6746 5
      vertex 12.4719 98.9224 5
    endloop
  endfacet
  facet normal 0 0 1
    outer loop
      vertex 12.272 100.44 5
      vertex 12.3878 98.6746 5
      vertex 12.3878 100.205 5
    endloop
  endfacet
  facet normal 0 0 1
    outer loop
      vertex 12.272 100.44 5
      vertex 12.272 98.44 5
      vertex 12.3878 98.6746 5
    endloop
  endfacet
  facet normal 0 0 1
    outer loop
      vertex 12.1267 100.658 5
      vertex 12.272 98.44 5
      vertex 12.272 100.44 5
    endloop
  endfacet
  facet normal 0 0 1
    outer loop
      vertex 12.1267 100.658 5
      vertex 12.1267 98.2225 5
      vertex 12.272 98.44 5
    endloop
  endfacet
  facet normal 0 0 1
    outer loop
      vertex 11.9542 100.854 5
      vertex 12.1267 98.2225 5
      vertex 12.1267 100.658 5
    endloop
  endfacet
  facet normal 0 0 1
    outer loop
      vertex 11.9542 100.854 5
      vertex 11.9542 98.0258 5
      vertex 12.1267 98.2225 5
    endloop
  endfacet
  facet normal 0 0 1
    outer loop
      vertex 11.7575 101.027 5
      vertex 11.9542 98.0258 5
      vertex 11.9542 100.854 5
    endloop
  endfacet
  facet normal 0 0 1
    outer loop
      vertex 11.7575 101.027 5
      vertex 11.7575 97.8533 5
      vertex 11.9542 98.0258 5
    endloop
  endfacet
  facet normal 0 0 1
    outer loop
      vertex 11.54 101.172 5
      vertex 11.7575 97.8533 5
      vertex 11.7575 101.027 5
    endloop
  endfacet
  facet normal 0 0 1
    outer loop
      vertex 11.54 101.172 5
      vertex 11.54 97.7079 5
      vertex 11.7575 97.8533 5
    endloop
  endfacet
  facet normal 0 0 1
    outer loop
      vertex 11.3054 101.288 5
      vertex 11.54 97.7079 5
      vertex 11.54 101.172 5
    endloop
  endfacet
  facet normal 0 0 1
    outer loop
      vertex 11.3054 101.288 5
      vertex 11.3054 97.5922 5
      vertex 11.54 97.7079 5
    endloop
  endfacet
  facet normal 0 0 1
    outer loop
      vertex 11.0576 101.372 5
      vertex 11.3054 97.5922 5
      vertex 11.3054 101.288 5
    endloop
  endfacet
  facet normal 0 0 1
    outer loop
      vertex 11.0576 101.372 5
      vertex 11.0576 97.5081 5
      vertex 11.3054 97.5922 5
    endloop
  endfacet
  facet normal 0 0 1
    outer loop
      vertex 10.8011 101.423 5
      vertex 11.0576 97.5081 5
      vertex 11.0576 101.372 5
    endloop
  endfacet
  facet normal 0 0 1
    outer loop
      vertex 10.8011 101.423 5
      vertex 10.8011 97.4571 5
      vertex 11.0576 97.5081 5
    endloop
  endfacet
  facet normal 0 0 1
    outer loop
      vertex 10.54 101.44 5
      vertex 10.8011 97.4571 5
      vertex 10.8011 101.423 5
    endloop
  endfacet
  facet normal 0 0 1
    outer loop
      vertex 10.54 101.44 5
      vertex 10.54 97.44 5
      vertex 10.8011 97.4571 5
    endloop
  endfacet
  facet normal -0 0 1
    outer loop
      vertex 10.2789 101.423 5
      vertex 10.54 97.44 5
      vertex 10.54 101.44 5
    endloop
  endfacet
  facet normal 0 0 1
    outer loop
      vertex 10.2789 101.423 5
      vertex 10.2789 97.4571 5
      vertex 10.54 97.44 5
    endloop
  endfacet
  facet normal -0 0 1
    outer loop
      vertex 10.0224 101.372 5
      vertex 10.2789 97.4571 5
      vertex 10.2789 101.423 5
    endloop
  endfacet
  facet normal 0 0 1
    outer loop
      vertex 10.0224 101.372 5
      vertex 10.0224 97.5081 5
      vertex 10.2789 97.4571 5
    endloop
  endfacet
  facet normal -0 0 1
    outer loop
      vertex 9.77463 101.288 5
      vertex 10.0224 97.5081 5
      vertex 10.0224 101.372 5
    endloop
  endfacet
  facet normal 0 0 1
    outer loop
      vertex 9.77463 101.288 5
      vertex 9.77463 97.5922 5
      vertex 10.0224 97.5081 5
    endloop
  endfacet
  facet normal -0 0 1
    outer loop
      vertex 9.54 101.172 5
      vertex 9.77463 97.5922 5
      vertex 9.77463 101.288 5
    endloop
  endfacet
  facet normal 0 0 1
    outer loop
      vertex 9.54 101.172 5
      vertex 9.54 97.7079 5
      vertex 9.77463 97.5922 5
    endloop
  endfacet
  facet normal -0 0 1
    outer loop
      vertex 9.32248 101.027 5
      vertex 9.54 97.7079 5
      vertex 9.54 101.172 5
    endloop
  endfacet
  facet normal 0 0 1
    outer loop
      vertex 9.32248 101.027 5
      vertex 9.32248 97.8533 5
      vertex 9.54 97.7079 5
    endloop
  endfacet
  facet normal -0 0 1
    outer loop
      vertex 9.12579 100.854 5
      vertex 9.32248 97.8533 5
      vertex 9.32248 101.027 5
    endloop
  endfacet
  facet normal 0 0 1
    outer loop
      vertex 9.12579 100.854 5
      vertex 9.12579 98.0258 5
      vertex 9.32248 97.8533 5
    endloop
  endfacet
  facet normal -0 0 1
    outer loop
      vertex 8.95329 100.658 5
      vertex 9.12579 98.0258 5
      vertex 9.12579 100.854 5
    endloop
  endfacet
  facet normal 0 0 1
    outer loop
      vertex 8.95329 100.658 5
      vertex 8.95329 98.2225 5
      vertex 9.12579 98.0258 5
    endloop
  endfacet
  facet normal -0 0 1
    outer loop
      vertex 8.80795 100.44 5
      vertex 8.95329 98.2225 5
      vertex 8.95329 100.658 5
    endloop
  endfacet
  facet normal 0 0 1
    outer loop
      vertex 8.80795 100.44 5
      vertex 8.80795 98.44 5
      vertex 8.95329 98.2225 5
    endloop
  endfacet
  facet normal -0 0 1
    outer loop
      vertex 8.69224 100.205 5
      vertex 8.80795 98.44 5
      vertex 8.80795 100.44 5
    endloop
  endfacet
  facet normal 0 0 1
    outer loop
      vertex 8.69224 100.205 5
      vertex 8.69224 98.6746 5
      vertex 8.80795 98.44 5
    endloop
  endfacet
  facet normal -0 0 1
    outer loop
      vertex 8.60815 99.9576 5
      vertex 8.69224 98.6746 5
      vertex 8.69224 100.205 5
    endloop
  endfacet
  facet normal 0 0 1
    outer loop
      vertex 8.60815 99.9576 5
      vertex 8.60815 98.9224 5
      vertex 8.69224 98.6746 5
    endloop
  endfacet
  facet normal -0 0 1
    outer loop
      vertex 8.55711 99.701 5
      vertex 8.60815 98.9224 5
      vertex 8.60815 99.9576 5
    endloop
  endfacet
  facet normal 0 0 1
    outer loop
      vertex 8.55711 99.701 5
      vertex 8.55711 99.1789 5
      vertex 8.60815 98.9224 5
    endloop
  endfacet
  facet normal 0 -0 1
    outer loop
      vertex 8.55711 99.1789 5
      vertex 8.55711 99.701 5
      vertex 8.54 99.44 5
    endloop
  endfacet
  facet normal 0.555723 0.831368 -0
    outer loop
      vertex 9.54 97.7079 5
      vertex 9.32248 97.8533 11
      vertex 9.54 97.7079 11
    endloop
  endfacet
  facet normal 0.555723 0.831368 0
    outer loop
      vertex 9.32248 97.8533 11
      vertex 9.54 97.7079 5
      vertex 9.32248 97.8533 5
    endloop
  endfacet
  facet normal 0.980776 0.195137 0
    outer loop
      vertex 154.702 100.027 11
      vertex 154.587 100.605 3
      vertex 154.587 100.605 11
    endloop
  endfacet
  facet normal 0.980776 0.195137 0
    outer loop
      vertex 154.587 100.605 3
      vertex 154.702 100.027 11
      vertex 154.702 100.027 3
    endloop
  endfacet
  facet normal 0.997911 0.0646007 0
    outer loop
      vertex 154.74 99.44 11
      vertex 154.702 100.027 3
      vertex 154.702 100.027 11
    endloop
  endfacet
  facet normal 0.997911 0.0646007 0
    outer loop
      vertex 154.702 100.027 3
      vertex 154.74 99.44 11
      vertex 154.74 99.44 3
    endloop
  endfacet
  facet normal 0.980731 -0.195365 0
    outer loop
      vertex 154.587 98.2753 11
      vertex 154.702 98.8526 3
      vertex 154.702 98.8526 11
    endloop
  endfacet
  facet normal 0.980731 -0.195365 0
    outer loop
      vertex 154.702 98.8526 3
      vertex 154.587 98.2753 11
      vertex 154.587 98.2753 3
    endloop
  endfacet
  facet normal -0.751966 -0.659202 0
    outer loop
      vertex 147.058 96.258 3
      vertex 146.67 96.7006 11
      vertex 146.67 96.7006 3
    endloop
  endfacet
  facet normal -0.751966 -0.659202 0
    outer loop
      vertex 146.67 96.7006 11
      vertex 147.058 96.258 3
      vertex 147.058 96.258 11
    endloop
  endfacet
  facet normal 0 0 1
    outer loop
      vertex 152.24 99.44 11
      vertex 154.74 99.44 11
      vertex 154.702 100.027 11
    endloop
  endfacet
  facet normal 0 0 1
    outer loop
      vertex 152.223 99.701 11
      vertex 154.702 100.027 11
      vertex 154.587 100.605 11
    endloop
  endfacet
  facet normal 0 0 1
    outer loop
      vertex 154.74 99.44 11
      vertex 152.24 99.44 11
      vertex 154.702 98.8526 11
    endloop
  endfacet
  facet normal 0 0 1
    outer loop
      vertex 152.172 99.9576 11
      vertex 154.587 100.605 11
      vertex 154.397 101.162 11
    endloop
  endfacet
  facet normal -0 0 1
    outer loop
      vertex 152.223 99.1789 11
      vertex 154.702 98.8526 11
      vertex 152.24 99.44 11
    endloop
  endfacet
  facet normal 0 0 1
    outer loop
      vertex 152.088 100.205 11
      vertex 154.397 101.162 11
      vertex 154.137 101.69 11
    endloop
  endfacet
  facet normal 0 0 1
    outer loop
      vertex 154.702 98.8526 11
      vertex 152.223 99.1789 11
      vertex 154.587 98.2753 11
    endloop
  endfacet
  facet normal 0 0 1
    outer loop
      vertex 151.972 100.44 11
      vertex 154.137 101.69 11
      vertex 153.81 102.179 11
    endloop
  endfacet
  facet normal -0 0 1
    outer loop
      vertex 152.172 98.9224 11
      vertex 154.587 98.2753 11
      vertex 152.223 99.1789 11
    endloop
  endfacet
  facet normal 0 0 1
    outer loop
      vertex 151.827 100.658 11
      vertex 153.81 102.179 11
      vertex 153.422 102.622 11
    endloop
  endfacet
  facet normal 0 0 1
    outer loop
      vertex 154.587 98.2753 11
      vertex 152.172 98.9224 11
      vertex 154.397 97.7179 11
    endloop
  endfacet
  facet normal 0 0 1
    outer loop
      vertex 151.654 100.854 11
      vertex 153.422 102.622 11
      vertex 152.979 103.01 11
    endloop
  endfacet
  facet normal -0 0 1
    outer loop
      vertex 152.088 98.6746 11
      vertex 154.397 97.7179 11
      vertex 152.172 98.9224 11
    endloop
  endfacet
  facet normal 0 0 1
    outer loop
      vertex 151.458 101.027 11
      vertex 152.979 103.01 11
      vertex 152.49 103.337 11
    endloop
  endfacet
  facet normal 0 0 1
    outer loop
      vertex 154.397 97.7179 11
      vertex 152.088 98.6746 11
      vertex 154.137 97.19 11
    endloop
  endfacet
  facet normal -0 0 1
    outer loop
      vertex 151.972 98.44 11
      vertex 154.137 97.19 11
      vertex 152.088 98.6746 11
    endloop
  endfacet
  facet normal 0 0 1
    outer loop
      vertex 154.702 100.027 11
      vertex 152.223 99.701 11
      vertex 152.24 99.44 11
    endloop
  endfacet
  facet normal 0 0 1
    outer loop
      vertex 154.587 100.605 11
      vertex 152.172 99.9576 11
      vertex 152.223 99.701 11
    endloop
  endfacet
  facet normal 0 0 1
    outer loop
      vertex 154.397 101.162 11
      vertex 152.088 100.205 11
      vertex 152.172 99.9576 11
    endloop
  endfacet
  facet normal 0 0 1
    outer loop
      vertex 154.137 101.69 11
      vertex 151.972 100.44 11
      vertex 152.088 100.205 11
    endloop
  endfacet
  facet normal 0 0 1
    outer loop
      vertex 151.24 101.172 11
      vertex 152.49 103.337 11
      vertex 151.962 103.597 11
    endloop
  endfacet
  facet normal 0 0 1
    outer loop
      vertex 153.81 102.179 11
      vertex 151.827 100.658 11
      vertex 151.972 100.44 11
    endloop
  endfacet
  facet normal 0 0 1
    outer loop
      vertex 153.422 102.622 11
      vertex 151.654 100.854 11
      vertex 151.827 100.658 11
    endloop
  endfacet
  facet normal 0 0 1
    outer loop
      vertex 152.979 103.01 11
      vertex 151.458 101.027 11
      vertex 151.654 100.854 11
    endloop
  endfacet
  facet normal 0 0 1
    outer loop
      vertex 151.005 101.288 11
      vertex 151.962 103.597 11
      vertex 151.405 103.787 11
    endloop
  endfacet
  facet normal 0 0 1
    outer loop
      vertex 152.49 103.337 11
      vertex 151.24 101.172 11
      vertex 151.458 101.027 11
    endloop
  endfacet
  facet normal 0 0 1
    outer loop
      vertex 151.962 103.597 11
      vertex 151.005 101.288 11
      vertex 151.24 101.172 11
    endloop
  endfacet
  facet normal 0 0 1
    outer loop
      vertex 150.758 101.372 11
      vertex 151.405 103.787 11
      vertex 150.827 103.902 11
    endloop
  endfacet
  facet normal 0 0 1
    outer loop
      vertex 151.405 103.787 11
      vertex 150.758 101.372 11
      vertex 151.005 101.288 11
    endloop
  endfacet
  facet normal 0 0 1
    outer loop
      vertex 150.827 103.902 11
      vertex 150.501 101.423 11
      vertex 150.758 101.372 11
    endloop
  endfacet
  facet normal 0 0 1
    outer loop
      vertex 150.24 103.94 11
      vertex 150.501 101.423 11
      vertex 150.827 103.902 11
    endloop
  endfacet
  facet normal 0 0 1
    outer loop
      vertex 150.24 103.94 11
      vertex 150.24 101.44 11
      vertex 150.501 101.423 11
    endloop
  endfacet
  facet normal 0 0 1
    outer loop
      vertex 150.24 103.94 11
      vertex 149.979 101.423 11
      vertex 150.24 101.44 11
    endloop
  endfacet
  facet normal -0 0 1
    outer loop
      vertex 149.653 103.902 11
      vertex 149.979 101.423 11
      vertex 150.24 103.94 11
    endloop
  endfacet
  facet normal 0 0 1
    outer loop
      vertex 149.979 101.423 11
      vertex 149.653 103.902 11
      vertex 149.722 101.372 11
    endloop
  endfacet
  facet normal -0 0 1
    outer loop
      vertex 149.075 103.787 11
      vertex 149.722 101.372 11
      vertex 149.653 103.902 11
    endloop
  endfacet
  facet normal 0 0 1
    outer loop
      vertex 149.722 101.372 11
      vertex 149.075 103.787 11
      vertex 149.475 101.288 11
    endloop
  endfacet
  facet normal -0 0 1
    outer loop
      vertex 148.518 103.597 11
      vertex 149.475 101.288 11
      vertex 149.075 103.787 11
    endloop
  endfacet
  facet normal 0 0 1
    outer loop
      vertex 149.475 101.288 11
      vertex 148.518 103.597 11
      vertex 149.24 101.172 11
    endloop
  endfacet
  facet normal -0 0 1
    outer loop
      vertex 147.99 103.337 11
      vertex 149.24 101.172 11
      vertex 148.518 103.597 11
    endloop
  endfacet
  facet normal 0 0 1
    outer loop
      vertex 149.24 101.172 11
      vertex 147.99 103.337 11
      vertex 149.022 101.027 11
    endloop
  endfacet
  facet normal -0 0 1
    outer loop
      vertex 147.501 103.01 11
      vertex 149.022 101.027 11
      vertex 147.99 103.337 11
    endloop
  endfacet
  facet normal 0 0 1
    outer loop
      vertex 149.022 101.027 11
      vertex 147.501 103.01 11
      vertex 148.826 100.854 11
    endloop
  endfacet
  facet normal -0 0 1
    outer loop
      vertex 147.058 102.622 11
      vertex 148.826 100.854 11
      vertex 147.501 103.01 11
    endloop
  endfacet
  facet normal 0 0 1
    outer loop
      vertex 148.826 100.854 11
      vertex 147.058 102.622 11
      vertex 148.653 100.658 11
    endloop
  endfacet
  facet normal -0 0 1
    outer loop
      vertex 146.67 102.179 11
      vertex 148.653 100.658 11
      vertex 147.058 102.622 11
    endloop
  endfacet
  facet normal -0 0 1
    outer loop
      vertex 146.343 101.69 11
      vertex 148.508 100.44 11
      vertex 146.67 102.179 11
    endloop
  endfacet
  facet normal 0 0 1
    outer loop
      vertex 148.653 100.658 11
      vertex 146.67 102.179 11
      vertex 148.508 100.44 11
    endloop
  endfacet
  facet normal 0 0 1
    outer loop
      vertex 154.137 97.19 11
      vertex 151.972 98.44 11
      vertex 153.81 96.7006 11
    endloop
  endfacet
  facet normal -0 0 1
    outer loop
      vertex 151.827 98.2225 11
      vertex 153.81 96.7006 11
      vertex 151.972 98.44 11
    endloop
  endfacet
  facet normal 0 0 1
    outer loop
      vertex 153.81 96.7006 11
      vertex 151.827 98.2225 11
      vertex 153.422 96.258 11
    endloop
  endfacet
  facet normal -0 0 1
    outer loop
      vertex 151.654 98.0258 11
      vertex 153.422 96.258 11
      vertex 151.827 98.2225 11
    endloop
  endfacet
  facet normal 0 0 1
    outer loop
      vertex 153.422 96.258 11
      vertex 151.654 98.0258 11
      vertex 152.979 95.8699 11
    endloop
  endfacet
  facet normal -0 0 1
    outer loop
      vertex 151.458 97.8533 11
      vertex 152.979 95.8699 11
      vertex 151.654 98.0258 11
    endloop
  endfacet
  facet normal 0 0 1
    outer loop
      vertex 152.979 95.8699 11
      vertex 151.458 97.8533 11
      vertex 152.49 95.5429 11
    endloop
  endfacet
  facet normal -0 0 1
    outer loop
      vertex 151.24 97.7079 11
      vertex 152.49 95.5429 11
      vertex 151.458 97.8533 11
    endloop
  endfacet
  facet normal 0 0 1
    outer loop
      vertex 152.49 95.5429 11
      vertex 151.24 97.7079 11
      vertex 151.962 95.2825 11
    endloop
  endfacet
  facet normal -0 0 1
    outer loop
      vertex 151.005 97.5922 11
      vertex 151.962 95.2825 11
      vertex 151.24 97.7079 11
    endloop
  endfacet
  facet normal 0 0 1
    outer loop
      vertex 151.962 95.2825 11
      vertex 151.005 97.5922 11
      vertex 151.405 95.0933 11
    endloop
  endfacet
  facet normal -0 0 1
    outer loop
      vertex 150.758 97.5081 11
      vertex 151.405 95.0933 11
      vertex 151.005 97.5922 11
    endloop
  endfacet
  facet normal 0 0 1
    outer loop
      vertex 151.405 95.0933 11
      vertex 150.758 97.5081 11
      vertex 150.827 94.9785 11
    endloop
  endfacet
  facet normal -0 0 1
    outer loop
      vertex 150.501 97.4571 11
      vertex 150.827 94.9785 11
      vertex 150.758 97.5081 11
    endloop
  endfacet
  facet normal -0 0 1
    outer loop
      vertex 150.24 97.44 11
      vertex 150.827 94.9785 11
      vertex 150.501 97.4571 11
    endloop
  endfacet
  facet normal 0 0 1
    outer loop
      vertex 150.24 97.44 11
      vertex 150.24 94.94 11
      vertex 150.827 94.9785 11
    endloop
  endfacet
  facet normal 0 0 1
    outer loop
      vertex 149.979 97.4571 11
      vertex 150.24 94.94 11
      vertex 150.24 97.44 11
    endloop
  endfacet
  facet normal 0 0 1
    outer loop
      vertex 149.653 94.9785 11
      vertex 149.979 97.4571 11
      vertex 149.722 97.5081 11
    endloop
  endfacet
  facet normal 0 0 1
    outer loop
      vertex 149.979 97.4571 11
      vertex 149.653 94.9785 11
      vertex 150.24 94.94 11
    endloop
  endfacet
  facet normal 0 0 1
    outer loop
      vertex 149.075 95.0933 11
      vertex 149.722 97.5081 11
      vertex 149.475 97.5922 11
    endloop
  endfacet
  facet normal 0 0 1
    outer loop
      vertex 148.518 95.2825 11
      vertex 149.475 97.5922 11
      vertex 149.24 97.7079 11
    endloop
  endfacet
  facet normal 0 0 1
    outer loop
      vertex 149.722 97.5081 11
      vertex 149.075 95.0933 11
      vertex 149.653 94.9785 11
    endloop
  endfacet
  facet normal 0 0 1
    outer loop
      vertex 147.99 95.5429 11
      vertex 149.24 97.7079 11
      vertex 149.022 97.8533 11
    endloop
  endfacet
  facet normal 0 0 1
    outer loop
      vertex 147.501 95.8699 11
      vertex 149.022 97.8533 11
      vertex 148.826 98.0258 11
    endloop
  endfacet
  facet normal 0 0 1
    outer loop
      vertex 147.058 96.258 11
      vertex 148.826 98.0258 11
      vertex 148.653 98.2225 11
    endloop
  endfacet
  facet normal 0 0 1
    outer loop
      vertex 149.475 97.5922 11
      vertex 148.518 95.2825 11
      vertex 149.075 95.0933 11
    endloop
  endfacet
  facet normal 0 0 1
    outer loop
      vertex 146.67 96.7006 11
      vertex 148.653 98.2225 11
      vertex 148.508 98.44 11
    endloop
  endfacet
  facet normal 0 0 1
    outer loop
      vertex 146.343 97.19 11
      vertex 148.508 98.44 11
      vertex 148.392 98.6746 11
    endloop
  endfacet
  facet normal 0 0 1
    outer loop
      vertex 146.083 97.7179 11
      vertex 148.392 98.6746 11
      vertex 148.308 98.9224 11
    endloop
  endfacet
  facet normal 0 0 1
    outer loop
      vertex 145.893 98.2753 11
      vertex 148.308 98.9224 11
      vertex 148.257 99.1789 11
    endloop
  endfacet
  facet normal 0 0 1
    outer loop
      vertex 149.24 97.7079 11
      vertex 147.99 95.5429 11
      vertex 148.518 95.2825 11
    endloop
  endfacet
  facet normal 0 0 1
    outer loop
      vertex 145.779 98.8526 11
      vertex 148.257 99.1789 11
      vertex 148.24 99.44 11
    endloop
  endfacet
  facet normal 0 0 1
    outer loop
      vertex 148.508 100.44 11
      vertex 146.343 101.69 11
      vertex 148.392 100.205 11
    endloop
  endfacet
  facet normal -0 0 1
    outer loop
      vertex 146.083 101.162 11
      vertex 148.392 100.205 11
      vertex 146.343 101.69 11
    endloop
  endfacet
  facet normal 0 0 1
    outer loop
      vertex 149.022 97.8533 11
      vertex 147.501 95.8699 11
      vertex 147.99 95.5429 11
    endloop
  endfacet
  facet normal 0 0 1
    outer loop
      vertex 148.392 100.205 11
      vertex 146.083 101.162 11
      vertex 148.308 99.9576 11
    endloop
  endfacet
  facet normal 0 0 1
    outer loop
      vertex 148.826 98.0258 11
      vertex 147.058 96.258 11
      vertex 147.501 95.8699 11
    endloop
  endfacet
  facet normal -0 0 1
    outer loop
      vertex 145.893 100.605 11
      vertex 148.308 99.9576 11
      vertex 146.083 101.162 11
    endloop
  endfacet
  facet normal 0 0 1
    outer loop
      vertex 148.653 98.2225 11
      vertex 146.67 96.7006 11
      vertex 147.058 96.258 11
    endloop
  endfacet
  facet normal 0 0 1
    outer loop
      vertex 148.308 99.9576 11
      vertex 145.893 100.605 11
      vertex 148.257 99.701 11
    endloop
  endfacet
  facet normal 0 0 1
    outer loop
      vertex 148.508 98.44 11
      vertex 146.343 97.19 11
      vertex 146.67 96.7006 11
    endloop
  endfacet
  facet normal -0 0 1
    outer loop
      vertex 145.779 100.027 11
      vertex 148.257 99.701 11
      vertex 145.893 100.605 11
    endloop
  endfacet
  facet normal 0 0 1
    outer loop
      vertex 148.392 98.6746 11
      vertex 146.083 97.7179 11
      vertex 146.343 97.19 11
    endloop
  endfacet
  facet normal 0 0 1
    outer loop
      vertex 148.257 99.701 11
      vertex 145.779 100.027 11
      vertex 148.24 99.44 11
    endloop
  endfacet
  facet normal 0 0 1
    outer loop
      vertex 148.308 98.9224 11
      vertex 145.893 98.2753 11
      vertex 146.083 97.7179 11
    endloop
  endfacet
  facet normal 0 0 1
    outer loop
      vertex 145.74 99.44 11
      vertex 148.24 99.44 11
      vertex 145.779 100.027 11
    endloop
  endfacet
  facet normal 0 0 1
    outer loop
      vertex 148.257 99.1789 11
      vertex 145.779 98.8526 11
      vertex 145.893 98.2753 11
    endloop
  endfacet
  facet normal 0 0 1
    outer loop
      vertex 148.24 99.44 11
      vertex 145.74 99.44 11
      vertex 145.779 98.8526 11
    endloop
  endfacet
  facet normal 0.831265 0.555877 0
    outer loop
      vertex 154.137 101.69 11
      vertex 153.81 102.179 3
      vertex 153.81 102.179 11
    endloop
  endfacet
  facet normal 0.831265 0.555877 0
    outer loop
      vertex 153.81 102.179 3
      vertex 154.137 101.69 11
      vertex 154.137 101.69 3
    endloop
  endfacet
  facet normal 0.555877 0.831265 -0
    outer loop
      vertex 152.979 103.01 3
      vertex 152.49 103.337 11
      vertex 152.979 103.01 11
    endloop
  endfacet
  facet normal 0.555877 0.831265 0
    outer loop
      vertex 152.49 103.337 11
      vertex 152.979 103.01 3
      vertex 152.49 103.337 3
    endloop
  endfacet
  facet normal 0.897096 -0.441836 0
    outer loop
      vertex 154.137 97.19 11
      vertex 154.397 97.7179 3
      vertex 154.397 97.7179 11
    endloop
  endfacet
  facet normal 0.897096 -0.441836 0
    outer loop
      vertex 154.397 97.7179 3
      vertex 154.137 97.19 11
      vertex 154.137 97.19 3
    endloop
  endfacet
  facet normal 0.997914 -0.0645569 0
    outer loop
      vertex 154.702 98.8526 11
      vertex 154.74 99.44 3
      vertex 154.74 99.44 11
    endloop
  endfacet
  facet normal 0.997914 -0.0645569 0
    outer loop
      vertex 154.74 99.44 3
      vertex 154.702 98.8526 11
      vertex 154.702 98.8526 3
    endloop
  endfacet
  facet normal 0.322847 0.946451 -0
    outer loop
      vertex 151.962 103.597 3
      vertex 151.405 103.787 11
      vertex 151.962 103.597 11
    endloop
  endfacet
  facet normal 0.322847 0.946451 0
    outer loop
      vertex 151.405 103.787 11
      vertex 151.962 103.597 3
      vertex 151.405 103.787 3
    endloop
  endfacet
  facet normal -0.897129 0.441768 0
    outer loop
      vertex 146.083 101.162 3
      vertex 146.343 101.69 11
      vertex 146.343 101.69 3
    endloop
  endfacet
  facet normal -0.897129 0.441768 0
    outer loop
      vertex 146.343 101.69 11
      vertex 146.083 101.162 3
      vertex 146.083 101.162 11
    endloop
  endfacet
  facet normal -0.658865 0.752261 0
    outer loop
      vertex 147.501 103.01 3
      vertex 147.058 102.622 11
      vertex 147.501 103.01 11
    endloop
  endfacet
  facet normal -0.658865 0.752261 0
    outer loop
      vertex 147.058 102.622 11
      vertex 147.501 103.01 3
      vertex 147.058 102.622 3
    endloop
  endfacet
  facet normal 0.321628 -0.946866 0
    outer loop
      vertex 151.405 95.0933 3
      vertex 151.962 95.2825 11
      vertex 151.405 95.0933 11
    endloop
  endfacet
  facet normal 0.321628 -0.946866 0
    outer loop
      vertex 151.962 95.2825 11
      vertex 151.405 95.0933 3
      vertex 151.962 95.2825 3
    endloop
  endfacet
  facet normal -0.997803 -0.0662484 0
    outer loop
      vertex 145.779 98.8526 3
      vertex 145.74 99.44 11
      vertex 145.74 99.44 3
    endloop
  endfacet
  facet normal -0.997803 -0.0662484 0
    outer loop
      vertex 145.74 99.44 11
      vertex 145.779 98.8526 3
      vertex 145.779 98.8526 11
    endloop
  endfacet
  facet normal -0.658961 -0.752177 0
    outer loop
      vertex 147.058 96.258 3
      vertex 147.501 95.8699 11
      vertex 147.058 96.258 11
    endloop
  endfacet
  facet normal -0.658961 -0.752177 -0
    outer loop
      vertex 147.501 95.8699 11
      vertex 147.058 96.258 3
      vertex 147.501 95.8699 3
    endloop
  endfacet
  facet normal -0.322847 0.946451 0
    outer loop
      vertex 149.075 103.787 3
      vertex 148.518 103.597 11
      vertex 149.075 103.787 11
    endloop
  endfacet
  facet normal -0.322847 0.946451 0
    outer loop
      vertex 148.518 103.597 11
      vertex 149.075 103.787 3
      vertex 148.518 103.597 3
    endloop
  endfacet
  facet normal -0.831475 -0.555562 0
    outer loop
      vertex 146.67 96.7006 3
      vertex 146.343 97.19 11
      vertex 146.343 97.19 3
    endloop
  endfacet
  facet normal -0.831475 -0.555562 0
    outer loop
      vertex 146.343 97.19 11
      vertex 146.67 96.7006 3
      vertex 146.67 96.7006 11
    endloop
  endfacet
  facet normal -0.555877 0.831265 0
    outer loop
      vertex 147.99 103.337 3
      vertex 147.501 103.01 11
      vertex 147.99 103.337 11
    endloop
  endfacet
  facet normal -0.555877 0.831265 0
    outer loop
      vertex 147.501 103.01 11
      vertex 147.99 103.337 3
      vertex 147.501 103.01 3
    endloop
  endfacet
  facet normal 0.195137 0.980776 -0
    outer loop
      vertex 151.405 103.787 3
      vertex 150.827 103.902 11
      vertex 151.405 103.787 11
    endloop
  endfacet
  facet normal 0.195137 0.980776 0
    outer loop
      vertex 150.827 103.902 11
      vertex 151.405 103.787 3
      vertex 150.827 103.902 3
    endloop
  endfacet
  facet normal -0.441768 0.897129 0
    outer loop
      vertex 148.518 103.597 3
      vertex 147.99 103.337 11
      vertex 148.518 103.597 11
    endloop
  endfacet
  facet normal -0.441768 0.897129 0
    outer loop
      vertex 147.99 103.337 11
      vertex 148.518 103.597 3
      vertex 147.99 103.337 3
    endloop
  endfacet
  facet normal 0.0654471 -0.997856 0
    outer loop
      vertex 150.24 94.94 3
      vertex 150.827 94.9785 11
      vertex 150.24 94.94 11
    endloop
  endfacet
  facet normal 0.0654471 -0.997856 0
    outer loop
      vertex 150.827 94.9785 11
      vertex 150.24 94.94 3
      vertex 150.827 94.9785 3
    endloop
  endfacet
  facet normal 0.658961 -0.752177 0
    outer loop
      vertex 152.979 95.8699 3
      vertex 153.422 96.258 11
      vertex 152.979 95.8699 11
    endloop
  endfacet
  facet normal 0.658961 -0.752177 0
    outer loop
      vertex 153.422 96.258 11
      vertex 152.979 95.8699 3
      vertex 153.422 96.258 3
    endloop
  endfacet
  facet normal -0.946522 -0.322639 0
    outer loop
      vertex 146.083 97.7179 3
      vertex 145.893 98.2753 11
      vertex 145.893 98.2753 3
    endloop
  endfacet
  facet normal -0.946522 -0.322639 0
    outer loop
      vertex 145.893 98.2753 11
      vertex 146.083 97.7179 3
      vertex 146.083 97.7179 11
    endloop
  endfacet
  facet normal 0.946522 -0.322639 0
    outer loop
      vertex 154.397 97.7179 11
      vertex 154.587 98.2753 3
      vertex 154.587 98.2753 11
    endloop
  endfacet
  facet normal 0.946522 -0.322639 0
    outer loop
      vertex 154.587 98.2753 3
      vertex 154.397 97.7179 11
      vertex 154.397 97.7179 3
    endloop
  endfacet
  facet normal 0.441768 0.897129 -0
    outer loop
      vertex 152.49 103.337 3
      vertex 151.962 103.597 11
      vertex 152.49 103.337 11
    endloop
  endfacet
  facet normal 0.441768 0.897129 0
    outer loop
      vertex 151.962 103.597 11
      vertex 152.49 103.337 3
      vertex 151.962 103.597 3
    endloop
  endfacet
  facet normal -0.195137 0.980776 0
    outer loop
      vertex 149.653 103.902 3
      vertex 149.075 103.787 11
      vertex 149.653 103.902 11
    endloop
  endfacet
  facet normal -0.195137 0.980776 0
    outer loop
      vertex 149.075 103.787 11
      vertex 149.653 103.902 3
      vertex 149.075 103.787 3
    endloop
  endfacet
  facet normal 0.752261 0.658865 0
    outer loop
      vertex 153.81 102.179 11
      vertex 153.422 102.622 3
      vertex 153.422 102.622 11
    endloop
  endfacet
  facet normal 0.752261 0.658865 0
    outer loop
      vertex 153.422 102.622 3
      vertex 153.81 102.179 11
      vertex 153.81 102.179 3
    endloop
  endfacet
  facet normal 0.751966 -0.659202 0
    outer loop
      vertex 153.422 96.258 11
      vertex 153.81 96.7006 3
      vertex 153.81 96.7006 11
    endloop
  endfacet
  facet normal 0.751966 -0.659202 0
    outer loop
      vertex 153.81 96.7006 3
      vertex 153.422 96.258 11
      vertex 153.422 96.258 3
    endloop
  endfacet
  facet normal -0.442315 -0.89686 0
    outer loop
      vertex 147.99 95.5429 3
      vertex 148.518 95.2825 11
      vertex 147.99 95.5429 11
    endloop
  endfacet
  facet normal -0.442315 -0.89686 -0
    outer loop
      vertex 148.518 95.2825 11
      vertex 147.99 95.5429 3
      vertex 148.518 95.2825 3
    endloop
  endfacet
  facet normal -0.946451 0.322847 0
    outer loop
      vertex 145.893 100.605 3
      vertex 146.083 101.162 11
      vertex 146.083 101.162 3
    endloop
  endfacet
  facet normal -0.946451 0.322847 0
    outer loop
      vertex 146.083 101.162 11
      vertex 145.893 100.605 3
      vertex 145.893 100.605 11
    endloop
  endfacet
  facet normal 0.194811 -0.980841 0
    outer loop
      vertex 150.827 94.9785 3
      vertex 151.405 95.0933 11
      vertex 150.827 94.9785 11
    endloop
  endfacet
  facet normal 0.194811 -0.980841 0
    outer loop
      vertex 151.405 95.0933 11
      vertex 150.827 94.9785 3
      vertex 151.405 95.0933 3
    endloop
  endfacet
  facet normal 0.442315 -0.89686 0
    outer loop
      vertex 151.962 95.2825 3
      vertex 152.49 95.5429 11
      vertex 151.962 95.2825 11
    endloop
  endfacet
  facet normal 0.442315 -0.89686 0
    outer loop
      vertex 152.49 95.5429 11
      vertex 151.962 95.2825 3
      vertex 152.49 95.5429 3
    endloop
  endfacet
  facet normal -0.752261 0.658865 0
    outer loop
      vertex 146.67 102.179 3
      vertex 147.058 102.622 11
      vertex 147.058 102.622 3
    endloop
  endfacet
  facet normal -0.752261 0.658865 0
    outer loop
      vertex 147.058 102.622 11
      vertex 146.67 102.179 3
      vertex 146.67 102.179 11
    endloop
  endfacet
  facet normal 0.658865 0.752261 -0
    outer loop
      vertex 153.422 102.622 3
      vertex 152.979 103.01 11
      vertex 153.422 102.622 11
    endloop
  endfacet
  facet normal 0.658865 0.752261 0
    outer loop
      vertex 152.979 103.01 11
      vertex 153.422 102.622 3
      vertex 152.979 103.01 3
    endloop
  endfacet
  facet normal -0.897096 -0.441836 0
    outer loop
      vertex 146.343 97.19 3
      vertex 146.083 97.7179 11
      vertex 146.083 97.7179 3
    endloop
  endfacet
  facet normal -0.897096 -0.441836 0
    outer loop
      vertex 146.083 97.7179 11
      vertex 146.343 97.19 3
      vertex 146.343 97.19 11
    endloop
  endfacet
  facet normal -0.9978 0.0662934 0
    outer loop
      vertex 145.74 99.44 3
      vertex 145.779 100.027 11
      vertex 145.779 100.027 3
    endloop
  endfacet
  facet normal -0.9978 0.0662934 0
    outer loop
      vertex 145.779 100.027 11
      vertex 145.74 99.44 3
      vertex 145.74 99.44 11
    endloop
  endfacet
  facet normal 0.831475 -0.555562 0
    outer loop
      vertex 153.81 96.7006 11
      vertex 154.137 97.19 3
      vertex 154.137 97.19 11
    endloop
  endfacet
  facet normal 0.831475 -0.555562 0
    outer loop
      vertex 154.137 97.19 3
      vertex 153.81 96.7006 11
      vertex 153.81 96.7006 3
    endloop
  endfacet
  facet normal 0.897129 0.441768 0
    outer loop
      vertex 154.397 101.162 11
      vertex 154.137 101.69 3
      vertex 154.137 101.69 11
    endloop
  endfacet
  facet normal 0.897129 0.441768 0
    outer loop
      vertex 154.137 101.69 3
      vertex 154.397 101.162 11
      vertex 154.397 101.162 3
    endloop
  endfacet
  facet normal -0.0654471 -0.997856 0
    outer loop
      vertex 149.653 94.9785 3
      vertex 150.24 94.94 11
      vertex 149.653 94.9785 11
    endloop
  endfacet
  facet normal -0.0654471 -0.997856 -0
    outer loop
      vertex 150.24 94.94 11
      vertex 149.653 94.9785 3
      vertex 150.24 94.94 3
    endloop
  endfacet
  facet normal 0.0646007 0.997911 -0
    outer loop
      vertex 150.827 103.902 3
      vertex 150.24 103.94 11
      vertex 150.827 103.902 11
    endloop
  endfacet
  facet normal 0.0646007 0.997911 0
    outer loop
      vertex 150.24 103.94 11
      vertex 150.827 103.902 3
      vertex 150.24 103.94 3
    endloop
  endfacet
  facet normal -0.555877 -0.831265 0
    outer loop
      vertex 147.501 95.8699 3
      vertex 147.99 95.5429 11
      vertex 147.501 95.8699 11
    endloop
  endfacet
  facet normal -0.555877 -0.831265 -0
    outer loop
      vertex 147.99 95.5429 11
      vertex 147.501 95.8699 3
      vertex 147.99 95.5429 3
    endloop
  endfacet
  facet normal 0.555877 -0.831265 0
    outer loop
      vertex 152.49 95.5429 3
      vertex 152.979 95.8699 11
      vertex 152.49 95.5429 11
    endloop
  endfacet
  facet normal 0.555877 -0.831265 0
    outer loop
      vertex 152.979 95.8699 11
      vertex 152.49 95.5429 3
      vertex 152.979 95.8699 3
    endloop
  endfacet
  facet normal 0.946451 0.322847 0
    outer loop
      vertex 154.587 100.605 11
      vertex 154.397 101.162 3
      vertex 154.397 101.162 11
    endloop
  endfacet
  facet normal 0.946451 0.322847 0
    outer loop
      vertex 154.397 101.162 3
      vertex 154.587 100.605 11
      vertex 154.587 100.605 3
    endloop
  endfacet
  facet normal -0.981099 0.193504 0
    outer loop
      vertex 145.779 100.027 3
      vertex 145.893 100.605 11
      vertex 145.893 100.605 3
    endloop
  endfacet
  facet normal -0.981099 0.193504 0
    outer loop
      vertex 145.893 100.605 11
      vertex 145.779 100.027 3
      vertex 145.779 100.027 11
    endloop
  endfacet
  facet normal -0.0646007 0.997911 0
    outer loop
      vertex 150.24 103.94 3
      vertex 149.653 103.902 11
      vertex 150.24 103.94 11
    endloop
  endfacet
  facet normal -0.0646007 0.997911 0
    outer loop
      vertex 149.653 103.902 11
      vertex 150.24 103.94 3
      vertex 149.653 103.902 3
    endloop
  endfacet
  facet normal -0.321628 -0.946866 0
    outer loop
      vertex 148.518 95.2825 3
      vertex 149.075 95.0933 11
      vertex 148.518 95.2825 11
    endloop
  endfacet
  facet normal -0.321628 -0.946866 -0
    outer loop
      vertex 149.075 95.0933 11
      vertex 148.518 95.2825 3
      vertex 149.075 95.0933 3
    endloop
  endfacet
  facet normal -0.981055 -0.19373 0
    outer loop
      vertex 145.893 98.2753 3
      vertex 145.779 98.8526 11
      vertex 145.779 98.8526 3
    endloop
  endfacet
  facet normal -0.981055 -0.19373 0
    outer loop
      vertex 145.779 98.8526 11
      vertex 145.893 98.2753 3
      vertex 145.893 98.2753 11
    endloop
  endfacet
  facet normal -0.194811 -0.980841 0
    outer loop
      vertex 149.075 95.0933 3
      vertex 149.653 94.9785 11
      vertex 149.075 95.0933 11
    endloop
  endfacet
  facet normal -0.194811 -0.980841 -0
    outer loop
      vertex 149.653 94.9785 11
      vertex 149.075 95.0933 3
      vertex 149.653 94.9785 3
    endloop
  endfacet
  facet normal -0.831265 0.555877 0
    outer loop
      vertex 146.343 101.69 3
      vertex 146.67 102.179 11
      vertex 146.67 102.179 3
    endloop
  endfacet
  facet normal -0.831265 0.555877 0
    outer loop
      vertex 146.67 102.179 11
      vertex 146.343 101.69 3
      vertex 146.343 101.69 11
    endloop
  endfacet
  facet normal -0.980815 -0.19494 0
    outer loop
      vertex 152.223 99.701 5
      vertex 152.172 99.9576 11
      vertex 152.172 99.9576 5
    endloop
  endfacet
  facet normal -0.980815 -0.19494 0
    outer loop
      vertex 152.172 99.9576 11
      vertex 152.223 99.701 5
      vertex 152.223 99.701 11
    endloop
  endfacet
  facet normal -0.997886 -0.0649964 0
    outer loop
      vertex 152.24 99.44 5
      vertex 152.223 99.701 11
      vertex 152.223 99.701 5
    endloop
  endfacet
  facet normal -0.997886 -0.0649964 0
    outer loop
      vertex 152.223 99.701 11
      vertex 152.24 99.44 5
      vertex 152.24 99.44 11
    endloop
  endfacet
  facet normal -0.0649964 -0.997886 0
    outer loop
      vertex 150.24 101.44 5
      vertex 150.501 101.423 11
      vertex 150.24 101.44 11
    endloop
  endfacet
  facet normal -0.0649964 -0.997886 -0
    outer loop
      vertex 150.501 101.423 11
      vertex 150.24 101.44 5
      vertex 150.501 101.423 5
    endloop
  endfacet
  facet normal 0.194648 -0.980873 0
    outer loop
      vertex 149.722 101.372 5
      vertex 149.979 101.423 11
      vertex 149.722 101.372 11
    endloop
  endfacet
  facet normal 0.194648 -0.980873 0
    outer loop
      vertex 149.979 101.423 11
      vertex 149.722 101.372 5
      vertex 149.979 101.423 5
    endloop
  endfacet
  facet normal -0.554876 0.831933 0
    outer loop
      vertex 151.458 97.8533 5
      vertex 151.24 97.7079 11
      vertex 151.458 97.8533 11
    endloop
  endfacet
  facet normal -0.554876 0.831933 0
    outer loop
      vertex 151.24 97.7079 11
      vertex 151.458 97.8533 5
      vertex 151.24 97.7079 5
    endloop
  endfacet
  facet normal 0.896705 -0.442629 0
    outer loop
      vertex 148.392 100.205 11
      vertex 148.508 100.44 5
      vertex 148.508 100.44 11
    endloop
  endfacet
  facet normal 0.896705 -0.442629 0
    outer loop
      vertex 148.508 100.44 5
      vertex 148.392 100.205 11
      vertex 148.392 100.205 5
    endloop
  endfacet
  facet normal 0.946908 -0.321505 0
    outer loop
      vertex 148.308 99.9576 11
      vertex 148.392 100.205 5
      vertex 148.392 100.205 11
    endloop
  endfacet
  facet normal 0.946908 -0.321505 0
    outer loop
      vertex 148.392 100.205 5
      vertex 148.308 99.9576 11
      vertex 148.308 99.9576 5
    endloop
  endfacet
  facet normal 0.321971 -0.946749 0
    outer loop
      vertex 149.475 101.288 5
      vertex 149.722 101.372 11
      vertex 149.475 101.288 11
    endloop
  endfacet
  facet normal 0.321971 -0.946749 0
    outer loop
      vertex 149.722 101.372 11
      vertex 149.475 101.288 5
      vertex 149.722 101.372 5
    endloop
  endfacet
  facet normal -0.997887 0.0649716 0
    outer loop
      vertex 152.223 99.1789 5
      vertex 152.24 99.44 11
      vertex 152.24 99.44 5
    endloop
  endfacet
  facet normal -0.997887 0.0649716 0
    outer loop
      vertex 152.24 99.44 11
      vertex 152.223 99.1789 5
      vertex 152.223 99.1789 11
    endloop
  endfacet
  facet normal 0.947066 0.321039 0
    outer loop
      vertex 148.392 98.6746 11
      vertex 148.308 98.9224 5
      vertex 148.308 98.9224 11
    endloop
  endfacet
  facet normal 0.947066 0.321039 0
    outer loop
      vertex 148.308 98.9224 5
      vertex 148.392 98.6746 11
      vertex 148.392 98.6746 5
    endloop
  endfacet
  facet normal 0.832637 -0.553818 0
    outer loop
      vertex 148.508 100.44 11
      vertex 148.653 100.658 5
      vertex 148.653 100.658 11
    endloop
  endfacet
  facet normal 0.832637 -0.553818 0
    outer loop
      vertex 148.653 100.658 5
      vertex 148.508 100.44 11
      vertex 148.508 100.44 5
    endloop
  endfacet
  facet normal 0.980815 -0.19494 0
    outer loop
      vertex 148.257 99.701 11
      vertex 148.308 99.9576 5
      vertex 148.308 99.9576 11
    endloop
  endfacet
  facet normal 0.980815 -0.19494 0
    outer loop
      vertex 148.308 99.9576 5
      vertex 148.257 99.701 11
      vertex 148.257 99.701 5
    endloop
  endfacet
  facet normal -0.947066 0.321039 0
    outer loop
      vertex 152.088 98.6746 5
      vertex 152.172 98.9224 11
      vertex 152.172 98.9224 5
    endloop
  endfacet
  facet normal -0.947066 0.321039 0
    outer loop
      vertex 152.172 98.9224 11
      vertex 152.088 98.6746 5
      vertex 152.088 98.6746 11
    endloop
  endfacet
  facet normal -0.660671 0.750676 0
    outer loop
      vertex 151.654 98.0258 5
      vertex 151.458 97.8533 11
      vertex 151.654 98.0258 11
    endloop
  endfacet
  facet normal -0.660671 0.750676 0
    outer loop
      vertex 151.458 97.8533 11
      vertex 151.654 98.0258 5
      vertex 151.458 97.8533 5
    endloop
  endfacet
  facet normal -0.321971 -0.946749 0
    outer loop
      vertex 150.758 101.372 5
      vertex 151.005 101.288 11
      vertex 150.758 101.372 11
    endloop
  endfacet
  facet normal -0.321971 -0.946749 -0
    outer loop
      vertex 151.005 101.288 11
      vertex 150.758 101.372 5
      vertex 151.005 101.288 5
    endloop
  endfacet
  facet normal 0.750895 0.660421 0
    outer loop
      vertex 148.826 98.0258 11
      vertex 148.653 98.2225 5
      vertex 148.653 98.2225 11
    endloop
  endfacet
  facet normal 0.750895 0.660421 0
    outer loop
      vertex 148.653 98.2225 5
      vertex 148.826 98.0258 11
      vertex 148.826 98.0258 5
    endloop
  endfacet
  facet normal 0.661748 -0.749726 0
    outer loop
      vertex 148.826 100.854 5
      vertex 149.022 101.027 11
      vertex 148.826 100.854 11
    endloop
  endfacet
  facet normal 0.661748 -0.749726 0
    outer loop
      vertex 149.022 101.027 11
      vertex 148.826 100.854 5
      vertex 149.022 101.027 5
    endloop
  endfacet
  facet normal 0.997886 -0.0649964 0
    outer loop
      vertex 148.24 99.44 11
      vertex 148.257 99.701 5
      vertex 148.257 99.701 11
    endloop
  endfacet
  facet normal 0.997886 -0.0649964 0
    outer loop
      vertex 148.257 99.701 5
      vertex 148.24 99.44 11
      vertex 148.24 99.44 5
    endloop
  endfacet
  facet normal -0.553818 -0.832637 0
    outer loop
      vertex 151.24 101.172 5
      vertex 151.458 101.027 11
      vertex 151.24 101.172 11
    endloop
  endfacet
  facet normal -0.553818 -0.832637 -0
    outer loop
      vertex 151.458 101.027 11
      vertex 151.24 101.172 5
      vertex 151.458 101.027 5
    endloop
  endfacet
  facet normal -0.83205 0.5547 0
    outer loop
      vertex 151.827 98.2225 5
      vertex 151.972 98.44 11
      vertex 151.972 98.44 5
    endloop
  endfacet
  facet normal -0.83205 0.5547 0
    outer loop
      vertex 151.972 98.44 11
      vertex 151.827 98.2225 5
      vertex 151.827 98.2225 11
    endloop
  endfacet
  facet normal -0.832637 -0.553818 0
    outer loop
      vertex 151.972 100.44 5
      vertex 151.827 100.658 11
      vertex 151.827 100.658 5
    endloop
  endfacet
  facet normal -0.832637 -0.553818 0
    outer loop
      vertex 151.827 100.658 11
      vertex 151.972 100.44 5
      vertex 151.972 100.44 11
    endloop
  endfacet
  facet normal 0.749726 -0.661748 0
    outer loop
      vertex 148.653 100.658 11
      vertex 148.826 100.854 5
      vertex 148.826 100.854 11
    endloop
  endfacet
  facet normal 0.749726 -0.661748 0
    outer loop
      vertex 148.826 100.854 5
      vertex 148.653 100.658 11
      vertex 148.653 100.658 5
    endloop
  endfacet
  facet normal -0.322315 0.946632 0
    outer loop
      vertex 151.005 97.5922 5
      vertex 150.758 97.5081 11
      vertex 151.005 97.5922 11
    endloop
  endfacet
  facet normal -0.322315 0.946632 0
    outer loop
      vertex 150.758 97.5081 11
      vertex 151.005 97.5922 5
      vertex 150.758 97.5081 5
    endloop
  endfacet
  facet normal -0.749726 -0.661748 0
    outer loop
      vertex 151.827 100.658 5
      vertex 151.654 100.854 11
      vertex 151.654 100.854 5
    endloop
  endfacet
  facet normal -0.749726 -0.661748 0
    outer loop
      vertex 151.654 100.854 11
      vertex 151.827 100.658 5
      vertex 151.827 100.658 11
    endloop
  endfacet
  facet normal -0.0653771 0.997861 0
    outer loop
      vertex 150.501 97.4571 5
      vertex 150.24 97.44 11
      vertex 150.501 97.4571 11
    endloop
  endfacet
  facet normal -0.0653771 0.997861 0
    outer loop
      vertex 150.24 97.44 11
      vertex 150.501 97.4571 5
      vertex 150.24 97.44 5
    endloop
  endfacet
  facet normal -0.661748 -0.749726 0
    outer loop
      vertex 151.458 101.027 5
      vertex 151.654 100.854 11
      vertex 151.458 101.027 11
    endloop
  endfacet
  facet normal -0.661748 -0.749726 -0
    outer loop
      vertex 151.654 100.854 11
      vertex 151.458 101.027 5
      vertex 151.654 100.854 5
    endloop
  endfacet
  facet normal 0.997887 0.0649716 0
    outer loop
      vertex 148.257 99.1789 11
      vertex 148.24 99.44 5
      vertex 148.24 99.44 11
    endloop
  endfacet
  facet normal 0.997887 0.0649716 0
    outer loop
      vertex 148.24 99.44 5
      vertex 148.257 99.1789 11
      vertex 148.257 99.1789 5
    endloop
  endfacet
  facet normal 0.660671 0.750676 -0
    outer loop
      vertex 149.022 97.8533 5
      vertex 148.826 98.0258 11
      vertex 149.022 97.8533 11
    endloop
  endfacet
  facet normal 0.660671 0.750676 0
    outer loop
      vertex 148.826 98.0258 11
      vertex 149.022 97.8533 5
      vertex 148.826 98.0258 5
    endloop
  endfacet
  facet normal 0.553818 -0.832637 0
    outer loop
      vertex 149.022 101.027 5
      vertex 149.24 101.172 11
      vertex 149.022 101.027 11
    endloop
  endfacet
  facet normal 0.553818 -0.832637 0
    outer loop
      vertex 149.24 101.172 11
      vertex 149.022 101.027 5
      vertex 149.24 101.172 5
    endloop
  endfacet
  facet normal -0.896705 -0.442629 0
    outer loop
      vertex 152.088 100.205 5
      vertex 151.972 100.44 11
      vertex 151.972 100.44 5
    endloop
  endfacet
  facet normal -0.896705 -0.442629 0
    outer loop
      vertex 151.972 100.44 11
      vertex 152.088 100.205 5
      vertex 152.088 100.205 11
    endloop
  endfacet
  facet normal 0.0653771 0.997861 -0
    outer loop
      vertex 150.24 97.44 5
      vertex 149.979 97.4571 11
      vertex 150.24 97.44 11
    endloop
  endfacet
  facet normal 0.0653771 0.997861 0
    outer loop
      vertex 149.979 97.4571 11
      vertex 150.24 97.44 5
      vertex 149.979 97.4571 5
    endloop
  endfacet
  facet normal -0.194648 0.980873 0
    outer loop
      vertex 150.758 97.5081 5
      vertex 150.501 97.4571 11
      vertex 150.758 97.5081 11
    endloop
  endfacet
  facet normal -0.194648 0.980873 0
    outer loop
      vertex 150.501 97.4571 11
      vertex 150.758 97.5081 5
      vertex 150.501 97.4571 5
    endloop
  endfacet
  facet normal -0.442629 -0.896705 0
    outer loop
      vertex 151.005 101.288 5
      vertex 151.24 101.172 11
      vertex 151.005 101.288 11
    endloop
  endfacet
  facet normal -0.442629 -0.896705 -0
    outer loop
      vertex 151.24 101.172 11
      vertex 151.005 101.288 5
      vertex 151.24 101.172 5
    endloop
  endfacet
  facet normal -0.896405 0.443235 0
    outer loop
      vertex 151.972 98.44 5
      vertex 152.088 98.6746 11
      vertex 152.088 98.6746 5
    endloop
  endfacet
  facet normal -0.896405 0.443235 0
    outer loop
      vertex 152.088 98.6746 11
      vertex 151.972 98.44 5
      vertex 151.972 98.44 11
    endloop
  endfacet
  facet normal -0.980801 0.195013 0
    outer loop
      vertex 152.172 98.9224 5
      vertex 152.223 99.1789 11
      vertex 152.223 99.1789 5
    endloop
  endfacet
  facet normal -0.980801 0.195013 0
    outer loop
      vertex 152.223 99.1789 11
      vertex 152.172 98.9224 5
      vertex 152.172 98.9224 11
    endloop
  endfacet
  facet normal 0.980801 0.195013 0
    outer loop
      vertex 148.308 98.9224 11
      vertex 148.257 99.1789 5
      vertex 148.257 99.1789 11
    endloop
  endfacet
  facet normal 0.980801 0.195013 0
    outer loop
      vertex 148.257 99.1789 5
      vertex 148.308 98.9224 11
      vertex 148.308 98.9224 5
    endloop
  endfacet
  facet normal 0.194648 0.980873 -0
    outer loop
      vertex 149.979 97.4571 5
      vertex 149.722 97.5081 11
      vertex 149.979 97.4571 11
    endloop
  endfacet
  facet normal 0.194648 0.980873 0
    outer loop
      vertex 149.722 97.5081 11
      vertex 149.979 97.4571 5
      vertex 149.722 97.5081 5
    endloop
  endfacet
  facet normal -0.194648 -0.980873 0
    outer loop
      vertex 150.501 101.423 5
      vertex 150.758 101.372 11
      vertex 150.501 101.423 11
    endloop
  endfacet
  facet normal -0.194648 -0.980873 -0
    outer loop
      vertex 150.758 101.372 11
      vertex 150.501 101.423 5
      vertex 150.758 101.372 5
    endloop
  endfacet
  facet normal -0.946908 -0.321505 0
    outer loop
      vertex 152.172 99.9576 5
      vertex 152.088 100.205 11
      vertex 152.088 100.205 5
    endloop
  endfacet
  facet normal -0.946908 -0.321505 0
    outer loop
      vertex 152.088 100.205 11
      vertex 152.172 99.9576 5
      vertex 152.172 99.9576 11
    endloop
  endfacet
  facet normal -0.441708 0.897159 0
    outer loop
      vertex 151.24 97.7079 5
      vertex 151.005 97.5922 11
      vertex 151.24 97.7079 11
    endloop
  endfacet
  facet normal -0.441708 0.897159 0
    outer loop
      vertex 151.005 97.5922 11
      vertex 151.24 97.7079 5
      vertex 151.005 97.5922 5
    endloop
  endfacet
  facet normal -0.750895 0.660421 0
    outer loop
      vertex 151.654 98.0258 5
      vertex 151.827 98.2225 11
      vertex 151.827 98.2225 5
    endloop
  endfacet
  facet normal -0.750895 0.660421 0
    outer loop
      vertex 151.827 98.2225 11
      vertex 151.654 98.0258 5
      vertex 151.654 98.0258 11
    endloop
  endfacet
  facet normal 0.83205 0.5547 0
    outer loop
      vertex 148.653 98.2225 11
      vertex 148.508 98.44 5
      vertex 148.508 98.44 11
    endloop
  endfacet
  facet normal 0.83205 0.5547 0
    outer loop
      vertex 148.508 98.44 5
      vertex 148.653 98.2225 11
      vertex 148.653 98.2225 5
    endloop
  endfacet
  facet normal 0.0649964 -0.997886 0
    outer loop
      vertex 149.979 101.423 5
      vertex 150.24 101.44 11
      vertex 149.979 101.423 11
    endloop
  endfacet
  facet normal 0.0649964 -0.997886 0
    outer loop
      vertex 150.24 101.44 11
      vertex 149.979 101.423 5
      vertex 150.24 101.44 5
    endloop
  endfacet
  facet normal 0.322315 0.946632 -0
    outer loop
      vertex 149.722 97.5081 5
      vertex 149.475 97.5922 11
      vertex 149.722 97.5081 11
    endloop
  endfacet
  facet normal 0.322315 0.946632 0
    outer loop
      vertex 149.475 97.5922 11
      vertex 149.722 97.5081 5
      vertex 149.475 97.5922 5
    endloop
  endfacet
  facet normal 0.442629 -0.896705 0
    outer loop
      vertex 149.24 101.172 5
      vertex 149.475 101.288 11
      vertex 149.24 101.172 11
    endloop
  endfacet
  facet normal 0.442629 -0.896705 0
    outer loop
      vertex 149.475 101.288 11
      vertex 149.24 101.172 5
      vertex 149.475 101.288 5
    endloop
  endfacet
  facet normal 0.441708 0.897159 -0
    outer loop
      vertex 149.475 97.5922 5
      vertex 149.24 97.7079 11
      vertex 149.475 97.5922 11
    endloop
  endfacet
  facet normal 0.441708 0.897159 0
    outer loop
      vertex 149.24 97.7079 11
      vertex 149.475 97.5922 5
      vertex 149.24 97.7079 5
    endloop
  endfacet
  facet normal 0.896405 0.443235 0
    outer loop
      vertex 148.508 98.44 11
      vertex 148.392 98.6746 5
      vertex 148.392 98.6746 11
    endloop
  endfacet
  facet normal 0.896405 0.443235 0
    outer loop
      vertex 148.392 98.6746 5
      vertex 148.508 98.44 11
      vertex 148.508 98.44 5
    endloop
  endfacet
  facet normal 0 0 1
    outer loop
      vertex 152.223 99.701 5
      vertex 152.223 99.1789 5
      vertex 152.24 99.44 5
    endloop
  endfacet
  facet normal 0 0 1
    outer loop
      vertex 152.172 99.9576 5
      vertex 152.223 99.1789 5
      vertex 152.223 99.701 5
    endloop
  endfacet
  facet normal 0 0 1
    outer loop
      vertex 152.172 99.9576 5
      vertex 152.172 98.9224 5
      vertex 152.223 99.1789 5
    endloop
  endfacet
  facet normal 0 0 1
    outer loop
      vertex 152.088 100.205 5
      vertex 152.172 98.9224 5
      vertex 152.172 99.9576 5
    endloop
  endfacet
  facet normal 0 0 1
    outer loop
      vertex 152.088 100.205 5
      vertex 152.088 98.6746 5
      vertex 152.172 98.9224 5
    endloop
  endfacet
  facet normal 0 0 1
    outer loop
      vertex 151.972 100.44 5
      vertex 152.088 98.6746 5
      vertex 152.088 100.205 5
    endloop
  endfacet
  facet normal 0 0 1
    outer loop
      vertex 151.972 100.44 5
      vertex 151.972 98.44 5
      vertex 152.088 98.6746 5
    endloop
  endfacet
  facet normal 0 0 1
    outer loop
      vertex 151.827 100.658 5
      vertex 151.972 98.44 5
      vertex 151.972 100.44 5
    endloop
  endfacet
  facet normal 0 0 1
    outer loop
      vertex 151.827 100.658 5
      vertex 151.827 98.2225 5
      vertex 151.972 98.44 5
    endloop
  endfacet
  facet normal 0 0 1
    outer loop
      vertex 151.654 100.854 5
      vertex 151.827 98.2225 5
      vertex 151.827 100.658 5
    endloop
  endfacet
  facet normal 0 0 1
    outer loop
      vertex 151.654 100.854 5
      vertex 151.654 98.0258 5
      vertex 151.827 98.2225 5
    endloop
  endfacet
  facet normal 0 0 1
    outer loop
      vertex 151.458 101.027 5
      vertex 151.654 98.0258 5
      vertex 151.654 100.854 5
    endloop
  endfacet
  facet normal 0 0 1
    outer loop
      vertex 151.458 101.027 5
      vertex 151.458 97.8533 5
      vertex 151.654 98.0258 5
    endloop
  endfacet
  facet normal 0 0 1
    outer loop
      vertex 151.24 101.172 5
      vertex 151.458 97.8533 5
      vertex 151.458 101.027 5
    endloop
  endfacet
  facet normal 0 0 1
    outer loop
      vertex 151.24 101.172 5
      vertex 151.24 97.7079 5
      vertex 151.458 97.8533 5
    endloop
  endfacet
  facet normal 0 0 1
    outer loop
      vertex 151.005 101.288 5
      vertex 151.24 97.7079 5
      vertex 151.24 101.172 5
    endloop
  endfacet
  facet normal 0 0 1
    outer loop
      vertex 151.005 101.288 5
      vertex 151.005 97.5922 5
      vertex 151.24 97.7079 5
    endloop
  endfacet
  facet normal 0 0 1
    outer loop
      vertex 150.758 101.372 5
      vertex 151.005 97.5922 5
      vertex 151.005 101.288 5
    endloop
  endfacet
  facet normal 0 0 1
    outer loop
      vertex 150.758 101.372 5
      vertex 150.758 97.5081 5
      vertex 151.005 97.5922 5
    endloop
  endfacet
  facet normal 0 0 1
    outer loop
      vertex 150.501 101.423 5
      vertex 150.758 97.5081 5
      vertex 150.758 101.372 5
    endloop
  endfacet
  facet normal 0 0 1
    outer loop
      vertex 150.501 101.423 5
      vertex 150.501 97.4571 5
      vertex 150.758 97.5081 5
    endloop
  endfacet
  facet normal 0 0 1
    outer loop
      vertex 150.24 101.44 5
      vertex 150.501 97.4571 5
      vertex 150.501 101.423 5
    endloop
  endfacet
  facet normal 0 0 1
    outer loop
      vertex 150.24 101.44 5
      vertex 150.24 97.44 5
      vertex 150.501 97.4571 5
    endloop
  endfacet
  facet normal -0 0 1
    outer loop
      vertex 149.979 101.423 5
      vertex 150.24 97.44 5
      vertex 150.24 101.44 5
    endloop
  endfacet
  facet normal 0 0 1
    outer loop
      vertex 149.979 101.423 5
      vertex 149.979 97.4571 5
      vertex 150.24 97.44 5
    endloop
  endfacet
  facet normal -0 0 1
    outer loop
      vertex 149.722 101.372 5
      vertex 149.979 97.4571 5
      vertex 149.979 101.423 5
    endloop
  endfacet
  facet normal 0 0 1
    outer loop
      vertex 149.722 101.372 5
      vertex 149.722 97.5081 5
      vertex 149.979 97.4571 5
    endloop
  endfacet
  facet normal -0 0 1
    outer loop
      vertex 149.475 101.288 5
      vertex 149.722 97.5081 5
      vertex 149.722 101.372 5
    endloop
  endfacet
  facet normal 0 0 1
    outer loop
      vertex 149.475 101.288 5
      vertex 149.475 97.5922 5
      vertex 149.722 97.5081 5
    endloop
  endfacet
  facet normal -0 0 1
    outer loop
      vertex 149.24 101.172 5
      vertex 149.475 97.5922 5
      vertex 149.475 101.288 5
    endloop
  endfacet
  facet normal 0 0 1
    outer loop
      vertex 149.24 101.172 5
      vertex 149.24 97.7079 5
      vertex 149.475 97.5922 5
    endloop
  endfacet
  facet normal -0 0 1
    outer loop
      vertex 149.022 101.027 5
      vertex 149.24 97.7079 5
      vertex 149.24 101.172 5
    endloop
  endfacet
  facet normal 0 0 1
    outer loop
      vertex 149.022 101.027 5
      vertex 149.022 97.8533 5
      vertex 149.24 97.7079 5
    endloop
  endfacet
  facet normal -0 0 1
    outer loop
      vertex 148.826 100.854 5
      vertex 149.022 97.8533 5
      vertex 149.022 101.027 5
    endloop
  endfacet
  facet normal 0 0 1
    outer loop
      vertex 148.826 100.854 5
      vertex 148.826 98.0258 5
      vertex 149.022 97.8533 5
    endloop
  endfacet
  facet normal -0 0 1
    outer loop
      vertex 148.653 100.658 5
      vertex 148.826 98.0258 5
      vertex 148.826 100.854 5
    endloop
  endfacet
  facet normal 0 0 1
    outer loop
      vertex 148.653 100.658 5
      vertex 148.653 98.2225 5
      vertex 148.826 98.0258 5
    endloop
  endfacet
  facet normal -0 0 1
    outer loop
      vertex 148.508 100.44 5
      vertex 148.653 98.2225 5
      vertex 148.653 100.658 5
    endloop
  endfacet
  facet normal 0 0 1
    outer loop
      vertex 148.508 100.44 5
      vertex 148.508 98.44 5
      vertex 148.653 98.2225 5
    endloop
  endfacet
  facet normal -0 0 1
    outer loop
      vertex 148.392 100.205 5
      vertex 148.508 98.44 5
      vertex 148.508 100.44 5
    endloop
  endfacet
  facet normal 0 0 1
    outer loop
      vertex 148.392 100.205 5
      vertex 148.392 98.6746 5
      vertex 148.508 98.44 5
    endloop
  endfacet
  facet normal -0 0 1
    outer loop
      vertex 148.308 99.9576 5
      vertex 148.392 98.6746 5
      vertex 148.392 100.205 5
    endloop
  endfacet
  facet normal 0 0 1
    outer loop
      vertex 148.308 99.9576 5
      vertex 148.308 98.9224 5
      vertex 148.392 98.6746 5
    endloop
  endfacet
  facet normal -0 0 1
    outer loop
      vertex 148.257 99.701 5
      vertex 148.308 98.9224 5
      vertex 148.308 99.9576 5
    endloop
  endfacet
  facet normal 0 0 1
    outer loop
      vertex 148.257 99.701 5
      vertex 148.257 99.1789 5
      vertex 148.308 98.9224 5
    endloop
  endfacet
  facet normal 0 -0 1
    outer loop
      vertex 148.257 99.1789 5
      vertex 148.257 99.701 5
      vertex 148.24 99.44 5
    endloop
  endfacet
  facet normal 0.554876 0.831933 -0
    outer loop
      vertex 149.24 97.7079 5
      vertex 149.022 97.8533 11
      vertex 149.24 97.7079 11
    endloop
  endfacet
  facet normal 0.554876 0.831933 0
    outer loop
      vertex 149.022 97.8533 11
      vertex 149.24 97.7079 5
      vertex 149.022 97.8533 5
    endloop
  endfacet
  facet normal 0.980797 0.195031 0
    outer loop
      vertex 12.4615 8.58737 48.6
      vertex 12.3467 9.16469 11
      vertex 12.3467 9.16469 48.6
    endloop
  endfacet
  facet normal 0.980797 0.195031 0
    outer loop
      vertex 12.3467 9.16469 11
      vertex 12.4615 8.58737 48.6
      vertex 12.4615 8.58737 11
    endloop
  endfacet
  facet normal 0.997859 0.0654061 0
    outer loop
      vertex 12.5 8 48.6
      vertex 12.4615 8.58737 11
      vertex 12.4615 8.58737 48.6
    endloop
  endfacet
  facet normal 0.997859 0.0654061 0
    outer loop
      vertex 12.4615 8.58737 11
      vertex 12.5 8 48.6
      vertex 12.5 8 11
    endloop
  endfacet
  facet normal 0.980797 -0.195031 0
    outer loop
      vertex 12.3467 6.83531 48.6
      vertex 12.4615 7.41263 11
      vertex 12.4615 7.41263 48.6
    endloop
  endfacet
  facet normal 0.980797 -0.195031 0
    outer loop
      vertex 12.4615 7.41263 11
      vertex 12.3467 6.83531 48.6
      vertex 12.3467 6.83531 11
    endloop
  endfacet
  facet normal -0.751836 -0.65935 0
    outer loop
      vertex 4.81802 4.81802 3
      vertex 4.42991 5.26057 48.6
      vertex 4.42991 5.26057 3
    endloop
  endfacet
  facet normal -0.751836 -0.65935 0
    outer loop
      vertex 4.42991 5.26057 48.6
      vertex 4.81802 4.81802 3
      vertex 4.81802 4.81802 48.6
    endloop
  endfacet
  facet normal 0.659308 -0.751873 0
    outer loop
      vertex 10.7394 4.42991 3
      vertex 11.182 4.81802 48.6
      vertex 10.7394 4.42991 48.6
    endloop
  endfacet
  facet normal 0.659308 -0.751873 0
    outer loop
      vertex 11.182 4.81802 48.6
      vertex 10.7394 4.42991 3
      vertex 11.182 4.81802 3
    endloop
  endfacet
  facet normal 0.831475 0.555562 0
    outer loop
      vertex 11.8971 10.25 48.6
      vertex 11.5701 10.7394 5
      vertex 11.5701 10.7394 48.6
    endloop
  endfacet
  facet normal 0.831475 0.555562 0
    outer loop
      vertex 11.5701 10.7394 5
      vertex 11.8971 10.25 48.6
      vertex 11.8971 10.25 5
    endloop
  endfacet
  facet normal 0.555562 0.831475 -0
    outer loop
      vertex 10.7394 11.5701 5
      vertex 10.25 11.8971 48.6
      vertex 10.7394 11.5701 48.6
    endloop
  endfacet
  facet normal 0.555562 0.831475 0
    outer loop
      vertex 10.25 11.8971 48.6
      vertex 10.7394 11.5701 5
      vertex 10.25 11.8971 5
    endloop
  endfacet
  facet normal 0.896837 -0.442362 0
    outer loop
      vertex 11.8971 5.75 48.6
      vertex 12.1575 6.27793 3
      vertex 12.1575 6.27793 48.6
    endloop
  endfacet
  facet normal 0.896837 -0.442362 0
    outer loop
      vertex 12.1575 6.27793 3
      vertex 11.8971 5.75 48.6
      vertex 11.8971 5.75 3
    endloop
  endfacet
  facet normal 0.997859 -0.0654061 0
    outer loop
      vertex 12.4615 7.41263 48.6
      vertex 12.5 8 11
      vertex 12.5 8 48.6
    endloop
  endfacet
  facet normal 0.997859 -0.0654061 0
    outer loop
      vertex 12.5 8 11
      vertex 12.4615 7.41263 48.6
      vertex 12.4615 7.41263 11
    endloop
  endfacet
  facet normal 0.321432 0.946933 -2.17432e-06
    outer loop
      vertex 9.72207 12.1575 48.6
      vertex 9.48761 12.237 11
      vertex 9.16469 12.3467 48.6
    endloop
  endfacet
  facet normal 0.321119 0.947039 -0
    outer loop
      vertex 9.72207 12.1575 5
      vertex 9.48761 12.237 11
      vertex 9.72207 12.1575 48.6
    endloop
  endfacet
  facet normal 0.321119 0.947039 0
    outer loop
      vertex 9.48761 12.237 11
      vertex 9.72207 12.1575 5
      vertex 9.48761 12.237 5
    endloop
  endfacet
  facet normal 0.321659 0.946856 0
    outer loop
      vertex 9.16469 12.3467 48.6
      vertex 9.48761 12.237 11
      vertex 9.16469 12.3467 11
    endloop
  endfacet
  facet normal -0.89687 0.442294 0
    outer loop
      vertex 3.84254 9.72207 3
      vertex 4.10289 10.25 48.6
      vertex 4.10289 10.25 3
    endloop
  endfacet
  facet normal -0.89687 0.442294 0
    outer loop
      vertex 4.10289 10.25 48.6
      vertex 3.84254 9.72207 3
      vertex 3.84254 9.72207 48.6
    endloop
  endfacet
  facet normal -0.65934 0.751845 0
    outer loop
      vertex 5.26057 11.5701 3
      vertex 4.81802 11.182 48.6
      vertex 5.26057 11.5701 48.6
    endloop
  endfacet
  facet normal -0.65934 0.751845 0
    outer loop
      vertex 4.81802 11.182 48.6
      vertex 5.26057 11.5701 3
      vertex 4.81802 11.182 3
    endloop
  endfacet
  facet normal 0.321447 -0.946928 0
    outer loop
      vertex 9.16469 3.65333 3
      vertex 9.72207 3.84254 48.6
      vertex 9.16469 3.65333 48.6
    endloop
  endfacet
  facet normal 0.321447 -0.946928 0
    outer loop
      vertex 9.72207 3.84254 48.6
      vertex 9.16469 3.65333 3
      vertex 9.72207 3.84254 3
    endloop
  endfacet
  facet normal -0.997859 -0.0654061 0
    outer loop
      vertex 3.5385 7.41263 3
      vertex 3.5 8 48.6
      vertex 3.5 8 3
    endloop
  endfacet
  facet normal -0.997859 -0.0654061 0
    outer loop
      vertex 3.5 8 48.6
      vertex 3.5385 7.41263 3
      vertex 3.5385 7.41263 48.6
    endloop
  endfacet
  facet normal -0.321432 0.946933 0
    outer loop
      vertex 6.83531 12.3467 11
      vertex 6.27793 12.1575 48.6
      vertex 6.83531 12.3467 48.6
    endloop
  endfacet
  facet normal -0.321451 0.946926 -3.12648e-07
    outer loop
      vertex 6.35603 12.184 11
      vertex 6.27793 12.1575 48.6
      vertex 6.83531 12.3467 11
    endloop
  endfacet
  facet normal -0.321316 0.946972 0
    outer loop
      vertex 6.27793 12.1575 3
      vertex 6.35603 12.184 11
      vertex 6.35603 12.184 3
    endloop
  endfacet
  facet normal -0.321316 0.946972 0
    outer loop
      vertex 6.35603 12.184 11
      vertex 6.27793 12.1575 3
      vertex 6.27793 12.1575 48.6
    endloop
  endfacet
  facet normal -0.831475 -0.555562 0
    outer loop
      vertex 4.42991 5.26057 3
      vertex 4.10289 5.75 48.6
      vertex 4.10289 5.75 3
    endloop
  endfacet
  facet normal -0.831475 -0.555562 0
    outer loop
      vertex 4.10289 5.75 48.6
      vertex 4.42991 5.26057 3
      vertex 4.42991 5.26057 48.6
    endloop
  endfacet
  facet normal -0.555539 0.831491 0
    outer loop
      vertex 5.75 11.8971 3
      vertex 5.26057 11.5701 48.6
      vertex 5.75 11.8971 48.6
    endloop
  endfacet
  facet normal -0.555539 0.831491 0
    outer loop
      vertex 5.26057 11.5701 48.6
      vertex 5.75 11.8971 3
      vertex 5.26057 11.5701 3
    endloop
  endfacet
  facet normal -0.831459 0.555586 0
    outer loop
      vertex 4.10289 10.25 3
      vertex 4.42991 10.7394 48.6
      vertex 4.42991 10.7394 3
    endloop
  endfacet
  facet normal -0.831459 0.555586 0
    outer loop
      vertex 4.42991 10.7394 48.6
      vertex 4.10289 10.25 3
      vertex 4.10289 10.25 48.6
    endloop
  endfacet
  facet normal -0.997859 0.0654061 0
    outer loop
      vertex 3.5 8 3
      vertex 3.5385 8.58737 48.6
      vertex 3.5385 8.58737 3
    endloop
  endfacet
  facet normal -0.997859 0.0654061 0
    outer loop
      vertex 3.5385 8.58737 48.6
      vertex 3.5 8 3
      vertex 3.5 8 48.6
    endloop
  endfacet
  facet normal -0.19508 -0.980787 0
    outer loop
      vertex 6.83531 3.65333 3
      vertex 7.41263 3.5385 48.6
      vertex 6.83531 3.65333 48.6
    endloop
  endfacet
  facet normal -0.19508 -0.980787 -0
    outer loop
      vertex 7.41263 3.5385 48.6
      vertex 6.83531 3.65333 3
      vertex 7.41263 3.5385 3
    endloop
  endfacet
  facet normal 0.195031 0.980797 -0
    outer loop
      vertex 9.16469 12.3467 11
      vertex 8.58737 12.4615 48.6
      vertex 9.16469 12.3467 48.6
    endloop
  endfacet
  facet normal 0.195031 0.980797 0
    outer loop
      vertex 8.58737 12.4615 48.6
      vertex 9.16469 12.3467 11
      vertex 8.58737 12.4615 11
    endloop
  endfacet
  facet normal -0.442362 0.896837 0
    outer loop
      vertex 6.27793 12.1575 3
      vertex 5.75 11.8971 48.6
      vertex 6.27793 12.1575 48.6
    endloop
  endfacet
  facet normal -0.442362 0.896837 0
    outer loop
      vertex 5.75 11.8971 48.6
      vertex 6.27793 12.1575 3
      vertex 5.75 11.8971 3
    endloop
  endfacet
  facet normal 0.0654061 -0.997859 0
    outer loop
      vertex 8 3.5 3
      vertex 8.58737 3.5385 48.6
      vertex 8 3.5 48.6
    endloop
  endfacet
  facet normal 0.0654061 -0.997859 0
    outer loop
      vertex 8.58737 3.5385 48.6
      vertex 8 3.5 3
      vertex 8.58737 3.5385 3
    endloop
  endfacet
  facet normal 0.947039 0.321119 0
    outer loop
      vertex 12.1575 9.72207 48.6
      vertex 12.237 9.48761 11
      vertex 12.1575 9.72207 5
    endloop
  endfacet
  facet normal 0.946933 0.321432 -2.17432e-06
    outer loop
      vertex 12.3467 9.16469 48.6
      vertex 12.237 9.48761 11
      vertex 12.1575 9.72207 48.6
    endloop
  endfacet
  facet normal 0.946856 0.321659 0
    outer loop
      vertex 12.237 9.48761 11
      vertex 12.3467 9.16469 48.6
      vertex 12.3467 9.16469 11
    endloop
  endfacet
  facet normal 0.947039 0.321119 0
    outer loop
      vertex 12.1575 9.72207 5
      vertex 12.237 9.48761 11
      vertex 12.237 9.48761 5
    endloop
  endfacet
  facet normal -0.946928 -0.321447 0
    outer loop
      vertex 3.84254 6.27793 3
      vertex 3.65333 6.83531 48.6
      vertex 3.65333 6.83531 3
    endloop
  endfacet
  facet normal -0.946928 -0.321447 0
    outer loop
      vertex 3.65333 6.83531 48.6
      vertex 3.84254 6.27793 3
      vertex 3.84254 6.27793 48.6
    endloop
  endfacet
  facet normal 0.946926 -0.321451 0
    outer loop
      vertex 12.3467 6.83531 48.6
      vertex 12.184 6.35603 11
      vertex 12.3467 6.83531 11
    endloop
  endfacet
  facet normal 0.946933 -0.321432 -2.68842e-07
    outer loop
      vertex 12.1575 6.27793 48.6
      vertex 12.184 6.35603 11
      vertex 12.3467 6.83531 48.6
    endloop
  endfacet
  facet normal 0.946972 -0.321316 0
    outer loop
      vertex 12.1575 6.27793 3
      vertex 12.184 6.35603 11
      vertex 12.1575 6.27793 48.6
    endloop
  endfacet
  facet normal 0.946972 -0.321316 0
    outer loop
      vertex 12.184 6.35603 11
      vertex 12.1575 6.27793 3
      vertex 12.184 6.35603 3
    endloop
  endfacet
  facet normal 0.442362 0.896837 -0
    outer loop
      vertex 10.25 11.8971 5
      vertex 9.72207 12.1575 48.6
      vertex 10.25 11.8971 48.6
    endloop
  endfacet
  facet normal 0.442362 0.896837 0
    outer loop
      vertex 9.72207 12.1575 48.6
      vertex 10.25 11.8971 5
      vertex 9.72207 12.1575 5
    endloop
  endfacet
  facet normal -0.195031 0.980797 0
    outer loop
      vertex 7.41263 12.4615 11
      vertex 6.83531 12.3467 48.6
      vertex 7.41263 12.4615 48.6
    endloop
  endfacet
  facet normal -0.195031 0.980797 0
    outer loop
      vertex 6.83531 12.3467 48.6
      vertex 7.41263 12.4615 11
      vertex 6.83531 12.3467 11
    endloop
  endfacet
  facet normal 0.751882 0.659298 0
    outer loop
      vertex 11.5701 10.7394 48.6
      vertex 11.182 11.182 5
      vertex 11.182 11.182 48.6
    endloop
  endfacet
  facet normal 0.751882 0.659298 0
    outer loop
      vertex 11.182 11.182 5
      vertex 11.5701 10.7394 48.6
      vertex 11.5701 10.7394 5
    endloop
  endfacet
  facet normal 0.751845 -0.65934 0
    outer loop
      vertex 11.182 4.81802 48.6
      vertex 11.5701 5.26057 3
      vertex 11.5701 5.26057 48.6
    endloop
  endfacet
  facet normal 0.751845 -0.65934 0
    outer loop
      vertex 11.5701 5.26057 3
      vertex 11.182 4.81802 48.6
      vertex 11.182 4.81802 3
    endloop
  endfacet
  facet normal -0.751873 0.659308 0
    outer loop
      vertex 4.42991 10.7394 3
      vertex 4.81802 11.182 48.6
      vertex 4.81802 11.182 3
    endloop
  endfacet
  facet normal -0.751873 0.659308 0
    outer loop
      vertex 4.81802 11.182 48.6
      vertex 4.42991 10.7394 3
      vertex 4.42991 10.7394 48.6
    endloop
  endfacet
  facet normal 0 0 1
    outer loop
      vertex 10 8 48.6
      vertex 12.5 8 48.6
      vertex 12.4615 8.58737 48.6
    endloop
  endfacet
  facet normal 0 0 1
    outer loop
      vertex 9.98289 8.26105 48.6
      vertex 12.4615 8.58737 48.6
      vertex 12.3467 9.16469 48.6
    endloop
  endfacet
  facet normal 0 0 1
    outer loop
      vertex 12.5 8 48.6
      vertex 10 8 48.6
      vertex 12.4615 7.41263 48.6
    endloop
  endfacet
  facet normal 0 0 1
    outer loop
      vertex 9.93185 8.51764 48.6
      vertex 12.3467 9.16469 48.6
      vertex 12.1575 9.72207 48.6
    endloop
  endfacet
  facet normal -0 0 1
    outer loop
      vertex 9.98289 7.73895 48.6
      vertex 12.4615 7.41263 48.6
      vertex 10 8 48.6
    endloop
  endfacet
  facet normal 0 0 1
    outer loop
      vertex 9.84776 8.76537 48.6
      vertex 12.1575 9.72207 48.6
      vertex 11.8971 10.25 48.6
    endloop
  endfacet
  facet normal 0 0 1
    outer loop
      vertex 12.4615 7.41263 48.6
      vertex 9.98289 7.73895 48.6
      vertex 12.3467 6.83531 48.6
    endloop
  endfacet
  facet normal 0 0 1
    outer loop
      vertex 9.73205 9 48.6
      vertex 11.8971 10.25 48.6
      vertex 11.5701 10.7394 48.6
    endloop
  endfacet
  facet normal -0 0 1
    outer loop
      vertex 9.93185 7.48236 48.6
      vertex 12.3467 6.83531 48.6
      vertex 9.98289 7.73895 48.6
    endloop
  endfacet
  facet normal 0 0 1
    outer loop
      vertex 9.58671 9.21752 48.6
      vertex 11.5701 10.7394 48.6
      vertex 11.182 11.182 48.6
    endloop
  endfacet
  facet normal 0 0 1
    outer loop
      vertex 12.3467 6.83531 48.6
      vertex 9.93185 7.48236 48.6
      vertex 12.1575 6.27793 48.6
    endloop
  endfacet
  facet normal 0 0 1
    outer loop
      vertex 9.41421 9.41421 48.6
      vertex 11.182 11.182 48.6
      vertex 10.7394 11.5701 48.6
    endloop
  endfacet
  facet normal -0 0 1
    outer loop
      vertex 9.84776 7.23463 48.6
      vertex 12.1575 6.27793 48.6
      vertex 9.93185 7.48236 48.6
    endloop
  endfacet
  facet normal 0 0 1
    outer loop
      vertex 9.21752 9.58671 48.6
      vertex 10.7394 11.5701 48.6
      vertex 10.25 11.8971 48.6
    endloop
  endfacet
  facet normal 0 0 1
    outer loop
      vertex 12.1575 6.27793 48.6
      vertex 9.84776 7.23463 48.6
      vertex 11.8971 5.75 48.6
    endloop
  endfacet
  facet normal -0 0 1
    outer loop
      vertex 9.73205 7 48.6
      vertex 11.8971 5.75 48.6
      vertex 9.84776 7.23463 48.6
    endloop
  endfacet
  facet normal 0 0 1
    outer loop
      vertex 12.4615 8.58737 48.6
      vertex 9.98289 8.26105 48.6
      vertex 10 8 48.6
    endloop
  endfacet
  facet normal 0 0 1
    outer loop
      vertex 12.3467 9.16469 48.6
      vertex 9.93185 8.51764 48.6
      vertex 9.98289 8.26105 48.6
    endloop
  endfacet
  facet normal 0 0 1
    outer loop
      vertex 12.1575 9.72207 48.6
      vertex 9.84776 8.76537 48.6
      vertex 9.93185 8.51764 48.6
    endloop
  endfacet
  facet normal 0 0 1
    outer loop
      vertex 11.8971 10.25 48.6
      vertex 9.73205 9 48.6
      vertex 9.84776 8.76537 48.6
    endloop
  endfacet
  facet normal 0 0 1
    outer loop
      vertex 9 9.73205 48.6
      vertex 10.25 11.8971 48.6
      vertex 9.72207 12.1575 48.6
    endloop
  endfacet
  facet normal 0 0 1
    outer loop
      vertex 11.5701 10.7394 48.6
      vertex 9.58671 9.21752 48.6
      vertex 9.73205 9 48.6
    endloop
  endfacet
  facet normal 0 0 1
    outer loop
      vertex 11.182 11.182 48.6
      vertex 9.41421 9.41421 48.6
      vertex 9.58671 9.21752 48.6
    endloop
  endfacet
  facet normal 0 0 1
    outer loop
      vertex 10.7394 11.5701 48.6
      vertex 9.21752 9.58671 48.6
      vertex 9.41421 9.41421 48.6
    endloop
  endfacet
  facet normal 0 0 1
    outer loop
      vertex 8.76537 9.84776 48.6
      vertex 9.72207 12.1575 48.6
      vertex 9.16469 12.3467 48.6
    endloop
  endfacet
  facet normal 0 0 1
    outer loop
      vertex 10.25 11.8971 48.6
      vertex 9 9.73205 48.6
      vertex 9.21752 9.58671 48.6
    endloop
  endfacet
  facet normal 0 0 1
    outer loop
      vertex 9.72207 12.1575 48.6
      vertex 8.76537 9.84776 48.6
      vertex 9 9.73205 48.6
    endloop
  endfacet
  facet normal 0 0 1
    outer loop
      vertex 8.51764 9.93185 48.6
      vertex 9.16469 12.3467 48.6
      vertex 8.58737 12.4615 48.6
    endloop
  endfacet
  facet normal 0 0 1
    outer loop
      vertex 9.16469 12.3467 48.6
      vertex 8.51764 9.93185 48.6
      vertex 8.76537 9.84776 48.6
    endloop
  endfacet
  facet normal 0 0 1
    outer loop
      vertex 8.58737 12.4615 48.6
      vertex 8.26105 9.98289 48.6
      vertex 8.51764 9.93185 48.6
    endloop
  endfacet
  facet normal 0 0 1
    outer loop
      vertex 8 12.5 48.6
      vertex 8.26105 9.98289 48.6
      vertex 8.58737 12.4615 48.6
    endloop
  endfacet
  facet normal 0 0 1
    outer loop
      vertex 8 12.5 48.6
      vertex 8 10 48.6
      vertex 8.26105 9.98289 48.6
    endloop
  endfacet
  facet normal 0 0 1
    outer loop
      vertex 8 12.5 48.6
      vertex 7.73895 9.98289 48.6
      vertex 8 10 48.6
    endloop
  endfacet
  facet normal -0 0 1
    outer loop
      vertex 7.41263 12.4615 48.6
      vertex 7.73895 9.98289 48.6
      vertex 8 12.5 48.6
    endloop
  endfacet
  facet normal 0 0 1
    outer loop
      vertex 7.73895 9.98289 48.6
      vertex 7.41263 12.4615 48.6
      vertex 7.48236 9.93185 48.6
    endloop
  endfacet
  facet normal -0 0 1
    outer loop
      vertex 6.83531 12.3467 48.6
      vertex 7.48236 9.93185 48.6
      vertex 7.41263 12.4615 48.6
    endloop
  endfacet
  facet normal 0 0 1
    outer loop
      vertex 7.48236 9.93185 48.6
      vertex 6.83531 12.3467 48.6
      vertex 7.23463 9.84776 48.6
    endloop
  endfacet
  facet normal -0 0 1
    outer loop
      vertex 6.27793 12.1575 48.6
      vertex 7.23463 9.84776 48.6
      vertex 6.83531 12.3467 48.6
    endloop
  endfacet
  facet normal 0 0 1
    outer loop
      vertex 7.23463 9.84776 48.6
      vertex 6.27793 12.1575 48.6
      vertex 7 9.73205 48.6
    endloop
  endfacet
  facet normal -0 0 1
    outer loop
      vertex 5.75 11.8971 48.6
      vertex 7 9.73205 48.6
      vertex 6.27793 12.1575 48.6
    endloop
  endfacet
  facet normal 0 0 1
    outer loop
      vertex 7 9.73205 48.6
      vertex 5.75 11.8971 48.6
      vertex 6.78248 9.58671 48.6
    endloop
  endfacet
  facet normal -0 0 1
    outer loop
      vertex 5.26057 11.5701 48.6
      vertex 6.78248 9.58671 48.6
      vertex 5.75 11.8971 48.6
    endloop
  endfacet
  facet normal 0 0 1
    outer loop
      vertex 6.78248 9.58671 48.6
      vertex 5.26057 11.5701 48.6
      vertex 6.58579 9.41421 48.6
    endloop
  endfacet
  facet normal -0 0 1
    outer loop
      vertex 4.81802 11.182 48.6
      vertex 6.58579 9.41421 48.6
      vertex 5.26057 11.5701 48.6
    endloop
  endfacet
  facet normal 0 0 1
    outer loop
      vertex 6.58579 9.41421 48.6
      vertex 4.81802 11.182 48.6
      vertex 6.41329 9.21752 48.6
    endloop
  endfacet
  facet normal -0 0 1
    outer loop
      vertex 4.42991 10.7394 48.6
      vertex 6.41329 9.21752 48.6
      vertex 4.81802 11.182 48.6
    endloop
  endfacet
  facet normal -0 0 1
    outer loop
      vertex 4.10289 10.25 48.6
      vertex 6.26795 9 48.6
      vertex 4.42991 10.7394 48.6
    endloop
  endfacet
  facet normal 0 0 1
    outer loop
      vertex 6.41329 9.21752 48.6
      vertex 4.42991 10.7394 48.6
      vertex 6.26795 9 48.6
    endloop
  endfacet
  facet normal 0 0 1
    outer loop
      vertex 11.8971 5.75 48.6
      vertex 9.73205 7 48.6
      vertex 11.5701 5.26057 48.6
    endloop
  endfacet
  facet normal -0 0 1
    outer loop
      vertex 9.58671 6.78248 48.6
      vertex 11.5701 5.26057 48.6
      vertex 9.73205 7 48.6
    endloop
  endfacet
  facet normal 0 0 1
    outer loop
      vertex 11.5701 5.26057 48.6
      vertex 9.58671 6.78248 48.6
      vertex 11.182 4.81802 48.6
    endloop
  endfacet
  facet normal -0 0 1
    outer loop
      vertex 9.41421 6.58579 48.6
      vertex 11.182 4.81802 48.6
      vertex 9.58671 6.78248 48.6
    endloop
  endfacet
  facet normal 0 0 1
    outer loop
      vertex 11.182 4.81802 48.6
      vertex 9.41421 6.58579 48.6
      vertex 10.7394 4.42991 48.6
    endloop
  endfacet
  facet normal -0 0 1
    outer loop
      vertex 9.21752 6.41329 48.6
      vertex 10.7394 4.42991 48.6
      vertex 9.41421 6.58579 48.6
    endloop
  endfacet
  facet normal 0 0 1
    outer loop
      vertex 10.7394 4.42991 48.6
      vertex 9.21752 6.41329 48.6
      vertex 10.25 4.10289 48.6
    endloop
  endfacet
  facet normal -0 0 1
    outer loop
      vertex 9 6.26795 48.6
      vertex 10.25 4.10289 48.6
      vertex 9.21752 6.41329 48.6
    endloop
  endfacet
  facet normal 0 0 1
    outer loop
      vertex 10.25 4.10289 48.6
      vertex 9 6.26795 48.6
      vertex 9.72207 3.84254 48.6
    endloop
  endfacet
  facet normal -0 0 1
    outer loop
      vertex 8.76537 6.15224 48.6
      vertex 9.72207 3.84254 48.6
      vertex 9 6.26795 48.6
    endloop
  endfacet
  facet normal 0 0 1
    outer loop
      vertex 9.72207 3.84254 48.6
      vertex 8.76537 6.15224 48.6
      vertex 9.16469 3.65333 48.6
    endloop
  endfacet
  facet normal -0 0 1
    outer loop
      vertex 8.51764 6.06815 48.6
      vertex 9.16469 3.65333 48.6
      vertex 8.76537 6.15224 48.6
    endloop
  endfacet
  facet normal 0 0 1
    outer loop
      vertex 9.16469 3.65333 48.6
      vertex 8.51764 6.06815 48.6
      vertex 8.58737 3.5385 48.6
    endloop
  endfacet
  facet normal -0 0 1
    outer loop
      vertex 8.26105 6.01711 48.6
      vertex 8.58737 3.5385 48.6
      vertex 8.51764 6.06815 48.6
    endloop
  endfacet
  facet normal -0 0 1
    outer loop
      vertex 8 6 48.6
      vertex 8.58737 3.5385 48.6
      vertex 8.26105 6.01711 48.6
    endloop
  endfacet
  facet normal 0 0 1
    outer loop
      vertex 8 6 48.6
      vertex 8 3.5 48.6
      vertex 8.58737 3.5385 48.6
    endloop
  endfacet
  facet normal 0 0 1
    outer loop
      vertex 7.73895 6.01711 48.6
      vertex 8 3.5 48.6
      vertex 8 6 48.6
    endloop
  endfacet
  facet normal 0 0 1
    outer loop
      vertex 7.41263 3.5385 48.6
      vertex 7.73895 6.01711 48.6
      vertex 7.48236 6.06815 48.6
    endloop
  endfacet
  facet normal 0 0 1
    outer loop
      vertex 7.73895 6.01711 48.6
      vertex 7.41263 3.5385 48.6
      vertex 8 3.5 48.6
    endloop
  endfacet
  facet normal 0 0 1
    outer loop
      vertex 6.83531 3.65333 48.6
      vertex 7.48236 6.06815 48.6
      vertex 7.23463 6.15224 48.6
    endloop
  endfacet
  facet normal 0 0 1
    outer loop
      vertex 6.27793 3.84254 48.6
      vertex 7.23463 6.15224 48.6
      vertex 7 6.26795 48.6
    endloop
  endfacet
  facet normal 0 0 1
    outer loop
      vertex 7.48236 6.06815 48.6
      vertex 6.83531 3.65333 48.6
      vertex 7.41263 3.5385 48.6
    endloop
  endfacet
  facet normal 0 0 1
    outer loop
      vertex 5.75 4.10289 48.6
      vertex 7 6.26795 48.6
      vertex 6.78248 6.41329 48.6
    endloop
  endfacet
  facet normal 0 0 1
    outer loop
      vertex 5.26057 4.42991 48.6
      vertex 6.78248 6.41329 48.6
      vertex 6.58579 6.58579 48.6
    endloop
  endfacet
  facet normal 0 0 1
    outer loop
      vertex 4.81802 4.81802 48.6
      vertex 6.58579 6.58579 48.6
      vertex 6.41329 6.78248 48.6
    endloop
  endfacet
  facet normal 0 0 1
    outer loop
      vertex 7.23463 6.15224 48.6
      vertex 6.27793 3.84254 48.6
      vertex 6.83531 3.65333 48.6
    endloop
  endfacet
  facet normal 0 0 1
    outer loop
      vertex 4.42991 5.26057 48.6
      vertex 6.41329 6.78248 48.6
      vertex 6.26795 7 48.6
    endloop
  endfacet
  facet normal 0 0 1
    outer loop
      vertex 4.10289 5.75 48.6
      vertex 6.26795 7 48.6
      vertex 6.15224 7.23463 48.6
    endloop
  endfacet
  facet normal 0 0 1
    outer loop
      vertex 3.84254 6.27793 48.6
      vertex 6.15224 7.23463 48.6
      vertex 6.06815 7.48236 48.6
    endloop
  endfacet
  facet normal 0 0 1
    outer loop
      vertex 3.65333 6.83531 48.6
      vertex 6.06815 7.48236 48.6
      vertex 6.01711 7.73895 48.6
    endloop
  endfacet
  facet normal 0 0 1
    outer loop
      vertex 7 6.26795 48.6
      vertex 5.75 4.10289 48.6
      vertex 6.27793 3.84254 48.6
    endloop
  endfacet
  facet normal 0 0 1
    outer loop
      vertex 3.5385 7.41263 48.6
      vertex 6.01711 7.73895 48.6
      vertex 6 8 48.6
    endloop
  endfacet
  facet normal 0 0 1
    outer loop
      vertex 6.26795 9 48.6
      vertex 4.10289 10.25 48.6
      vertex 6.15224 8.76537 48.6
    endloop
  endfacet
  facet normal -0 0 1
    outer loop
      vertex 3.84254 9.72207 48.6
      vertex 6.15224 8.76537 48.6
      vertex 4.10289 10.25 48.6
    endloop
  endfacet
  facet normal 0 0 1
    outer loop
      vertex 6.78248 6.41329 48.6
      vertex 5.26057 4.42991 48.6
      vertex 5.75 4.10289 48.6
    endloop
  endfacet
  facet normal 0 0 1
    outer loop
      vertex 6.15224 8.76537 48.6
      vertex 3.84254 9.72207 48.6
      vertex 6.06815 8.51764 48.6
    endloop
  endfacet
  facet normal 0 0 1
    outer loop
      vertex 6.58579 6.58579 48.6
      vertex 4.81802 4.81802 48.6
      vertex 5.26057 4.42991 48.6
    endloop
  endfacet
  facet normal -0 0 1
    outer loop
      vertex 3.65333 9.16469 48.6
      vertex 6.06815 8.51764 48.6
      vertex 3.84254 9.72207 48.6
    endloop
  endfacet
  facet normal 0 0 1
    outer loop
      vertex 6.41329 6.78248 48.6
      vertex 4.42991 5.26057 48.6
      vertex 4.81802 4.81802 48.6
    endloop
  endfacet
  facet normal 0 0 1
    outer loop
      vertex 6.06815 8.51764 48.6
      vertex 3.65333 9.16469 48.6
      vertex 6.01711 8.26105 48.6
    endloop
  endfacet
  facet normal 0 0 1
    outer loop
      vertex 6.26795 7 48.6
      vertex 4.10289 5.75 48.6
      vertex 4.42991 5.26057 48.6
    endloop
  endfacet
  facet normal -0 0 1
    outer loop
      vertex 3.5385 8.58737 48.6
      vertex 6.01711 8.26105 48.6
      vertex 3.65333 9.16469 48.6
    endloop
  endfacet
  facet normal 0 0 1
    outer loop
      vertex 6.15224 7.23463 48.6
      vertex 3.84254 6.27793 48.6
      vertex 4.10289 5.75 48.6
    endloop
  endfacet
  facet normal 0 0 1
    outer loop
      vertex 6.01711 8.26105 48.6
      vertex 3.5385 8.58737 48.6
      vertex 6 8 48.6
    endloop
  endfacet
  facet normal 0 0 1
    outer loop
      vertex 6.06815 7.48236 48.6
      vertex 3.65333 6.83531 48.6
      vertex 3.84254 6.27793 48.6
    endloop
  endfacet
  facet normal 0 0 1
    outer loop
      vertex 3.5 8 48.6
      vertex 6 8 48.6
      vertex 3.5385 8.58737 48.6
    endloop
  endfacet
  facet normal 0 0 1
    outer loop
      vertex 6.01711 7.73895 48.6
      vertex 3.5385 7.41263 48.6
      vertex 3.65333 6.83531 48.6
    endloop
  endfacet
  facet normal 0 0 1
    outer loop
      vertex 6 8 48.6
      vertex 3.5 8 48.6
      vertex 3.5385 7.41263 48.6
    endloop
  endfacet
  facet normal -0.946928 0.321447 0
    outer loop
      vertex 3.65333 9.16469 3
      vertex 3.84254 9.72207 48.6
      vertex 3.84254 9.72207 3
    endloop
  endfacet
  facet normal -0.946928 0.321447 0
    outer loop
      vertex 3.84254 9.72207 48.6
      vertex 3.65333 9.16469 3
      vertex 3.65333 9.16469 48.6
    endloop
  endfacet
  facet normal 0.19508 -0.980787 0
    outer loop
      vertex 8.58737 3.5385 3
      vertex 9.16469 3.65333 48.6
      vertex 8.58737 3.5385 48.6
    endloop
  endfacet
  facet normal 0.19508 -0.980787 0
    outer loop
      vertex 9.16469 3.65333 48.6
      vertex 8.58737 3.5385 3
      vertex 9.16469 3.65333 3
    endloop
  endfacet
  facet normal 0.442294 -0.89687 0
    outer loop
      vertex 9.72207 3.84254 3
      vertex 10.25 4.10289 48.6
      vertex 9.72207 3.84254 48.6
    endloop
  endfacet
  facet normal 0.442294 -0.89687 0
    outer loop
      vertex 10.25 4.10289 48.6
      vertex 9.72207 3.84254 3
      vertex 10.25 4.10289 3
    endloop
  endfacet
  facet normal 0.659298 0.751882 -0
    outer loop
      vertex 11.182 11.182 5
      vertex 10.7394 11.5701 48.6
      vertex 11.182 11.182 48.6
    endloop
  endfacet
  facet normal 0.659298 0.751882 0
    outer loop
      vertex 10.7394 11.5701 48.6
      vertex 11.182 11.182 5
      vertex 10.7394 11.5701 5
    endloop
  endfacet
  facet normal -0.89687 -0.442294 0
    outer loop
      vertex 4.10289 5.75 3
      vertex 3.84254 6.27793 48.6
      vertex 3.84254 6.27793 3
    endloop
  endfacet
  facet normal -0.89687 -0.442294 0
    outer loop
      vertex 3.84254 6.27793 48.6
      vertex 4.10289 5.75 3
      vertex 4.10289 5.75 48.6
    endloop
  endfacet
  facet normal 0.555586 -0.831459 0
    outer loop
      vertex 10.25 4.10289 3
      vertex 10.7394 4.42991 48.6
      vertex 10.25 4.10289 48.6
    endloop
  endfacet
  facet normal 0.555586 -0.831459 0
    outer loop
      vertex 10.7394 4.42991 48.6
      vertex 10.25 4.10289 3
      vertex 10.7394 4.42991 3
    endloop
  endfacet
  facet normal 0.831491 -0.555539 0
    outer loop
      vertex 11.5701 5.26057 48.6
      vertex 11.8971 5.75 3
      vertex 11.8971 5.75 48.6
    endloop
  endfacet
  facet normal 0.831491 -0.555539 0
    outer loop
      vertex 11.8971 5.75 3
      vertex 11.5701 5.26057 48.6
      vertex 11.5701 5.26057 3
    endloop
  endfacet
  facet normal 0.896837 0.442362 0
    outer loop
      vertex 12.1575 9.72207 48.6
      vertex 11.8971 10.25 5
      vertex 11.8971 10.25 48.6
    endloop
  endfacet
  facet normal 0.896837 0.442362 0
    outer loop
      vertex 11.8971 10.25 5
      vertex 12.1575 9.72207 48.6
      vertex 12.1575 9.72207 5
    endloop
  endfacet
  facet normal 0.0654061 0.997859 -0
    outer loop
      vertex 8.58737 12.4615 11
      vertex 8 12.5 48.6
      vertex 8.58737 12.4615 48.6
    endloop
  endfacet
  facet normal 0.0654061 0.997859 0
    outer loop
      vertex 8 12.5 48.6
      vertex 8.58737 12.4615 11
      vertex 8 12.5 11
    endloop
  endfacet
  facet normal -0.980787 0.19508 0
    outer loop
      vertex 3.5385 8.58737 3
      vertex 3.65333 9.16469 48.6
      vertex 3.65333 9.16469 3
    endloop
  endfacet
  facet normal -0.980787 0.19508 0
    outer loop
      vertex 3.65333 9.16469 48.6
      vertex 3.5385 8.58737 3
      vertex 3.5385 8.58737 48.6
    endloop
  endfacet
  facet normal -0.0654061 0.997859 0
    outer loop
      vertex 8 12.5 11
      vertex 7.41263 12.4615 48.6
      vertex 8 12.5 48.6
    endloop
  endfacet
  facet normal -0.0654061 0.997859 0
    outer loop
      vertex 7.41263 12.4615 48.6
      vertex 8 12.5 11
      vertex 7.41263 12.4615 11
    endloop
  endfacet
  facet normal -0.65935 -0.751836 0
    outer loop
      vertex 4.81802 4.81802 3
      vertex 5.26057 4.42991 48.6
      vertex 4.81802 4.81802 48.6
    endloop
  endfacet
  facet normal -0.65935 -0.751836 -0
    outer loop
      vertex 5.26057 4.42991 48.6
      vertex 4.81802 4.81802 3
      vertex 5.26057 4.42991 3
    endloop
  endfacet
  facet normal -0.321447 -0.946928 0
    outer loop
      vertex 6.27793 3.84254 3
      vertex 6.83531 3.65333 48.6
      vertex 6.27793 3.84254 48.6
    endloop
  endfacet
  facet normal -0.321447 -0.946928 -0
    outer loop
      vertex 6.83531 3.65333 48.6
      vertex 6.27793 3.84254 3
      vertex 6.83531 3.65333 3
    endloop
  endfacet
  facet normal -0.0654061 -0.997859 0
    outer loop
      vertex 7.41263 3.5385 3
      vertex 8 3.5 48.6
      vertex 7.41263 3.5385 48.6
    endloop
  endfacet
  facet normal -0.0654061 -0.997859 -0
    outer loop
      vertex 8 3.5 48.6
      vertex 7.41263 3.5385 3
      vertex 8 3.5 3
    endloop
  endfacet
  facet normal -0.980787 -0.19508 0
    outer loop
      vertex 3.65333 6.83531 3
      vertex 3.5385 7.41263 48.6
      vertex 3.5385 7.41263 3
    endloop
  endfacet
  facet normal -0.980787 -0.19508 0
    outer loop
      vertex 3.5385 7.41263 48.6
      vertex 3.65333 6.83531 3
      vertex 3.65333 6.83531 48.6
    endloop
  endfacet
  facet normal -0.442294 -0.89687 0
    outer loop
      vertex 5.75 4.10289 3
      vertex 6.27793 3.84254 48.6
      vertex 5.75 4.10289 48.6
    endloop
  endfacet
  facet normal -0.442294 -0.89687 -0
    outer loop
      vertex 6.27793 3.84254 48.6
      vertex 5.75 4.10289 3
      vertex 6.27793 3.84254 3
    endloop
  endfacet
  facet normal -0.555562 -0.831475 0
    outer loop
      vertex 5.26057 4.42991 3
      vertex 5.75 4.10289 48.6
      vertex 5.26057 4.42991 48.6
    endloop
  endfacet
  facet normal -0.555562 -0.831475 -0
    outer loop
      vertex 5.75 4.10289 48.6
      vertex 5.26057 4.42991 3
      vertex 5.75 4.10289 3
    endloop
  endfacet
  facet normal -0.0654027 0.997859 0
    outer loop
      vertex 8.26105 6.01711 42.6
      vertex 8 6 48.6
      vertex 8.26105 6.01711 48.6
    endloop
  endfacet
  facet normal -0.0654027 0.997859 0
    outer loop
      vertex 8 6 48.6
      vertex 8.26105 6.01711 42.6
      vertex 8 6 42.6
    endloop
  endfacet
  facet normal 0.0654027 -0.997859 0
    outer loop
      vertex 7.73895 9.98289 42.6
      vertex 8 10 48.6
      vertex 7.73895 9.98289 48.6
    endloop
  endfacet
  facet normal 0.0654027 -0.997859 0
    outer loop
      vertex 8 10 48.6
      vertex 7.73895 9.98289 42.6
      vertex 8 10 42.6
    endloop
  endfacet
  facet normal 0.442299 -0.896868 0
    outer loop
      vertex 7 9.73205 42.6
      vertex 7.23463 9.84776 48.6
      vertex 7 9.73205 48.6
    endloop
  endfacet
  facet normal 0.442299 -0.896868 0
    outer loop
      vertex 7.23463 9.84776 48.6
      vertex 7 9.73205 42.6
      vertex 7.23463 9.84776 42.6
    endloop
  endfacet
  facet normal -0.980784 -0.195094 0
    outer loop
      vertex 9.98289 8.26105 42.6
      vertex 9.93185 8.51764 48.6
      vertex 9.93185 8.51764 42.6
    endloop
  endfacet
  facet normal -0.980784 -0.195094 0
    outer loop
      vertex 9.93185 8.51764 48.6
      vertex 9.98289 8.26105 42.6
      vertex 9.98289 8.26105 48.6
    endloop
  endfacet
  facet normal -0.321429 -0.946934 0
    outer loop
      vertex 8.51764 9.93185 42.6
      vertex 8.76537 9.84776 48.6
      vertex 8.51764 9.93185 48.6
    endloop
  endfacet
  facet normal -0.321429 -0.946934 -0
    outer loop
      vertex 8.76537 9.84776 48.6
      vertex 8.51764 9.93185 42.6
      vertex 8.76537 9.84776 42.6
    endloop
  endfacet
  facet normal 0.659362 -0.751826 0
    outer loop
      vertex 6.58579 9.41421 42.6
      vertex 6.78248 9.58671 48.6
      vertex 6.58579 9.41421 48.6
    endloop
  endfacet
  facet normal 0.659362 -0.751826 0
    outer loop
      vertex 6.78248 9.58671 48.6
      vertex 6.58579 9.41421 42.6
      vertex 6.78248 9.58671 42.6
    endloop
  endfacet
  facet normal -0.896868 -0.442299 0
    outer loop
      vertex 9.84776 8.76537 42.6
      vertex 9.73205 9 48.6
      vertex 9.73205 9 42.6
    endloop
  endfacet
  facet normal -0.896868 -0.442299 0
    outer loop
      vertex 9.73205 9 48.6
      vertex 9.84776 8.76537 42.6
      vertex 9.84776 8.76537 48.6
    endloop
  endfacet
  facet normal -0.831474 0.555564 0
    outer loop
      vertex 9.58671 6.78248 42.6
      vertex 9.73205 7 48.6
      vertex 9.73205 7 42.6
    endloop
  endfacet
  facet normal -0.831474 0.555564 0
    outer loop
      vertex 9.73205 7 48.6
      vertex 9.58671 6.78248 42.6
      vertex 9.58671 6.78248 48.6
    endloop
  endfacet
  facet normal 0.946934 0.321429 0
    outer loop
      vertex 6.15224 7.23463 48.6
      vertex 6.06815 7.48236 42.6
      vertex 6.06815 7.48236 48.6
    endloop
  endfacet
  facet normal 0.946934 0.321429 0
    outer loop
      vertex 6.06815 7.48236 42.6
      vertex 6.15224 7.23463 48.6
      vertex 6.15224 7.23463 42.6
    endloop
  endfacet
  facet normal 0.659362 0.751826 -0
    outer loop
      vertex 6.78248 6.41329 42.6
      vertex 6.58579 6.58579 48.6
      vertex 6.78248 6.41329 48.6
    endloop
  endfacet
  facet normal 0.659362 0.751826 0
    outer loop
      vertex 6.58579 6.58579 48.6
      vertex 6.78248 6.41329 42.6
      vertex 6.58579 6.58579 42.6
    endloop
  endfacet
  facet normal 0.321429 0.946934 -0
    outer loop
      vertex 7.48236 6.06815 42.6
      vertex 7.23463 6.15224 48.6
      vertex 7.48236 6.06815 48.6
    endloop
  endfacet
  facet normal 0.321429 0.946934 0
    outer loop
      vertex 7.23463 6.15224 48.6
      vertex 7.48236 6.06815 42.6
      vertex 7.23463 6.15224 42.6
    endloop
  endfacet
  facet normal -0.555564 -0.831474 0
    outer loop
      vertex 9 9.73205 42.6
      vertex 9.21752 9.58671 48.6
      vertex 9 9.73205 48.6
    endloop
  endfacet
  facet normal -0.555564 -0.831474 -0
    outer loop
      vertex 9.21752 9.58671 48.6
      vertex 9 9.73205 42.6
      vertex 9.21752 9.58671 42.6
    endloop
  endfacet
  facet normal -0.997859 -0.0654027 0
    outer loop
      vertex 10 8 42.6
      vertex 9.98289 8.26105 48.6
      vertex 9.98289 8.26105 42.6
    endloop
  endfacet
  facet normal -0.997859 -0.0654027 0
    outer loop
      vertex 9.98289 8.26105 48.6
      vertex 10 8 42.6
      vertex 10 8 48.6
    endloop
  endfacet
  facet normal 0.896868 -0.442299 0
    outer loop
      vertex 6.15224 8.76537 48.6
      vertex 6.26795 9 42.6
      vertex 6.26795 9 48.6
    endloop
  endfacet
  facet normal 0.896868 -0.442299 0
    outer loop
      vertex 6.26795 9 42.6
      vertex 6.15224 8.76537 48.6
      vertex 6.15224 8.76537 42.6
    endloop
  endfacet
  facet normal 0.831474 -0.555564 0
    outer loop
      vertex 6.26795 9 48.6
      vertex 6.41329 9.21752 42.6
      vertex 6.41329 9.21752 48.6
    endloop
  endfacet
  facet normal 0.831474 -0.555564 0
    outer loop
      vertex 6.41329 9.21752 42.6
      vertex 6.26795 9 48.6
      vertex 6.26795 9 42.6
    endloop
  endfacet
  facet normal -0.442299 -0.896868 0
    outer loop
      vertex 8.76537 9.84776 42.6
      vertex 9 9.73205 48.6
      vertex 8.76537 9.84776 48.6
    endloop
  endfacet
  facet normal -0.442299 -0.896868 -0
    outer loop
      vertex 9 9.73205 48.6
      vertex 8.76537 9.84776 42.6
      vertex 9 9.73205 42.6
    endloop
  endfacet
  facet normal 0.321429 -0.946934 0
    outer loop
      vertex 7.23463 9.84776 42.6
      vertex 7.48236 9.93185 48.6
      vertex 7.23463 9.84776 48.6
    endloop
  endfacet
  facet normal 0.321429 -0.946934 0
    outer loop
      vertex 7.48236 9.93185 48.6
      vertex 7.23463 9.84776 42.6
      vertex 7.48236 9.93185 42.6
    endloop
  endfacet
  facet normal -0.896868 0.442299 0
    outer loop
      vertex 9.73205 7 42.6
      vertex 9.84776 7.23463 48.6
      vertex 9.84776 7.23463 42.6
    endloop
  endfacet
  facet normal -0.896868 0.442299 0
    outer loop
      vertex 9.84776 7.23463 48.6
      vertex 9.73205 7 42.6
      vertex 9.73205 7 48.6
    endloop
  endfacet
  facet normal 0.0654027 0.997859 -0
    outer loop
      vertex 8 6 42.6
      vertex 7.73895 6.01711 48.6
      vertex 8 6 48.6
    endloop
  endfacet
  facet normal 0.0654027 0.997859 0
    outer loop
      vertex 7.73895 6.01711 48.6
      vertex 8 6 42.6
      vertex 7.73895 6.01711 42.6
    endloop
  endfacet
  facet normal -0.997859 0.0654027 0
    outer loop
      vertex 9.98289 7.73895 42.6
      vertex 10 8 48.6
      vertex 10 8 42.6
    endloop
  endfacet
  facet normal -0.997859 0.0654027 0
    outer loop
      vertex 10 8 48.6
      vertex 9.98289 7.73895 42.6
      vertex 9.98289 7.73895 48.6
    endloop
  endfacet
  facet normal 0.195094 -0.980784 0
    outer loop
      vertex 7.48236 9.93185 42.6
      vertex 7.73895 9.98289 48.6
      vertex 7.48236 9.93185 48.6
    endloop
  endfacet
  facet normal 0.195094 -0.980784 0
    outer loop
      vertex 7.73895 9.98289 48.6
      vertex 7.48236 9.93185 42.6
      vertex 7.73895 9.98289 42.6
    endloop
  endfacet
  facet normal -0.751826 -0.659362 0
    outer loop
      vertex 9.58671 9.21752 42.6
      vertex 9.41421 9.41421 48.6
      vertex 9.41421 9.41421 42.6
    endloop
  endfacet
  facet normal -0.751826 -0.659362 0
    outer loop
      vertex 9.41421 9.41421 48.6
      vertex 9.58671 9.21752 42.6
      vertex 9.58671 9.21752 48.6
    endloop
  endfacet
  facet normal 0.980784 0.195094 0
    outer loop
      vertex 6.06815 7.48236 48.6
      vertex 6.01711 7.73895 42.6
      vertex 6.01711 7.73895 48.6
    endloop
  endfacet
  facet normal 0.980784 0.195094 0
    outer loop
      vertex 6.01711 7.73895 42.6
      vertex 6.06815 7.48236 48.6
      vertex 6.06815 7.48236 42.6
    endloop
  endfacet
  facet normal 0.195094 0.980784 -0
    outer loop
      vertex 7.73895 6.01711 42.6
      vertex 7.48236 6.06815 48.6
      vertex 7.73895 6.01711 48.6
    endloop
  endfacet
  facet normal 0.195094 0.980784 0
    outer loop
      vertex 7.48236 6.06815 48.6
      vertex 7.73895 6.01711 42.6
      vertex 7.48236 6.06815 42.6
    endloop
  endfacet
  facet normal -0.831474 -0.555564 0
    outer loop
      vertex 9.73205 9 42.6
      vertex 9.58671 9.21752 48.6
      vertex 9.58671 9.21752 42.6
    endloop
  endfacet
  facet normal -0.831474 -0.555564 0
    outer loop
      vertex 9.58671 9.21752 48.6
      vertex 9.73205 9 42.6
      vertex 9.73205 9 48.6
    endloop
  endfacet
  facet normal -0.659362 -0.751826 0
    outer loop
      vertex 9.21752 9.58671 42.6
      vertex 9.41421 9.41421 48.6
      vertex 9.21752 9.58671 48.6
    endloop
  endfacet
  facet normal -0.659362 -0.751826 -0
    outer loop
      vertex 9.41421 9.41421 48.6
      vertex 9.21752 9.58671 42.6
      vertex 9.41421 9.41421 42.6
    endloop
  endfacet
  facet normal 0.946934 -0.321429 0
    outer loop
      vertex 6.06815 8.51764 48.6
      vertex 6.15224 8.76537 42.6
      vertex 6.15224 8.76537 48.6
    endloop
  endfacet
  facet normal 0.946934 -0.321429 0
    outer loop
      vertex 6.15224 8.76537 42.6
      vertex 6.06815 8.51764 48.6
      vertex 6.06815 8.51764 42.6
    endloop
  endfacet
  facet normal 0.555564 -0.831474 0
    outer loop
      vertex 6.78248 9.58671 42.6
      vertex 7 9.73205 48.6
      vertex 6.78248 9.58671 48.6
    endloop
  endfacet
  facet normal 0.555564 -0.831474 0
    outer loop
      vertex 7 9.73205 48.6
      vertex 6.78248 9.58671 42.6
      vertex 7 9.73205 42.6
    endloop
  endfacet
  facet normal -0.195094 0.980784 0
    outer loop
      vertex 8.51764 6.06815 42.6
      vertex 8.26105 6.01711 48.6
      vertex 8.51764 6.06815 48.6
    endloop
  endfacet
  facet normal -0.195094 0.980784 0
    outer loop
      vertex 8.26105 6.01711 48.6
      vertex 8.51764 6.06815 42.6
      vertex 8.26105 6.01711 42.6
    endloop
  endfacet
  facet normal -0.751826 0.659362 0
    outer loop
      vertex 9.41421 6.58579 42.6
      vertex 9.58671 6.78248 48.6
      vertex 9.58671 6.78248 42.6
    endloop
  endfacet
  facet normal -0.751826 0.659362 0
    outer loop
      vertex 9.58671 6.78248 48.6
      vertex 9.41421 6.58579 42.6
      vertex 9.41421 6.58579 48.6
    endloop
  endfacet
  facet normal -0.659362 0.751826 0
    outer loop
      vertex 9.41421 6.58579 42.6
      vertex 9.21752 6.41329 48.6
      vertex 9.41421 6.58579 48.6
    endloop
  endfacet
  facet normal -0.659362 0.751826 0
    outer loop
      vertex 9.21752 6.41329 48.6
      vertex 9.41421 6.58579 42.6
      vertex 9.21752 6.41329 42.6
    endloop
  endfacet
  facet normal -0.321429 0.946934 0
    outer loop
      vertex 8.76537 6.15224 42.6
      vertex 8.51764 6.06815 48.6
      vertex 8.76537 6.15224 48.6
    endloop
  endfacet
  facet normal -0.321429 0.946934 0
    outer loop
      vertex 8.51764 6.06815 48.6
      vertex 8.76537 6.15224 42.6
      vertex 8.51764 6.06815 42.6
    endloop
  endfacet
  facet normal 0.751826 -0.659362 0
    outer loop
      vertex 6.41329 9.21752 48.6
      vertex 6.58579 9.41421 42.6
      vertex 6.58579 9.41421 48.6
    endloop
  endfacet
  facet normal 0.751826 -0.659362 0
    outer loop
      vertex 6.58579 9.41421 42.6
      vertex 6.41329 9.21752 48.6
      vertex 6.41329 9.21752 42.6
    endloop
  endfacet
  facet normal -0.946934 -0.321429 0
    outer loop
      vertex 9.93185 8.51764 42.6
      vertex 9.84776 8.76537 48.6
      vertex 9.84776 8.76537 42.6
    endloop
  endfacet
  facet normal -0.946934 -0.321429 0
    outer loop
      vertex 9.84776 8.76537 48.6
      vertex 9.93185 8.51764 42.6
      vertex 9.93185 8.51764 48.6
    endloop
  endfacet
  facet normal 0.751826 0.659362 0
    outer loop
      vertex 6.58579 6.58579 48.6
      vertex 6.41329 6.78248 42.6
      vertex 6.41329 6.78248 48.6
    endloop
  endfacet
  facet normal 0.751826 0.659362 0
    outer loop
      vertex 6.41329 6.78248 42.6
      vertex 6.58579 6.58579 48.6
      vertex 6.58579 6.58579 42.6
    endloop
  endfacet
  facet normal 0.997859 -0.0654027 0
    outer loop
      vertex 6 8 48.6
      vertex 6.01711 8.26105 42.6
      vertex 6.01711 8.26105 48.6
    endloop
  endfacet
  facet normal 0.997859 -0.0654027 0
    outer loop
      vertex 6.01711 8.26105 42.6
      vertex 6 8 48.6
      vertex 6 8 42.6
    endloop
  endfacet
  facet normal 0.980784 -0.195094 0
    outer loop
      vertex 6.01711 8.26105 48.6
      vertex 6.06815 8.51764 42.6
      vertex 6.06815 8.51764 48.6
    endloop
  endfacet
  facet normal 0.980784 -0.195094 0
    outer loop
      vertex 6.06815 8.51764 42.6
      vertex 6.01711 8.26105 48.6
      vertex 6.01711 8.26105 42.6
    endloop
  endfacet
  facet normal -0.555564 0.831474 0
    outer loop
      vertex 9.21752 6.41329 42.6
      vertex 9 6.26795 48.6
      vertex 9.21752 6.41329 48.6
    endloop
  endfacet
  facet normal -0.555564 0.831474 0
    outer loop
      vertex 9 6.26795 48.6
      vertex 9.21752 6.41329 42.6
      vertex 9 6.26795 42.6
    endloop
  endfacet
  facet normal -0.980784 0.195094 0
    outer loop
      vertex 9.93185 7.48236 42.6
      vertex 9.98289 7.73895 48.6
      vertex 9.98289 7.73895 42.6
    endloop
  endfacet
  facet normal -0.980784 0.195094 0
    outer loop
      vertex 9.98289 7.73895 48.6
      vertex 9.93185 7.48236 42.6
      vertex 9.93185 7.48236 48.6
    endloop
  endfacet
  facet normal -0.946934 0.321429 0
    outer loop
      vertex 9.84776 7.23463 42.6
      vertex 9.93185 7.48236 48.6
      vertex 9.93185 7.48236 42.6
    endloop
  endfacet
  facet normal -0.946934 0.321429 0
    outer loop
      vertex 9.93185 7.48236 48.6
      vertex 9.84776 7.23463 42.6
      vertex 9.84776 7.23463 48.6
    endloop
  endfacet
  facet normal -0.442299 0.896868 0
    outer loop
      vertex 9 6.26795 42.6
      vertex 8.76537 6.15224 48.6
      vertex 9 6.26795 48.6
    endloop
  endfacet
  facet normal -0.442299 0.896868 0
    outer loop
      vertex 8.76537 6.15224 48.6
      vertex 9 6.26795 42.6
      vertex 8.76537 6.15224 42.6
    endloop
  endfacet
  facet normal 0.555564 0.831474 -0
    outer loop
      vertex 7 6.26795 42.6
      vertex 6.78248 6.41329 48.6
      vertex 7 6.26795 48.6
    endloop
  endfacet
  facet normal 0.555564 0.831474 0
    outer loop
      vertex 6.78248 6.41329 48.6
      vertex 7 6.26795 42.6
      vertex 6.78248 6.41329 42.6
    endloop
  endfacet
  facet normal 0.896868 0.442299 0
    outer loop
      vertex 6.26795 7 48.6
      vertex 6.15224 7.23463 42.6
      vertex 6.15224 7.23463 48.6
    endloop
  endfacet
  facet normal 0.896868 0.442299 0
    outer loop
      vertex 6.15224 7.23463 42.6
      vertex 6.26795 7 48.6
      vertex 6.26795 7 42.6
    endloop
  endfacet
  facet normal 0.831474 0.555564 0
    outer loop
      vertex 6.41329 6.78248 48.6
      vertex 6.26795 7 42.6
      vertex 6.26795 7 48.6
    endloop
  endfacet
  facet normal 0.831474 0.555564 0
    outer loop
      vertex 6.26795 7 42.6
      vertex 6.41329 6.78248 48.6
      vertex 6.41329 6.78248 42.6
    endloop
  endfacet
  facet normal 0.997859 0.0654027 0
    outer loop
      vertex 6.01711 7.73895 48.6
      vertex 6 8 42.6
      vertex 6 8 48.6
    endloop
  endfacet
  facet normal 0.997859 0.0654027 0
    outer loop
      vertex 6 8 42.6
      vertex 6.01711 7.73895 48.6
      vertex 6.01711 7.73895 42.6
    endloop
  endfacet
  facet normal -0.195094 -0.980784 0
    outer loop
      vertex 8.26105 9.98289 42.6
      vertex 8.51764 9.93185 48.6
      vertex 8.26105 9.98289 48.6
    endloop
  endfacet
  facet normal -0.195094 -0.980784 -0
    outer loop
      vertex 8.51764 9.93185 48.6
      vertex 8.26105 9.98289 42.6
      vertex 8.51764 9.93185 42.6
    endloop
  endfacet
  facet normal -0.0654027 -0.997859 0
    outer loop
      vertex 8 10 42.6
      vertex 8.26105 9.98289 48.6
      vertex 8 10 48.6
    endloop
  endfacet
  facet normal -0.0654027 -0.997859 -0
    outer loop
      vertex 8.26105 9.98289 48.6
      vertex 8 10 42.6
      vertex 8.26105 9.98289 42.6
    endloop
  endfacet
  facet normal 0.442299 0.896868 -0
    outer loop
      vertex 7.23463 6.15224 42.6
      vertex 7 6.26795 48.6
      vertex 7.23463 6.15224 48.6
    endloop
  endfacet
  facet normal 0.442299 0.896868 0
    outer loop
      vertex 7 6.26795 48.6
      vertex 7.23463 6.15224 42.6
      vertex 7 6.26795 42.6
    endloop
  endfacet
  facet normal 0 0 1
    outer loop
      vertex 9.98289 8.26105 42.6
      vertex 9.98289 7.73895 42.6
      vertex 10 8 42.6
    endloop
  endfacet
  facet normal 0 0 1
    outer loop
      vertex 9.93185 8.51764 42.6
      vertex 9.98289 7.73895 42.6
      vertex 9.98289 8.26105 42.6
    endloop
  endfacet
  facet normal 0 0 1
    outer loop
      vertex 9.93185 8.51764 42.6
      vertex 9.93185 7.48236 42.6
      vertex 9.98289 7.73895 42.6
    endloop
  endfacet
  facet normal 0 0 1
    outer loop
      vertex 9.84776 8.76537 42.6
      vertex 9.93185 7.48236 42.6
      vertex 9.93185 8.51764 42.6
    endloop
  endfacet
  facet normal 0 0 1
    outer loop
      vertex 9.84776 8.76537 42.6
      vertex 9.84776 7.23463 42.6
      vertex 9.93185 7.48236 42.6
    endloop
  endfacet
  facet normal 0 0 1
    outer loop
      vertex 9.73205 9 42.6
      vertex 9.84776 7.23463 42.6
      vertex 9.84776 8.76537 42.6
    endloop
  endfacet
  facet normal 0 0 1
    outer loop
      vertex 9.73205 9 42.6
      vertex 9.73205 7 42.6
      vertex 9.84776 7.23463 42.6
    endloop
  endfacet
  facet normal 0 0 1
    outer loop
      vertex 9.58671 9.21752 42.6
      vertex 9.73205 7 42.6
      vertex 9.73205 9 42.6
    endloop
  endfacet
  facet normal 0 0 1
    outer loop
      vertex 9.58671 9.21752 42.6
      vertex 9.58671 6.78248 42.6
      vertex 9.73205 7 42.6
    endloop
  endfacet
  facet normal 0 0 1
    outer loop
      vertex 9.41421 9.41421 42.6
      vertex 9.58671 6.78248 42.6
      vertex 9.58671 9.21752 42.6
    endloop
  endfacet
  facet normal 0 0 1
    outer loop
      vertex 9.41421 9.41421 42.6
      vertex 9.41421 6.58579 42.6
      vertex 9.58671 6.78248 42.6
    endloop
  endfacet
  facet normal 0 0 1
    outer loop
      vertex 9.21752 9.58671 42.6
      vertex 9.41421 6.58579 42.6
      vertex 9.41421 9.41421 42.6
    endloop
  endfacet
  facet normal 0 0 1
    outer loop
      vertex 9.21752 9.58671 42.6
      vertex 9.21752 6.41329 42.6
      vertex 9.41421 6.58579 42.6
    endloop
  endfacet
  facet normal 0 0 1
    outer loop
      vertex 9 9.73205 42.6
      vertex 9.21752 6.41329 42.6
      vertex 9.21752 9.58671 42.6
    endloop
  endfacet
  facet normal 0 0 1
    outer loop
      vertex 9 9.73205 42.6
      vertex 9 6.26795 42.6
      vertex 9.21752 6.41329 42.6
    endloop
  endfacet
  facet normal 0 0 1
    outer loop
      vertex 8.76537 9.84776 42.6
      vertex 9 6.26795 42.6
      vertex 9 9.73205 42.6
    endloop
  endfacet
  facet normal 0 0 1
    outer loop
      vertex 8.76537 9.84776 42.6
      vertex 8.76537 6.15224 42.6
      vertex 9 6.26795 42.6
    endloop
  endfacet
  facet normal 0 0 1
    outer loop
      vertex 8.51764 9.93185 42.6
      vertex 8.76537 6.15224 42.6
      vertex 8.76537 9.84776 42.6
    endloop
  endfacet
  facet normal 0 0 1
    outer loop
      vertex 8.51764 9.93185 42.6
      vertex 8.51764 6.06815 42.6
      vertex 8.76537 6.15224 42.6
    endloop
  endfacet
  facet normal 0 0 1
    outer loop
      vertex 8.26105 9.98289 42.6
      vertex 8.51764 6.06815 42.6
      vertex 8.51764 9.93185 42.6
    endloop
  endfacet
  facet normal 0 0 1
    outer loop
      vertex 8.26105 9.98289 42.6
      vertex 8.26105 6.01711 42.6
      vertex 8.51764 6.06815 42.6
    endloop
  endfacet
  facet normal 0 0 1
    outer loop
      vertex 8 10 42.6
      vertex 8.26105 6.01711 42.6
      vertex 8.26105 9.98289 42.6
    endloop
  endfacet
  facet normal 0 0 1
    outer loop
      vertex 8 10 42.6
      vertex 8 6 42.6
      vertex 8.26105 6.01711 42.6
    endloop
  endfacet
  facet normal -0 0 1
    outer loop
      vertex 7.73895 9.98289 42.6
      vertex 8 6 42.6
      vertex 8 10 42.6
    endloop
  endfacet
  facet normal 0 0 1
    outer loop
      vertex 7.73895 9.98289 42.6
      vertex 7.73895 6.01711 42.6
      vertex 8 6 42.6
    endloop
  endfacet
  facet normal -0 0 1
    outer loop
      vertex 7.48236 9.93185 42.6
      vertex 7.73895 6.01711 42.6
      vertex 7.73895 9.98289 42.6
    endloop
  endfacet
  facet normal 0 0 1
    outer loop
      vertex 7.48236 9.93185 42.6
      vertex 7.48236 6.06815 42.6
      vertex 7.73895 6.01711 42.6
    endloop
  endfacet
  facet normal -0 0 1
    outer loop
      vertex 7.23463 9.84776 42.6
      vertex 7.48236 6.06815 42.6
      vertex 7.48236 9.93185 42.6
    endloop
  endfacet
  facet normal 0 0 1
    outer loop
      vertex 7.23463 9.84776 42.6
      vertex 7.23463 6.15224 42.6
      vertex 7.48236 6.06815 42.6
    endloop
  endfacet
  facet normal -0 0 1
    outer loop
      vertex 7 9.73205 42.6
      vertex 7.23463 6.15224 42.6
      vertex 7.23463 9.84776 42.6
    endloop
  endfacet
  facet normal 0 0 1
    outer loop
      vertex 7 9.73205 42.6
      vertex 7 6.26795 42.6
      vertex 7.23463 6.15224 42.6
    endloop
  endfacet
  facet normal -0 0 1
    outer loop
      vertex 6.78248 9.58671 42.6
      vertex 7 6.26795 42.6
      vertex 7 9.73205 42.6
    endloop
  endfacet
  facet normal 0 0 1
    outer loop
      vertex 6.78248 9.58671 42.6
      vertex 6.78248 6.41329 42.6
      vertex 7 6.26795 42.6
    endloop
  endfacet
  facet normal -0 0 1
    outer loop
      vertex 6.58579 9.41421 42.6
      vertex 6.78248 6.41329 42.6
      vertex 6.78248 9.58671 42.6
    endloop
  endfacet
  facet normal 0 0 1
    outer loop
      vertex 6.58579 9.41421 42.6
      vertex 6.58579 6.58579 42.6
      vertex 6.78248 6.41329 42.6
    endloop
  endfacet
  facet normal -0 0 1
    outer loop
      vertex 6.41329 9.21752 42.6
      vertex 6.58579 6.58579 42.6
      vertex 6.58579 9.41421 42.6
    endloop
  endfacet
  facet normal 0 0 1
    outer loop
      vertex 6.41329 9.21752 42.6
      vertex 6.41329 6.78248 42.6
      vertex 6.58579 6.58579 42.6
    endloop
  endfacet
  facet normal -0 0 1
    outer loop
      vertex 6.26795 9 42.6
      vertex 6.41329 6.78248 42.6
      vertex 6.41329 9.21752 42.6
    endloop
  endfacet
  facet normal 0 0 1
    outer loop
      vertex 6.26795 9 42.6
      vertex 6.26795 7 42.6
      vertex 6.41329 6.78248 42.6
    endloop
  endfacet
  facet normal -0 0 1
    outer loop
      vertex 6.15224 8.76537 42.6
      vertex 6.26795 7 42.6
      vertex 6.26795 9 42.6
    endloop
  endfacet
  facet normal 0 0 1
    outer loop
      vertex 6.15224 8.76537 42.6
      vertex 6.15224 7.23463 42.6
      vertex 6.26795 7 42.6
    endloop
  endfacet
  facet normal -0 0 1
    outer loop
      vertex 6.06815 8.51764 42.6
      vertex 6.15224 7.23463 42.6
      vertex 6.15224 8.76537 42.6
    endloop
  endfacet
  facet normal 0 0 1
    outer loop
      vertex 6.06815 8.51764 42.6
      vertex 6.06815 7.48236 42.6
      vertex 6.15224 7.23463 42.6
    endloop
  endfacet
  facet normal -0 0 1
    outer loop
      vertex 6.01711 8.26105 42.6
      vertex 6.06815 7.48236 42.6
      vertex 6.06815 8.51764 42.6
    endloop
  endfacet
  facet normal 0 0 1
    outer loop
      vertex 6.01711 8.26105 42.6
      vertex 6.01711 7.73895 42.6
      vertex 6.06815 7.48236 42.6
    endloop
  endfacet
  facet normal 0 -0 1
    outer loop
      vertex 6.01711 7.73895 42.6
      vertex 6.01711 8.26105 42.6
      vertex 6 8 42.6
    endloop
  endfacet
  facet normal 0.980841 0.194811 0
    outer loop
      vertex 12.4615 108.587 48.6
      vertex 12.3467 109.165 3
      vertex 12.3467 109.165 48.6
    endloop
  endfacet
  facet normal 0.980841 0.194811 0
    outer loop
      vertex 12.3467 109.165 3
      vertex 12.4615 108.587 48.6
      vertex 12.4615 108.587 3
    endloop
  endfacet
  facet normal 0.997856 0.0654471 0
    outer loop
      vertex 12.5 108 48.6
      vertex 12.4615 108.587 3
      vertex 12.4615 108.587 48.6
    endloop
  endfacet
  facet normal 0.997856 0.0654471 0
    outer loop
      vertex 12.4615 108.587 3
      vertex 12.5 108 48.6
      vertex 12.5 108 3
    endloop
  endfacet
  facet normal 0.980841 -0.194811 0
    outer loop
      vertex 12.3467 106.835 48.6
      vertex 12.4615 107.413 3
      vertex 12.4615 107.413 48.6
    endloop
  endfacet
  facet normal 0.980841 -0.194811 0
    outer loop
      vertex 12.4615 107.413 3
      vertex 12.3467 106.835 48.6
      vertex 12.3467 106.835 3
    endloop
  endfacet
  facet normal -0.752168 -0.658971 0
    outer loop
      vertex 4.81802 104.818 3
      vertex 4.42991 105.261 48.6
      vertex 4.42991 105.261 3
    endloop
  endfacet
  facet normal -0.752168 -0.658971 0
    outer loop
      vertex 4.42991 105.261 48.6
      vertex 4.81802 104.818 3
      vertex 4.81802 104.818 48.6
    endloop
  endfacet
  facet normal 0.659202 -0.751966 0
    outer loop
      vertex 10.7394 104.43 3
      vertex 11.182 104.818 48.6
      vertex 10.7394 104.43 48.6
    endloop
  endfacet
  facet normal 0.659202 -0.751966 0
    outer loop
      vertex 11.182 104.818 48.6
      vertex 10.7394 104.43 3
      vertex 11.182 104.818 3
    endloop
  endfacet
  facet normal 0.831265 0.555877 0
    outer loop
      vertex 11.8971 110.25 48.6
      vertex 11.5701 110.739 3
      vertex 11.5701 110.739 48.6
    endloop
  endfacet
  facet normal 0.831265 0.555877 0
    outer loop
      vertex 11.5701 110.739 3
      vertex 11.8971 110.25 48.6
      vertex 11.8971 110.25 3
    endloop
  endfacet
  facet normal 0.555562 0.831475 -0
    outer loop
      vertex 10.7394 111.57 3
      vertex 10.25 111.897 48.6
      vertex 10.7394 111.57 48.6
    endloop
  endfacet
  facet normal 0.555562 0.831475 0
    outer loop
      vertex 10.25 111.897 48.6
      vertex 10.7394 111.57 3
      vertex 10.25 111.897 3
    endloop
  endfacet
  facet normal 0.89686 -0.442315 0
    outer loop
      vertex 11.8971 105.75 48.6
      vertex 12.1575 106.278 3
      vertex 12.1575 106.278 48.6
    endloop
  endfacet
  facet normal 0.89686 -0.442315 0
    outer loop
      vertex 12.1575 106.278 3
      vertex 11.8971 105.75 48.6
      vertex 11.8971 105.75 3
    endloop
  endfacet
  facet normal 0.997856 -0.0654471 0
    outer loop
      vertex 12.4615 107.413 48.6
      vertex 12.5 108 3
      vertex 12.5 108 48.6
    endloop
  endfacet
  facet normal 0.997856 -0.0654471 0
    outer loop
      vertex 12.5 108 3
      vertex 12.4615 107.413 48.6
      vertex 12.4615 107.413 3
    endloop
  endfacet
  facet normal 0.32265 0.946518 -0
    outer loop
      vertex 9.72207 112.157 3
      vertex 9.16469 112.347 48.6
      vertex 9.72207 112.157 48.6
    endloop
  endfacet
  facet normal 0.32265 0.946518 0
    outer loop
      vertex 9.16469 112.347 48.6
      vertex 9.72207 112.157 3
      vertex 9.16469 112.347 3
    endloop
  endfacet
  facet normal -0.896893 0.442247 0
    outer loop
      vertex 3.84254 109.722 3
      vertex 4.10289 110.25 48.6
      vertex 4.10289 110.25 3
    endloop
  endfacet
  facet normal -0.896893 0.442247 0
    outer loop
      vertex 4.10289 110.25 48.6
      vertex 3.84254 109.722 3
      vertex 3.84254 109.722 48.6
    endloop
  endfacet
  facet normal -0.659244 0.751929 0
    outer loop
      vertex 5.26057 111.57 3
      vertex 4.81802 111.182 48.6
      vertex 5.26057 111.57 48.6
    endloop
  endfacet
  facet normal -0.659244 0.751929 0
    outer loop
      vertex 4.81802 111.182 48.6
      vertex 5.26057 111.57 3
      vertex 4.81802 111.182 3
    endloop
  endfacet
  facet normal 0.32265 -0.946518 0
    outer loop
      vertex 9.16469 103.653 11
      vertex 9.72207 103.843 48.6
      vertex 9.16469 103.653 48.6
    endloop
  endfacet
  facet normal 0.32265 -0.946518 0
    outer loop
      vertex 9.72207 103.843 48.6
      vertex 9.16469 103.653 11
      vertex 9.72207 103.843 11
    endloop
  endfacet
  facet normal -0.997856 -0.0654471 0
    outer loop
      vertex 3.5385 107.413 3
      vertex 3.5 108 48.6
      vertex 3.5 108 3
    endloop
  endfacet
  facet normal -0.997856 -0.0654471 0
    outer loop
      vertex 3.5 108 48.6
      vertex 3.5385 107.413 3
      vertex 3.5385 107.413 48.6
    endloop
  endfacet
  facet normal -0.32265 0.946518 0
    outer loop
      vertex 6.83531 112.347 3
      vertex 6.27793 112.157 48.6
      vertex 6.83531 112.347 48.6
    endloop
  endfacet
  facet normal -0.32265 0.946518 0
    outer loop
      vertex 6.27793 112.157 48.6
      vertex 6.83531 112.347 3
      vertex 6.27793 112.157 3
    endloop
  endfacet
  facet normal -0.831249 -0.5559 0
    outer loop
      vertex 4.42991 105.261 3
      vertex 4.10289 105.75 48.6
      vertex 4.10289 105.75 3
    endloop
  endfacet
  facet normal -0.831249 -0.5559 0
    outer loop
      vertex 4.10289 105.75 48.6
      vertex 4.42991 105.261 3
      vertex 4.42991 105.261 48.6
    endloop
  endfacet
  facet normal -0.555539 0.831491 0
    outer loop
      vertex 5.75 111.897 3
      vertex 5.26057 111.57 48.6
      vertex 5.75 111.897 48.6
    endloop
  endfacet
  facet normal -0.555539 0.831491 0
    outer loop
      vertex 5.26057 111.57 48.6
      vertex 5.75 111.897 3
      vertex 5.26057 111.57 3
    endloop
  endfacet
  facet normal -0.831249 0.5559 0
    outer loop
      vertex 4.10289 110.25 3
      vertex 4.42991 110.739 48.6
      vertex 4.42991 110.739 3
    endloop
  endfacet
  facet normal -0.831249 0.5559 0
    outer loop
      vertex 4.42991 110.739 48.6
      vertex 4.10289 110.25 3
      vertex 4.10289 110.25 48.6
    endloop
  endfacet
  facet normal -0.997856 0.0654471 0
    outer loop
      vertex 3.5 108 3
      vertex 3.5385 108.587 48.6
      vertex 3.5385 108.587 3
    endloop
  endfacet
  facet normal -0.997856 0.0654471 0
    outer loop
      vertex 3.5385 108.587 48.6
      vertex 3.5 108 3
      vertex 3.5 108 48.6
    endloop
  endfacet
  facet normal -0.195358 -0.980732 0
    outer loop
      vertex 6.83531 103.653 3
      vertex 7.41263 103.538 48.6
      vertex 6.83531 103.653 48.6
    endloop
  endfacet
  facet normal -0.195358 -0.980732 -0
    outer loop
      vertex 7.41263 103.538 48.6
      vertex 6.83531 103.653 3
      vertex 7.41263 103.538 3
    endloop
  endfacet
  facet normal 0.195358 0.980732 -0
    outer loop
      vertex 9.16469 112.347 3
      vertex 8.58737 112.462 48.6
      vertex 9.16469 112.347 48.6
    endloop
  endfacet
  facet normal 0.195358 0.980732 0
    outer loop
      vertex 8.58737 112.462 48.6
      vertex 9.16469 112.347 3
      vertex 8.58737 112.462 3
    endloop
  endfacet
  facet normal -0.441815 0.897106 0
    outer loop
      vertex 6.27793 112.157 3
      vertex 5.75 111.897 48.6
      vertex 6.27793 112.157 48.6
    endloop
  endfacet
  facet normal -0.441815 0.897106 0
    outer loop
      vertex 5.75 111.897 48.6
      vertex 6.27793 112.157 3
      vertex 5.75 111.897 3
    endloop
  endfacet
  facet normal 0.0645602 -0.997914 0
    outer loop
      vertex 8 103.5 3
      vertex 8.58737 103.538 48.6
      vertex 8 103.5 48.6
    endloop
  endfacet
  facet normal 0.0645602 -0.997914 0
    outer loop
      vertex 8.58737 103.538 48.6
      vertex 8 103.5 3
      vertex 8.58737 103.538 3
    endloop
  endfacet
  facet normal 0.946866 0.321628 0
    outer loop
      vertex 12.3467 109.165 48.6
      vertex 12.1575 109.722 3
      vertex 12.1575 109.722 48.6
    endloop
  endfacet
  facet normal 0.946866 0.321628 0
    outer loop
      vertex 12.1575 109.722 3
      vertex 12.3467 109.165 48.6
      vertex 12.3467 109.165 3
    endloop
  endfacet
  facet normal -0.946861 -0.321644 0
    outer loop
      vertex 3.84254 106.278 3
      vertex 3.65333 106.835 48.6
      vertex 3.65333 106.835 3
    endloop
  endfacet
  facet normal -0.946861 -0.321644 0
    outer loop
      vertex 3.65333 106.835 48.6
      vertex 3.84254 106.278 3
      vertex 3.84254 106.278 48.6
    endloop
  endfacet
  facet normal 0.946866 -0.321628 0
    outer loop
      vertex 12.1575 106.278 48.6
      vertex 12.3467 106.835 3
      vertex 12.3467 106.835 48.6
    endloop
  endfacet
  facet normal 0.946866 -0.321628 0
    outer loop
      vertex 12.3467 106.835 3
      vertex 12.1575 106.278 48.6
      vertex 12.1575 106.278 3
    endloop
  endfacet
  facet normal 0.441815 0.897106 -0
    outer loop
      vertex 10.25 111.897 3
      vertex 9.72207 112.157 48.6
      vertex 10.25 111.897 48.6
    endloop
  endfacet
  facet normal 0.441815 0.897106 0
    outer loop
      vertex 9.72207 112.157 48.6
      vertex 10.25 111.897 3
      vertex 9.72207 112.157 3
    endloop
  endfacet
  facet normal -0.195358 0.980732 0
    outer loop
      vertex 7.41263 112.462 3
      vertex 6.83531 112.347 48.6
      vertex 7.41263 112.462 48.6
    endloop
  endfacet
  facet normal -0.195358 0.980732 0
    outer loop
      vertex 6.83531 112.347 48.6
      vertex 7.41263 112.462 3
      vertex 6.83531 112.347 3
    endloop
  endfacet
  facet normal 0.752177 0.658961 0
    outer loop
      vertex 11.5701 110.739 48.6
      vertex 11.182 111.182 3
      vertex 11.182 111.182 48.6
    endloop
  endfacet
  facet normal 0.752177 0.658961 0
    outer loop
      vertex 11.182 111.182 3
      vertex 11.5701 110.739 48.6
      vertex 11.5701 110.739 3
    endloop
  endfacet
  facet normal 0.752177 -0.658961 0
    outer loop
      vertex 11.182 104.818 48.6
      vertex 11.5701 105.261 3
      vertex 11.5701 105.261 48.6
    endloop
  endfacet
  facet normal 0.752177 -0.658961 0
    outer loop
      vertex 11.5701 105.261 3
      vertex 11.182 104.818 48.6
      vertex 11.182 104.818 3
    endloop
  endfacet
  facet normal -0.752168 0.658971 0
    outer loop
      vertex 4.42991 110.739 3
      vertex 4.81802 111.182 48.6
      vertex 4.81802 111.182 3
    endloop
  endfacet
  facet normal -0.752168 0.658971 0
    outer loop
      vertex 4.81802 111.182 48.6
      vertex 4.42991 110.739 3
      vertex 4.42991 110.739 48.6
    endloop
  endfacet
  facet normal 0 0 1
    outer loop
      vertex 10 108 48.6
      vertex 12.5 108 48.6
      vertex 12.4615 108.587 48.6
    endloop
  endfacet
  facet normal 0 0 1
    outer loop
      vertex 9.98289 108.261 48.6
      vertex 12.4615 108.587 48.6
      vertex 12.3467 109.165 48.6
    endloop
  endfacet
  facet normal 0 0 1
    outer loop
      vertex 12.5 108 48.6
      vertex 10 108 48.6
      vertex 12.4615 107.413 48.6
    endloop
  endfacet
  facet normal 0 0 1
    outer loop
      vertex 9.93185 108.518 48.6
      vertex 12.3467 109.165 48.6
      vertex 12.1575 109.722 48.6
    endloop
  endfacet
  facet normal -0 0 1
    outer loop
      vertex 9.98289 107.739 48.6
      vertex 12.4615 107.413 48.6
      vertex 10 108 48.6
    endloop
  endfacet
  facet normal 0 0 1
    outer loop
      vertex 9.84776 108.765 48.6
      vertex 12.1575 109.722 48.6
      vertex 11.8971 110.25 48.6
    endloop
  endfacet
  facet normal 0 0 1
    outer loop
      vertex 12.4615 107.413 48.6
      vertex 9.98289 107.739 48.6
      vertex 12.3467 106.835 48.6
    endloop
  endfacet
  facet normal 0 0 1
    outer loop
      vertex 9.73205 109 48.6
      vertex 11.8971 110.25 48.6
      vertex 11.5701 110.739 48.6
    endloop
  endfacet
  facet normal -0 0 1
    outer loop
      vertex 9.93185 107.482 48.6
      vertex 12.3467 106.835 48.6
      vertex 9.98289 107.739 48.6
    endloop
  endfacet
  facet normal 0 0 1
    outer loop
      vertex 9.58671 109.218 48.6
      vertex 11.5701 110.739 48.6
      vertex 11.182 111.182 48.6
    endloop
  endfacet
  facet normal 0 0 1
    outer loop
      vertex 12.3467 106.835 48.6
      vertex 9.93185 107.482 48.6
      vertex 12.1575 106.278 48.6
    endloop
  endfacet
  facet normal 0 0 1
    outer loop
      vertex 9.41421 109.414 48.6
      vertex 11.182 111.182 48.6
      vertex 10.7394 111.57 48.6
    endloop
  endfacet
  facet normal -0 0 1
    outer loop
      vertex 9.84776 107.235 48.6
      vertex 12.1575 106.278 48.6
      vertex 9.93185 107.482 48.6
    endloop
  endfacet
  facet normal 0 0 1
    outer loop
      vertex 9.21752 109.587 48.6
      vertex 10.7394 111.57 48.6
      vertex 10.25 111.897 48.6
    endloop
  endfacet
  facet normal 0 0 1
    outer loop
      vertex 12.1575 106.278 48.6
      vertex 9.84776 107.235 48.6
      vertex 11.8971 105.75 48.6
    endloop
  endfacet
  facet normal -0 0 1
    outer loop
      vertex 9.73205 107 48.6
      vertex 11.8971 105.75 48.6
      vertex 9.84776 107.235 48.6
    endloop
  endfacet
  facet normal 0 0 1
    outer loop
      vertex 12.4615 108.587 48.6
      vertex 9.98289 108.261 48.6
      vertex 10 108 48.6
    endloop
  endfacet
  facet normal 0 0 1
    outer loop
      vertex 12.3467 109.165 48.6
      vertex 9.93185 108.518 48.6
      vertex 9.98289 108.261 48.6
    endloop
  endfacet
  facet normal 0 0 1
    outer loop
      vertex 12.1575 109.722 48.6
      vertex 9.84776 108.765 48.6
      vertex 9.93185 108.518 48.6
    endloop
  endfacet
  facet normal 0 0 1
    outer loop
      vertex 11.8971 110.25 48.6
      vertex 9.73205 109 48.6
      vertex 9.84776 108.765 48.6
    endloop
  endfacet
  facet normal 0 0 1
    outer loop
      vertex 9 109.732 48.6
      vertex 10.25 111.897 48.6
      vertex 9.72207 112.157 48.6
    endloop
  endfacet
  facet normal 0 0 1
    outer loop
      vertex 11.5701 110.739 48.6
      vertex 9.58671 109.218 48.6
      vertex 9.73205 109 48.6
    endloop
  endfacet
  facet normal 0 0 1
    outer loop
      vertex 11.182 111.182 48.6
      vertex 9.41421 109.414 48.6
      vertex 9.58671 109.218 48.6
    endloop
  endfacet
  facet normal 0 0 1
    outer loop
      vertex 10.7394 111.57 48.6
      vertex 9.21752 109.587 48.6
      vertex 9.41421 109.414 48.6
    endloop
  endfacet
  facet normal 0 0 1
    outer loop
      vertex 8.76537 109.848 48.6
      vertex 9.72207 112.157 48.6
      vertex 9.16469 112.347 48.6
    endloop
  endfacet
  facet normal 0 0 1
    outer loop
      vertex 10.25 111.897 48.6
      vertex 9 109.732 48.6
      vertex 9.21752 109.587 48.6
    endloop
  endfacet
  facet normal 0 0 1
    outer loop
      vertex 9.72207 112.157 48.6
      vertex 8.76537 109.848 48.6
      vertex 9 109.732 48.6
    endloop
  endfacet
  facet normal 0 0 1
    outer loop
      vertex 8.51764 109.932 48.6
      vertex 9.16469 112.347 48.6
      vertex 8.58737 112.462 48.6
    endloop
  endfacet
  facet normal 0 0 1
    outer loop
      vertex 9.16469 112.347 48.6
      vertex 8.51764 109.932 48.6
      vertex 8.76537 109.848 48.6
    endloop
  endfacet
  facet normal 0 0 1
    outer loop
      vertex 8.58737 112.462 48.6
      vertex 8.26105 109.983 48.6
      vertex 8.51764 109.932 48.6
    endloop
  endfacet
  facet normal 0 0 1
    outer loop
      vertex 8 112.5 48.6
      vertex 8.26105 109.983 48.6
      vertex 8.58737 112.462 48.6
    endloop
  endfacet
  facet normal 0 0 1
    outer loop
      vertex 8 112.5 48.6
      vertex 8 110 48.6
      vertex 8.26105 109.983 48.6
    endloop
  endfacet
  facet normal 0 0 1
    outer loop
      vertex 8 112.5 48.6
      vertex 7.73895 109.983 48.6
      vertex 8 110 48.6
    endloop
  endfacet
  facet normal -0 0 1
    outer loop
      vertex 7.41263 112.462 48.6
      vertex 7.73895 109.983 48.6
      vertex 8 112.5 48.6
    endloop
  endfacet
  facet normal 0 0 1
    outer loop
      vertex 7.73895 109.983 48.6
      vertex 7.41263 112.462 48.6
      vertex 7.48236 109.932 48.6
    endloop
  endfacet
  facet normal -0 0 1
    outer loop
      vertex 6.83531 112.347 48.6
      vertex 7.48236 109.932 48.6
      vertex 7.41263 112.462 48.6
    endloop
  endfacet
  facet normal 0 0 1
    outer loop
      vertex 7.48236 109.932 48.6
      vertex 6.83531 112.347 48.6
      vertex 7.23463 109.848 48.6
    endloop
  endfacet
  facet normal -0 0 1
    outer loop
      vertex 6.27793 112.157 48.6
      vertex 7.23463 109.848 48.6
      vertex 6.83531 112.347 48.6
    endloop
  endfacet
  facet normal 0 0 1
    outer loop
      vertex 7.23463 109.848 48.6
      vertex 6.27793 112.157 48.6
      vertex 7 109.732 48.6
    endloop
  endfacet
  facet normal -0 0 1
    outer loop
      vertex 5.75 111.897 48.6
      vertex 7 109.732 48.6
      vertex 6.27793 112.157 48.6
    endloop
  endfacet
  facet normal 0 0 1
    outer loop
      vertex 7 109.732 48.6
      vertex 5.75 111.897 48.6
      vertex 6.78248 109.587 48.6
    endloop
  endfacet
  facet normal -0 0 1
    outer loop
      vertex 5.26057 111.57 48.6
      vertex 6.78248 109.587 48.6
      vertex 5.75 111.897 48.6
    endloop
  endfacet
  facet normal 0 0 1
    outer loop
      vertex 6.78248 109.587 48.6
      vertex 5.26057 111.57 48.6
      vertex 6.58579 109.414 48.6
    endloop
  endfacet
  facet normal -0 0 1
    outer loop
      vertex 4.81802 111.182 48.6
      vertex 6.58579 109.414 48.6
      vertex 5.26057 111.57 48.6
    endloop
  endfacet
  facet normal 0 0 1
    outer loop
      vertex 6.58579 109.414 48.6
      vertex 4.81802 111.182 48.6
      vertex 6.41329 109.218 48.6
    endloop
  endfacet
  facet normal -0 0 1
    outer loop
      vertex 4.42991 110.739 48.6
      vertex 6.41329 109.218 48.6
      vertex 4.81802 111.182 48.6
    endloop
  endfacet
  facet normal -0 0 1
    outer loop
      vertex 4.10289 110.25 48.6
      vertex 6.26795 109 48.6
      vertex 4.42991 110.739 48.6
    endloop
  endfacet
  facet normal 0 0 1
    outer loop
      vertex 6.41329 109.218 48.6
      vertex 4.42991 110.739 48.6
      vertex 6.26795 109 48.6
    endloop
  endfacet
  facet normal 0 0 1
    outer loop
      vertex 11.8971 105.75 48.6
      vertex 9.73205 107 48.6
      vertex 11.5701 105.261 48.6
    endloop
  endfacet
  facet normal -0 0 1
    outer loop
      vertex 9.58671 106.782 48.6
      vertex 11.5701 105.261 48.6
      vertex 9.73205 107 48.6
    endloop
  endfacet
  facet normal 0 0 1
    outer loop
      vertex 11.5701 105.261 48.6
      vertex 9.58671 106.782 48.6
      vertex 11.182 104.818 48.6
    endloop
  endfacet
  facet normal -0 0 1
    outer loop
      vertex 9.41421 106.586 48.6
      vertex 11.182 104.818 48.6
      vertex 9.58671 106.782 48.6
    endloop
  endfacet
  facet normal 0 0 1
    outer loop
      vertex 11.182 104.818 48.6
      vertex 9.41421 106.586 48.6
      vertex 10.7394 104.43 48.6
    endloop
  endfacet
  facet normal -0 0 1
    outer loop
      vertex 9.21752 106.413 48.6
      vertex 10.7394 104.43 48.6
      vertex 9.41421 106.586 48.6
    endloop
  endfacet
  facet normal 0 0 1
    outer loop
      vertex 10.7394 104.43 48.6
      vertex 9.21752 106.413 48.6
      vertex 10.25 104.103 48.6
    endloop
  endfacet
  facet normal -0 0 1
    outer loop
      vertex 9 106.268 48.6
      vertex 10.25 104.103 48.6
      vertex 9.21752 106.413 48.6
    endloop
  endfacet
  facet normal 0 0 1
    outer loop
      vertex 10.25 104.103 48.6
      vertex 9 106.268 48.6
      vertex 9.72207 103.843 48.6
    endloop
  endfacet
  facet normal -0 0 1
    outer loop
      vertex 8.76537 106.152 48.6
      vertex 9.72207 103.843 48.6
      vertex 9 106.268 48.6
    endloop
  endfacet
  facet normal 0 0 1
    outer loop
      vertex 9.72207 103.843 48.6
      vertex 8.76537 106.152 48.6
      vertex 9.16469 103.653 48.6
    endloop
  endfacet
  facet normal -0 0 1
    outer loop
      vertex 8.51764 106.068 48.6
      vertex 9.16469 103.653 48.6
      vertex 8.76537 106.152 48.6
    endloop
  endfacet
  facet normal 0 0 1
    outer loop
      vertex 9.16469 103.653 48.6
      vertex 8.51764 106.068 48.6
      vertex 8.58737 103.538 48.6
    endloop
  endfacet
  facet normal -0 0 1
    outer loop
      vertex 8.26105 106.017 48.6
      vertex 8.58737 103.538 48.6
      vertex 8.51764 106.068 48.6
    endloop
  endfacet
  facet normal -0 0 1
    outer loop
      vertex 8 106 48.6
      vertex 8.58737 103.538 48.6
      vertex 8.26105 106.017 48.6
    endloop
  endfacet
  facet normal 0 0 1
    outer loop
      vertex 8 106 48.6
      vertex 8 103.5 48.6
      vertex 8.58737 103.538 48.6
    endloop
  endfacet
  facet normal 0 0 1
    outer loop
      vertex 7.73895 106.017 48.6
      vertex 8 103.5 48.6
      vertex 8 106 48.6
    endloop
  endfacet
  facet normal 0 0 1
    outer loop
      vertex 7.41263 103.538 48.6
      vertex 7.73895 106.017 48.6
      vertex 7.48236 106.068 48.6
    endloop
  endfacet
  facet normal 0 0 1
    outer loop
      vertex 7.73895 106.017 48.6
      vertex 7.41263 103.538 48.6
      vertex 8 103.5 48.6
    endloop
  endfacet
  facet normal 0 0 1
    outer loop
      vertex 6.83531 103.653 48.6
      vertex 7.48236 106.068 48.6
      vertex 7.23463 106.152 48.6
    endloop
  endfacet
  facet normal 0 0 1
    outer loop
      vertex 6.27793 103.843 48.6
      vertex 7.23463 106.152 48.6
      vertex 7 106.268 48.6
    endloop
  endfacet
  facet normal 0 0 1
    outer loop
      vertex 7.48236 106.068 48.6
      vertex 6.83531 103.653 48.6
      vertex 7.41263 103.538 48.6
    endloop
  endfacet
  facet normal 0 0 1
    outer loop
      vertex 5.75 104.103 48.6
      vertex 7 106.268 48.6
      vertex 6.78248 106.413 48.6
    endloop
  endfacet
  facet normal 0 0 1
    outer loop
      vertex 5.26057 104.43 48.6
      vertex 6.78248 106.413 48.6
      vertex 6.58579 106.586 48.6
    endloop
  endfacet
  facet normal 0 0 1
    outer loop
      vertex 4.81802 104.818 48.6
      vertex 6.58579 106.586 48.6
      vertex 6.41329 106.782 48.6
    endloop
  endfacet
  facet normal 0 0 1
    outer loop
      vertex 7.23463 106.152 48.6
      vertex 6.27793 103.843 48.6
      vertex 6.83531 103.653 48.6
    endloop
  endfacet
  facet normal 0 0 1
    outer loop
      vertex 4.42991 105.261 48.6
      vertex 6.41329 106.782 48.6
      vertex 6.26795 107 48.6
    endloop
  endfacet
  facet normal 0 0 1
    outer loop
      vertex 4.10289 105.75 48.6
      vertex 6.26795 107 48.6
      vertex 6.15224 107.235 48.6
    endloop
  endfacet
  facet normal 0 0 1
    outer loop
      vertex 3.84254 106.278 48.6
      vertex 6.15224 107.235 48.6
      vertex 6.06815 107.482 48.6
    endloop
  endfacet
  facet normal 0 0 1
    outer loop
      vertex 3.65333 106.835 48.6
      vertex 6.06815 107.482 48.6
      vertex 6.01711 107.739 48.6
    endloop
  endfacet
  facet normal 0 0 1
    outer loop
      vertex 7 106.268 48.6
      vertex 5.75 104.103 48.6
      vertex 6.27793 103.843 48.6
    endloop
  endfacet
  facet normal 0 0 1
    outer loop
      vertex 3.5385 107.413 48.6
      vertex 6.01711 107.739 48.6
      vertex 6 108 48.6
    endloop
  endfacet
  facet normal 0 0 1
    outer loop
      vertex 6.26795 109 48.6
      vertex 4.10289 110.25 48.6
      vertex 6.15224 108.765 48.6
    endloop
  endfacet
  facet normal -0 0 1
    outer loop
      vertex 3.84254 109.722 48.6
      vertex 6.15224 108.765 48.6
      vertex 4.10289 110.25 48.6
    endloop
  endfacet
  facet normal 0 0 1
    outer loop
      vertex 6.78248 106.413 48.6
      vertex 5.26057 104.43 48.6
      vertex 5.75 104.103 48.6
    endloop
  endfacet
  facet normal 0 0 1
    outer loop
      vertex 6.15224 108.765 48.6
      vertex 3.84254 109.722 48.6
      vertex 6.06815 108.518 48.6
    endloop
  endfacet
  facet normal 0 0 1
    outer loop
      vertex 6.58579 106.586 48.6
      vertex 4.81802 104.818 48.6
      vertex 5.26057 104.43 48.6
    endloop
  endfacet
  facet normal -0 0 1
    outer loop
      vertex 3.65333 109.165 48.6
      vertex 6.06815 108.518 48.6
      vertex 3.84254 109.722 48.6
    endloop
  endfacet
  facet normal 0 0 1
    outer loop
      vertex 6.41329 106.782 48.6
      vertex 4.42991 105.261 48.6
      vertex 4.81802 104.818 48.6
    endloop
  endfacet
  facet normal 0 0 1
    outer loop
      vertex 6.06815 108.518 48.6
      vertex 3.65333 109.165 48.6
      vertex 6.01711 108.261 48.6
    endloop
  endfacet
  facet normal 0 0 1
    outer loop
      vertex 6.26795 107 48.6
      vertex 4.10289 105.75 48.6
      vertex 4.42991 105.261 48.6
    endloop
  endfacet
  facet normal -0 0 1
    outer loop
      vertex 3.5385 108.587 48.6
      vertex 6.01711 108.261 48.6
      vertex 3.65333 109.165 48.6
    endloop
  endfacet
  facet normal 0 0 1
    outer loop
      vertex 6.15224 107.235 48.6
      vertex 3.84254 106.278 48.6
      vertex 4.10289 105.75 48.6
    endloop
  endfacet
  facet normal 0 0 1
    outer loop
      vertex 6.01711 108.261 48.6
      vertex 3.5385 108.587 48.6
      vertex 6 108 48.6
    endloop
  endfacet
  facet normal 0 0 1
    outer loop
      vertex 6.06815 107.482 48.6
      vertex 3.65333 106.835 48.6
      vertex 3.84254 106.278 48.6
    endloop
  endfacet
  facet normal 0 0 1
    outer loop
      vertex 3.5 108 48.6
      vertex 6 108 48.6
      vertex 3.5385 108.587 48.6
    endloop
  endfacet
  facet normal 0 0 1
    outer loop
      vertex 6.01711 107.739 48.6
      vertex 3.5385 107.413 48.6
      vertex 3.65333 106.835 48.6
    endloop
  endfacet
  facet normal 0 0 1
    outer loop
      vertex 6 108 48.6
      vertex 3.5 108 48.6
      vertex 3.5385 107.413 48.6
    endloop
  endfacet
  facet normal -0.946861 0.321644 0
    outer loop
      vertex 3.65333 109.165 3
      vertex 3.84254 109.722 48.6
      vertex 3.84254 109.722 3
    endloop
  endfacet
  facet normal -0.946861 0.321644 0
    outer loop
      vertex 3.84254 109.722 48.6
      vertex 3.65333 109.165 3
      vertex 3.65333 109.165 48.6
    endloop
  endfacet
  facet normal 0.195358 -0.980732 -2.4558e-05
    outer loop
      vertex 8.58737 103.538 48.6
      vertex 8.77341 103.576 11
      vertex 9.16469 103.653 48.6
    endloop
  endfacet
  facet normal 0.200125 -0.97977 0
    outer loop
      vertex 8.58737 103.538 3
      vertex 8.77341 103.576 11
      vertex 8.58737 103.538 48.6
    endloop
  endfacet
  facet normal 0.200125 -0.97977 0
    outer loop
      vertex 8.77341 103.576 11
      vertex 8.58737 103.538 3
      vertex 8.77341 103.576 3
    endloop
  endfacet
  facet normal 0.193087 -0.981182 0
    outer loop
      vertex 9.16469 103.653 48.6
      vertex 8.77341 103.576 11
      vertex 9.16469 103.653 11
    endloop
  endfacet
  facet normal 0.426619 -0.904432 0
    outer loop
      vertex 9.76659 103.864 11
      vertex 9.72207 103.843 48.6
      vertex 9.72207 103.843 11
    endloop
  endfacet
  facet normal 0.441815 -0.897106 2.20849e-05
    outer loop
      vertex 9.72207 103.843 48.6
      vertex 9.76659 103.864 11
      vertex 10.25 104.103 48.6
    endloop
  endfacet
  facet normal 0.443196 -0.896425 0
    outer loop
      vertex 10.25 104.103 3
      vertex 9.76659 103.864 11
      vertex 9.76659 103.864 3
    endloop
  endfacet
  facet normal 0.443196 -0.896425 0
    outer loop
      vertex 9.76659 103.864 11
      vertex 10.25 104.103 3
      vertex 10.25 104.103 48.6
    endloop
  endfacet
  facet normal 0.659202 0.751966 -0
    outer loop
      vertex 11.182 111.182 3
      vertex 10.7394 111.57 48.6
      vertex 11.182 111.182 48.6
    endloop
  endfacet
  facet normal 0.659202 0.751966 0
    outer loop
      vertex 10.7394 111.57 48.6
      vertex 11.182 111.182 3
      vertex 10.7394 111.57 3
    endloop
  endfacet
  facet normal -0.896893 -0.442247 0
    outer loop
      vertex 4.10289 105.75 3
      vertex 3.84254 106.278 48.6
      vertex 3.84254 106.278 3
    endloop
  endfacet
  facet normal -0.896893 -0.442247 0
    outer loop
      vertex 3.84254 106.278 48.6
      vertex 4.10289 105.75 3
      vertex 4.10289 105.75 48.6
    endloop
  endfacet
  facet normal 0.555562 -0.831475 0
    outer loop
      vertex 10.25 104.103 3
      vertex 10.7394 104.43 48.6
      vertex 10.25 104.103 48.6
    endloop
  endfacet
  facet normal 0.555562 -0.831475 0
    outer loop
      vertex 10.7394 104.43 48.6
      vertex 10.25 104.103 3
      vertex 10.7394 104.43 3
    endloop
  endfacet
  facet normal 0.831265 -0.555877 0
    outer loop
      vertex 11.5701 105.261 48.6
      vertex 11.8971 105.75 3
      vertex 11.8971 105.75 48.6
    endloop
  endfacet
  facet normal 0.831265 -0.555877 0
    outer loop
      vertex 11.8971 105.75 3
      vertex 11.5701 105.261 48.6
      vertex 11.5701 105.261 3
    endloop
  endfacet
  facet normal 0.89686 0.442315 0
    outer loop
      vertex 12.1575 109.722 48.6
      vertex 11.8971 110.25 3
      vertex 11.8971 110.25 48.6
    endloop
  endfacet
  facet normal 0.89686 0.442315 0
    outer loop
      vertex 11.8971 110.25 3
      vertex 12.1575 109.722 48.6
      vertex 12.1575 109.722 3
    endloop
  endfacet
  facet normal 0.0645602 0.997914 -0
    outer loop
      vertex 8.58737 112.462 3
      vertex 8 112.5 48.6
      vertex 8.58737 112.462 48.6
    endloop
  endfacet
  facet normal 0.0645602 0.997914 0
    outer loop
      vertex 8 112.5 48.6
      vertex 8.58737 112.462 3
      vertex 8 112.5 3
    endloop
  endfacet
  facet normal -0.980831 0.19486 0
    outer loop
      vertex 3.5385 108.587 3
      vertex 3.65333 109.165 48.6
      vertex 3.65333 109.165 3
    endloop
  endfacet
  facet normal -0.980831 0.19486 0
    outer loop
      vertex 3.65333 109.165 48.6
      vertex 3.5385 108.587 3
      vertex 3.5385 108.587 48.6
    endloop
  endfacet
  facet normal -0.0645602 0.997914 0
    outer loop
      vertex 8 112.5 3
      vertex 7.41263 112.462 48.6
      vertex 8 112.5 48.6
    endloop
  endfacet
  facet normal -0.0645602 0.997914 0
    outer loop
      vertex 7.41263 112.462 48.6
      vertex 8 112.5 3
      vertex 7.41263 112.462 3
    endloop
  endfacet
  facet normal -0.659244 -0.751929 0
    outer loop
      vertex 4.81802 104.818 3
      vertex 5.26057 104.43 48.6
      vertex 4.81802 104.818 48.6
    endloop
  endfacet
  facet normal -0.659244 -0.751929 -0
    outer loop
      vertex 5.26057 104.43 48.6
      vertex 4.81802 104.818 3
      vertex 5.26057 104.43 3
    endloop
  endfacet
  facet normal -0.32265 -0.946518 0
    outer loop
      vertex 6.27793 103.843 3
      vertex 6.83531 103.653 48.6
      vertex 6.27793 103.843 48.6
    endloop
  endfacet
  facet normal -0.32265 -0.946518 -0
    outer loop
      vertex 6.83531 103.653 48.6
      vertex 6.27793 103.843 3
      vertex 6.83531 103.653 3
    endloop
  endfacet
  facet normal -0.0645602 -0.997914 0
    outer loop
      vertex 7.41263 103.538 3
      vertex 8 103.5 48.6
      vertex 7.41263 103.538 48.6
    endloop
  endfacet
  facet normal -0.0645602 -0.997914 -0
    outer loop
      vertex 8 103.5 48.6
      vertex 7.41263 103.538 3
      vertex 8 103.5 3
    endloop
  endfacet
  facet normal -0.980831 -0.19486 0
    outer loop
      vertex 3.65333 106.835 3
      vertex 3.5385 107.413 48.6
      vertex 3.5385 107.413 3
    endloop
  endfacet
  facet normal -0.980831 -0.19486 0
    outer loop
      vertex 3.5385 107.413 48.6
      vertex 3.65333 106.835 3
      vertex 3.65333 106.835 48.6
    endloop
  endfacet
  facet normal -0.441815 -0.897106 0
    outer loop
      vertex 5.75 104.103 3
      vertex 6.27793 103.843 48.6
      vertex 5.75 104.103 48.6
    endloop
  endfacet
  facet normal -0.441815 -0.897106 -0
    outer loop
      vertex 6.27793 103.843 48.6
      vertex 5.75 104.103 3
      vertex 6.27793 103.843 3
    endloop
  endfacet
  facet normal -0.555539 -0.831491 0
    outer loop
      vertex 5.26057 104.43 3
      vertex 5.75 104.103 48.6
      vertex 5.26057 104.43 48.6
    endloop
  endfacet
  facet normal -0.555539 -0.831491 -0
    outer loop
      vertex 5.75 104.103 48.6
      vertex 5.26057 104.43 3
      vertex 5.75 104.103 3
    endloop
  endfacet
  facet normal -0.064984 0.997886 0
    outer loop
      vertex 8.26105 106.017 42.6
      vertex 8 106 48.6
      vertex 8.26105 106.017 48.6
    endloop
  endfacet
  facet normal -0.064984 0.997886 0
    outer loop
      vertex 8 106 48.6
      vertex 8.26105 106.017 42.6
      vertex 8 106 42.6
    endloop
  endfacet
  facet normal 0.064984 -0.997886 0
    outer loop
      vertex 7.73895 109.983 42.6
      vertex 8 110 48.6
      vertex 7.73895 109.983 48.6
    endloop
  endfacet
  facet normal 0.064984 -0.997886 0
    outer loop
      vertex 8 110 48.6
      vertex 7.73895 109.983 42.6
      vertex 8 110 42.6
    endloop
  endfacet
  facet normal 0.44319 -0.896428 0
    outer loop
      vertex 7 109.732 42.6
      vertex 7.23463 109.848 48.6
      vertex 7 109.732 48.6
    endloop
  endfacet
  facet normal 0.44319 -0.896428 0
    outer loop
      vertex 7.23463 109.848 48.6
      vertex 7 109.732 42.6
      vertex 7.23463 109.848 42.6
    endloop
  endfacet
  facet normal -0.980844 -0.194795 0
    outer loop
      vertex 9.98289 108.261 42.6
      vertex 9.93185 108.518 48.6
      vertex 9.93185 108.518 42.6
    endloop
  endfacet
  facet normal -0.980844 -0.194795 0
    outer loop
      vertex 9.93185 108.518 48.6
      vertex 9.98289 108.261 42.6
      vertex 9.98289 108.261 48.6
    endloop
  endfacet
  facet normal -0.321121 -0.947038 0
    outer loop
      vertex 8.51764 109.932 42.6
      vertex 8.76537 109.848 48.6
      vertex 8.51764 109.932 48.6
    endloop
  endfacet
  facet normal -0.321121 -0.947038 -0
    outer loop
      vertex 8.76537 109.848 48.6
      vertex 8.51764 109.932 42.6
      vertex 8.76537 109.848 42.6
    endloop
  endfacet
  facet normal 0.66044 -0.750879 0
    outer loop
      vertex 6.58579 109.414 42.6
      vertex 6.78248 109.587 48.6
      vertex 6.58579 109.414 48.6
    endloop
  endfacet
  facet normal 0.66044 -0.750879 0
    outer loop
      vertex 6.78248 109.587 48.6
      vertex 6.58579 109.414 42.6
      vertex 6.78248 109.587 42.6
    endloop
  endfacet
  facet normal -0.897144 -0.441738 0
    outer loop
      vertex 9.84776 108.765 42.6
      vertex 9.73205 109 48.6
      vertex 9.73205 109 42.6
    endloop
  endfacet
  facet normal -0.897144 -0.441738 0
    outer loop
      vertex 9.73205 109 48.6
      vertex 9.84776 108.765 42.6
      vertex 9.84776 108.765 48.6
    endloop
  endfacet
  facet normal -0.832039 0.554718 0
    outer loop
      vertex 9.58671 106.782 42.6
      vertex 9.73205 107 48.6
      vertex 9.73205 107 42.6
    endloop
  endfacet
  facet normal -0.832039 0.554718 0
    outer loop
      vertex 9.73205 107 48.6
      vertex 9.58671 106.782 42.6
      vertex 9.58671 106.782 48.6
    endloop
  endfacet
  facet normal 0.946644 0.322281 0
    outer loop
      vertex 6.15224 107.235 48.6
      vertex 6.06815 107.482 42.6
      vertex 6.06815 107.482 48.6
    endloop
  endfacet
  facet normal 0.946644 0.322281 0
    outer loop
      vertex 6.06815 107.482 42.6
      vertex 6.15224 107.235 48.6
      vertex 6.15224 107.235 42.6
    endloop
  endfacet
  facet normal 0.66044 0.750879 -0
    outer loop
      vertex 6.78248 106.413 42.6
      vertex 6.58579 106.586 48.6
      vertex 6.78248 106.413 48.6
    endloop
  endfacet
  facet normal 0.66044 0.750879 0
    outer loop
      vertex 6.58579 106.586 48.6
      vertex 6.78248 106.413 42.6
      vertex 6.58579 106.586 42.6
    endloop
  endfacet
  facet normal 0.321121 0.947038 -0
    outer loop
      vertex 7.48236 106.068 42.6
      vertex 7.23463 106.152 48.6
      vertex 7.48236 106.068 48.6
    endloop
  endfacet
  facet normal 0.321121 0.947038 0
    outer loop
      vertex 7.23463 106.152 48.6
      vertex 7.48236 106.068 42.6
      vertex 7.23463 106.152 42.6
    endloop
  endfacet
  facet normal -0.554665 -0.832074 0
    outer loop
      vertex 9 109.732 42.6
      vertex 9.21752 109.587 48.6
      vertex 9 109.732 48.6
    endloop
  endfacet
  facet normal -0.554665 -0.832074 -0
    outer loop
      vertex 9.21752 109.587 48.6
      vertex 9 109.732 42.6
      vertex 9.21752 109.587 42.6
    endloop
  endfacet
  facet normal -0.997858 -0.0654151 0
    outer loop
      vertex 10 108 42.6
      vertex 9.98289 108.261 48.6
      vertex 9.98289 108.261 42.6
    endloop
  endfacet
  facet normal -0.997858 -0.0654151 0
    outer loop
      vertex 9.98289 108.261 48.6
      vertex 10 108 42.6
      vertex 10 108 48.6
    endloop
  endfacet
  facet normal 0.897144 -0.441738 0
    outer loop
      vertex 6.15224 108.765 48.6
      vertex 6.26795 109 42.6
      vertex 6.26795 109 48.6
    endloop
  endfacet
  facet normal 0.897144 -0.441738 0
    outer loop
      vertex 6.26795 109 42.6
      vertex 6.15224 108.765 48.6
      vertex 6.15224 108.765 42.6
    endloop
  endfacet
  facet normal 0.832039 -0.554718 0
    outer loop
      vertex 6.26795 109 48.6
      vertex 6.41329 109.218 42.6
      vertex 6.41329 109.218 48.6
    endloop
  endfacet
  facet normal 0.832039 -0.554718 0
    outer loop
      vertex 6.41329 109.218 42.6
      vertex 6.26795 109 48.6
      vertex 6.26795 109 42.6
    endloop
  endfacet
  facet normal -0.44319 -0.896428 0
    outer loop
      vertex 8.76537 109.848 42.6
      vertex 9 109.732 48.6
      vertex 8.76537 109.848 48.6
    endloop
  endfacet
  facet normal -0.44319 -0.896428 -0
    outer loop
      vertex 9 109.732 48.6
      vertex 8.76537 109.848 42.6
      vertex 9 109.732 42.6
    endloop
  endfacet
  facet normal 0.321121 -0.947038 0
    outer loop
      vertex 7.23463 109.848 42.6
      vertex 7.48236 109.932 48.6
      vertex 7.23463 109.848 48.6
    endloop
  endfacet
  facet normal 0.321121 -0.947038 0
    outer loop
      vertex 7.48236 109.932 48.6
      vertex 7.23463 109.848 42.6
      vertex 7.48236 109.932 42.6
    endloop
  endfacet
  facet normal -0.897144 0.441738 0
    outer loop
      vertex 9.73205 107 42.6
      vertex 9.84776 107.235 48.6
      vertex 9.84776 107.235 42.6
    endloop
  endfacet
  facet normal -0.897144 0.441738 0
    outer loop
      vertex 9.84776 107.235 48.6
      vertex 9.73205 107 42.6
      vertex 9.73205 107 48.6
    endloop
  endfacet
  facet normal 0.064984 0.997886 -0
    outer loop
      vertex 8 106 42.6
      vertex 7.73895 106.017 48.6
      vertex 8 106 48.6
    endloop
  endfacet
  facet normal 0.064984 0.997886 0
    outer loop
      vertex 7.73895 106.017 48.6
      vertex 8 106 42.6
      vertex 7.73895 106.017 42.6
    endloop
  endfacet
  facet normal -0.997858 0.0654151 0
    outer loop
      vertex 9.98289 107.739 42.6
      vertex 10 108 48.6
      vertex 10 108 42.6
    endloop
  endfacet
  facet normal -0.997858 0.0654151 0
    outer loop
      vertex 10 108 48.6
      vertex 9.98289 107.739 42.6
      vertex 9.98289 107.739 48.6
    endloop
  endfacet
  facet normal 0.194947 -0.980814 0
    outer loop
      vertex 7.48236 109.932 42.6
      vertex 7.73895 109.983 48.6
      vertex 7.48236 109.932 48.6
    endloop
  endfacet
  facet normal 0.194947 -0.980814 0
    outer loop
      vertex 7.73895 109.983 48.6
      vertex 7.48236 109.932 42.6
      vertex 7.73895 109.983 42.6
    endloop
  endfacet
  facet normal -0.750676 -0.660671 0
    outer loop
      vertex 9.58671 109.218 42.6
      vertex 9.41421 109.414 48.6
      vertex 9.41421 109.414 42.6
    endloop
  endfacet
  facet normal -0.750676 -0.660671 0
    outer loop
      vertex 9.41421 109.414 48.6
      vertex 9.58671 109.218 42.6
      vertex 9.58671 109.218 48.6
    endloop
  endfacet
  facet normal 0.980844 0.194795 0
    outer loop
      vertex 6.06815 107.482 48.6
      vertex 6.01711 107.739 42.6
      vertex 6.01711 107.739 48.6
    endloop
  endfacet
  facet normal 0.980844 0.194795 0
    outer loop
      vertex 6.01711 107.739 42.6
      vertex 6.06815 107.482 48.6
      vertex 6.06815 107.482 42.6
    endloop
  endfacet
  facet normal 0.194947 0.980814 -0
    outer loop
      vertex 7.73895 106.017 42.6
      vertex 7.48236 106.068 48.6
      vertex 7.73895 106.017 48.6
    endloop
  endfacet
  facet normal 0.194947 0.980814 0
    outer loop
      vertex 7.48236 106.068 48.6
      vertex 7.73895 106.017 42.6
      vertex 7.48236 106.068 42.6
    endloop
  endfacet
  facet normal -0.832039 -0.554718 0
    outer loop
      vertex 9.73205 109 42.6
      vertex 9.58671 109.218 48.6
      vertex 9.58671 109.218 42.6
    endloop
  endfacet
  facet normal -0.832039 -0.554718 0
    outer loop
      vertex 9.58671 109.218 48.6
      vertex 9.73205 109 42.6
      vertex 9.73205 109 48.6
    endloop
  endfacet
  facet normal -0.66044 -0.750879 0
    outer loop
      vertex 9.21752 109.587 42.6
      vertex 9.41421 109.414 48.6
      vertex 9.21752 109.587 48.6
    endloop
  endfacet
  facet normal -0.66044 -0.750879 -0
    outer loop
      vertex 9.41421 109.414 48.6
      vertex 9.21752 109.587 42.6
      vertex 9.41421 109.414 42.6
    endloop
  endfacet
  facet normal 0.946644 -0.322281 0
    outer loop
      vertex 6.06815 108.518 48.6
      vertex 6.15224 108.765 42.6
      vertex 6.15224 108.765 48.6
    endloop
  endfacet
  facet normal 0.946644 -0.322281 0
    outer loop
      vertex 6.15224 108.765 42.6
      vertex 6.06815 108.518 48.6
      vertex 6.06815 108.518 42.6
    endloop
  endfacet
  facet normal 0.554665 -0.832074 0
    outer loop
      vertex 6.78248 109.587 42.6
      vertex 7 109.732 48.6
      vertex 6.78248 109.587 48.6
    endloop
  endfacet
  facet normal 0.554665 -0.832074 0
    outer loop
      vertex 7 109.732 48.6
      vertex 6.78248 109.587 42.6
      vertex 7 109.732 42.6
    endloop
  endfacet
  facet normal -0.194947 0.980814 0
    outer loop
      vertex 8.51764 106.068 42.6
      vertex 8.26105 106.017 48.6
      vertex 8.51764 106.068 48.6
    endloop
  endfacet
  facet normal -0.194947 0.980814 0
    outer loop
      vertex 8.26105 106.017 48.6
      vertex 8.51764 106.068 42.6
      vertex 8.26105 106.017 42.6
    endloop
  endfacet
  facet normal -0.750676 0.660671 0
    outer loop
      vertex 9.41421 106.586 42.6
      vertex 9.58671 106.782 48.6
      vertex 9.58671 106.782 42.6
    endloop
  endfacet
  facet normal -0.750676 0.660671 0
    outer loop
      vertex 9.58671 106.782 48.6
      vertex 9.41421 106.586 42.6
      vertex 9.41421 106.586 48.6
    endloop
  endfacet
  facet normal -0.66044 0.750879 0
    outer loop
      vertex 9.41421 106.586 42.6
      vertex 9.21752 106.413 48.6
      vertex 9.41421 106.586 48.6
    endloop
  endfacet
  facet normal -0.66044 0.750879 0
    outer loop
      vertex 9.21752 106.413 48.6
      vertex 9.41421 106.586 42.6
      vertex 9.21752 106.413 42.6
    endloop
  endfacet
  facet normal -0.321121 0.947038 0
    outer loop
      vertex 8.76537 106.152 42.6
      vertex 8.51764 106.068 48.6
      vertex 8.76537 106.152 48.6
    endloop
  endfacet
  facet normal -0.321121 0.947038 0
    outer loop
      vertex 8.51764 106.068 48.6
      vertex 8.76537 106.152 42.6
      vertex 8.51764 106.068 42.6
    endloop
  endfacet
  facet normal 0.750676 -0.660671 0
    outer loop
      vertex 6.41329 109.218 48.6
      vertex 6.58579 109.414 42.6
      vertex 6.58579 109.414 48.6
    endloop
  endfacet
  facet normal 0.750676 -0.660671 0
    outer loop
      vertex 6.58579 109.414 42.6
      vertex 6.41329 109.218 48.6
      vertex 6.41329 109.218 42.6
    endloop
  endfacet
  facet normal -0.946644 -0.322281 0
    outer loop
      vertex 9.93185 108.518 42.6
      vertex 9.84776 108.765 48.6
      vertex 9.84776 108.765 42.6
    endloop
  endfacet
  facet normal -0.946644 -0.322281 0
    outer loop
      vertex 9.84776 108.765 48.6
      vertex 9.93185 108.518 42.6
      vertex 9.93185 108.518 48.6
    endloop
  endfacet
  facet normal 0.750676 0.660671 0
    outer loop
      vertex 6.58579 106.586 48.6
      vertex 6.41329 106.782 42.6
      vertex 6.41329 106.782 48.6
    endloop
  endfacet
  facet normal 0.750676 0.660671 0
    outer loop
      vertex 6.41329 106.782 42.6
      vertex 6.58579 106.586 48.6
      vertex 6.58579 106.586 42.6
    endloop
  endfacet
  facet normal 0.997858 -0.0654151 0
    outer loop
      vertex 6 108 48.6
      vertex 6.01711 108.261 42.6
      vertex 6.01711 108.261 48.6
    endloop
  endfacet
  facet normal 0.997858 -0.0654151 0
    outer loop
      vertex 6.01711 108.261 42.6
      vertex 6 108 48.6
      vertex 6 108 42.6
    endloop
  endfacet
  facet normal 0.980844 -0.194795 0
    outer loop
      vertex 6.01711 108.261 48.6
      vertex 6.06815 108.518 42.6
      vertex 6.06815 108.518 48.6
    endloop
  endfacet
  facet normal 0.980844 -0.194795 0
    outer loop
      vertex 6.06815 108.518 42.6
      vertex 6.01711 108.261 48.6
      vertex 6.01711 108.261 42.6
    endloop
  endfacet
  facet normal -0.554665 0.832074 0
    outer loop
      vertex 9.21752 106.413 42.6
      vertex 9 106.268 48.6
      vertex 9.21752 106.413 48.6
    endloop
  endfacet
  facet normal -0.554665 0.832074 0
    outer loop
      vertex 9 106.268 48.6
      vertex 9.21752 106.413 42.6
      vertex 9 106.268 42.6
    endloop
  endfacet
  facet normal -0.980844 0.194795 0
    outer loop
      vertex 9.93185 107.482 42.6
      vertex 9.98289 107.739 48.6
      vertex 9.98289 107.739 42.6
    endloop
  endfacet
  facet normal -0.980844 0.194795 0
    outer loop
      vertex 9.98289 107.739 48.6
      vertex 9.93185 107.482 42.6
      vertex 9.93185 107.482 48.6
    endloop
  endfacet
  facet normal -0.946644 0.322281 0
    outer loop
      vertex 9.84776 107.235 42.6
      vertex 9.93185 107.482 48.6
      vertex 9.93185 107.482 42.6
    endloop
  endfacet
  facet normal -0.946644 0.322281 0
    outer loop
      vertex 9.93185 107.482 48.6
      vertex 9.84776 107.235 42.6
      vertex 9.84776 107.235 48.6
    endloop
  endfacet
  facet normal -0.44319 0.896428 0
    outer loop
      vertex 9 106.268 42.6
      vertex 8.76537 106.152 48.6
      vertex 9 106.268 48.6
    endloop
  endfacet
  facet normal -0.44319 0.896428 0
    outer loop
      vertex 8.76537 106.152 48.6
      vertex 9 106.268 42.6
      vertex 8.76537 106.152 42.6
    endloop
  endfacet
  facet normal 0.554665 0.832074 -0
    outer loop
      vertex 7 106.268 42.6
      vertex 6.78248 106.413 48.6
      vertex 7 106.268 48.6
    endloop
  endfacet
  facet normal 0.554665 0.832074 0
    outer loop
      vertex 6.78248 106.413 48.6
      vertex 7 106.268 42.6
      vertex 6.78248 106.413 42.6
    endloop
  endfacet
  facet normal 0.897144 0.441738 0
    outer loop
      vertex 6.26795 107 48.6
      vertex 6.15224 107.235 42.6
      vertex 6.15224 107.235 48.6
    endloop
  endfacet
  facet normal 0.897144 0.441738 0
    outer loop
      vertex 6.15224 107.235 42.6
      vertex 6.26795 107 48.6
      vertex 6.26795 107 42.6
    endloop
  endfacet
  facet normal 0.832039 0.554718 0
    outer loop
      vertex 6.41329 106.782 48.6
      vertex 6.26795 107 42.6
      vertex 6.26795 107 48.6
    endloop
  endfacet
  facet normal 0.832039 0.554718 0
    outer loop
      vertex 6.26795 107 42.6
      vertex 6.41329 106.782 48.6
      vertex 6.41329 106.782 42.6
    endloop
  endfacet
  facet normal 0.997858 0.0654151 0
    outer loop
      vertex 6.01711 107.739 48.6
      vertex 6 108 42.6
      vertex 6 108 48.6
    endloop
  endfacet
  facet normal 0.997858 0.0654151 0
    outer loop
      vertex 6 108 42.6
      vertex 6.01711 107.739 48.6
      vertex 6.01711 107.739 42.6
    endloop
  endfacet
  facet normal -0.194947 -0.980814 0
    outer loop
      vertex 8.26105 109.983 42.6
      vertex 8.51764 109.932 48.6
      vertex 8.26105 109.983 48.6
    endloop
  endfacet
  facet normal -0.194947 -0.980814 -0
    outer loop
      vertex 8.51764 109.932 48.6
      vertex 8.26105 109.983 42.6
      vertex 8.51764 109.932 42.6
    endloop
  endfacet
  facet normal -0.064984 -0.997886 0
    outer loop
      vertex 8 110 42.6
      vertex 8.26105 109.983 48.6
      vertex 8 110 48.6
    endloop
  endfacet
  facet normal -0.064984 -0.997886 -0
    outer loop
      vertex 8.26105 109.983 48.6
      vertex 8 110 42.6
      vertex 8.26105 109.983 42.6
    endloop
  endfacet
  facet normal 0.44319 0.896428 -0
    outer loop
      vertex 7.23463 106.152 42.6
      vertex 7 106.268 48.6
      vertex 7.23463 106.152 48.6
    endloop
  endfacet
  facet normal 0.44319 0.896428 0
    outer loop
      vertex 7 106.268 48.6
      vertex 7.23463 106.152 42.6
      vertex 7 106.268 42.6
    endloop
  endfacet
  facet normal 0 0 1
    outer loop
      vertex 9.98289 108.261 42.6
      vertex 9.98289 107.739 42.6
      vertex 10 108 42.6
    endloop
  endfacet
  facet normal 0 0 1
    outer loop
      vertex 9.93185 108.518 42.6
      vertex 9.98289 107.739 42.6
      vertex 9.98289 108.261 42.6
    endloop
  endfacet
  facet normal 0 0 1
    outer loop
      vertex 9.93185 108.518 42.6
      vertex 9.93185 107.482 42.6
      vertex 9.98289 107.739 42.6
    endloop
  endfacet
  facet normal 0 0 1
    outer loop
      vertex 9.84776 108.765 42.6
      vertex 9.93185 107.482 42.6
      vertex 9.93185 108.518 42.6
    endloop
  endfacet
  facet normal 0 0 1
    outer loop
      vertex 9.84776 108.765 42.6
      vertex 9.84776 107.235 42.6
      vertex 9.93185 107.482 42.6
    endloop
  endfacet
  facet normal 0 0 1
    outer loop
      vertex 9.73205 109 42.6
      vertex 9.84776 107.235 42.6
      vertex 9.84776 108.765 42.6
    endloop
  endfacet
  facet normal 0 0 1
    outer loop
      vertex 9.73205 109 42.6
      vertex 9.73205 107 42.6
      vertex 9.84776 107.235 42.6
    endloop
  endfacet
  facet normal 0 0 1
    outer loop
      vertex 9.58671 109.218 42.6
      vertex 9.73205 107 42.6
      vertex 9.73205 109 42.6
    endloop
  endfacet
  facet normal 0 0 1
    outer loop
      vertex 9.58671 109.218 42.6
      vertex 9.58671 106.782 42.6
      vertex 9.73205 107 42.6
    endloop
  endfacet
  facet normal 0 0 1
    outer loop
      vertex 9.41421 109.414 42.6
      vertex 9.58671 106.782 42.6
      vertex 9.58671 109.218 42.6
    endloop
  endfacet
  facet normal 0 0 1
    outer loop
      vertex 9.41421 109.414 42.6
      vertex 9.41421 106.586 42.6
      vertex 9.58671 106.782 42.6
    endloop
  endfacet
  facet normal 0 0 1
    outer loop
      vertex 9.21752 109.587 42.6
      vertex 9.41421 106.586 42.6
      vertex 9.41421 109.414 42.6
    endloop
  endfacet
  facet normal 0 0 1
    outer loop
      vertex 9.21752 109.587 42.6
      vertex 9.21752 106.413 42.6
      vertex 9.41421 106.586 42.6
    endloop
  endfacet
  facet normal 0 0 1
    outer loop
      vertex 9 109.732 42.6
      vertex 9.21752 106.413 42.6
      vertex 9.21752 109.587 42.6
    endloop
  endfacet
  facet normal 0 0 1
    outer loop
      vertex 9 109.732 42.6
      vertex 9 106.268 42.6
      vertex 9.21752 106.413 42.6
    endloop
  endfacet
  facet normal 0 0 1
    outer loop
      vertex 8.76537 109.848 42.6
      vertex 9 106.268 42.6
      vertex 9 109.732 42.6
    endloop
  endfacet
  facet normal 0 0 1
    outer loop
      vertex 8.76537 109.848 42.6
      vertex 8.76537 106.152 42.6
      vertex 9 106.268 42.6
    endloop
  endfacet
  facet normal 0 0 1
    outer loop
      vertex 8.51764 109.932 42.6
      vertex 8.76537 106.152 42.6
      vertex 8.76537 109.848 42.6
    endloop
  endfacet
  facet normal 0 0 1
    outer loop
      vertex 8.51764 109.932 42.6
      vertex 8.51764 106.068 42.6
      vertex 8.76537 106.152 42.6
    endloop
  endfacet
  facet normal 0 0 1
    outer loop
      vertex 8.26105 109.983 42.6
      vertex 8.51764 106.068 42.6
      vertex 8.51764 109.932 42.6
    endloop
  endfacet
  facet normal 0 0 1
    outer loop
      vertex 8.26105 109.983 42.6
      vertex 8.26105 106.017 42.6
      vertex 8.51764 106.068 42.6
    endloop
  endfacet
  facet normal 0 0 1
    outer loop
      vertex 8 110 42.6
      vertex 8.26105 106.017 42.6
      vertex 8.26105 109.983 42.6
    endloop
  endfacet
  facet normal 0 0 1
    outer loop
      vertex 8 110 42.6
      vertex 8 106 42.6
      vertex 8.26105 106.017 42.6
    endloop
  endfacet
  facet normal -0 0 1
    outer loop
      vertex 7.73895 109.983 42.6
      vertex 8 106 42.6
      vertex 8 110 42.6
    endloop
  endfacet
  facet normal 0 0 1
    outer loop
      vertex 7.73895 109.983 42.6
      vertex 7.73895 106.017 42.6
      vertex 8 106 42.6
    endloop
  endfacet
  facet normal -0 0 1
    outer loop
      vertex 7.48236 109.932 42.6
      vertex 7.73895 106.017 42.6
      vertex 7.73895 109.983 42.6
    endloop
  endfacet
  facet normal 0 0 1
    outer loop
      vertex 7.48236 109.932 42.6
      vertex 7.48236 106.068 42.6
      vertex 7.73895 106.017 42.6
    endloop
  endfacet
  facet normal -0 0 1
    outer loop
      vertex 7.23463 109.848 42.6
      vertex 7.48236 106.068 42.6
      vertex 7.48236 109.932 42.6
    endloop
  endfacet
  facet normal 0 0 1
    outer loop
      vertex 7.23463 109.848 42.6
      vertex 7.23463 106.152 42.6
      vertex 7.48236 106.068 42.6
    endloop
  endfacet
  facet normal -0 0 1
    outer loop
      vertex 7 109.732 42.6
      vertex 7.23463 106.152 42.6
      vertex 7.23463 109.848 42.6
    endloop
  endfacet
  facet normal 0 0 1
    outer loop
      vertex 7 109.732 42.6
      vertex 7 106.268 42.6
      vertex 7.23463 106.152 42.6
    endloop
  endfacet
  facet normal -0 0 1
    outer loop
      vertex 6.78248 109.587 42.6
      vertex 7 106.268 42.6
      vertex 7 109.732 42.6
    endloop
  endfacet
  facet normal 0 0 1
    outer loop
      vertex 6.78248 109.587 42.6
      vertex 6.78248 106.413 42.6
      vertex 7 106.268 42.6
    endloop
  endfacet
  facet normal -0 0 1
    outer loop
      vertex 6.58579 109.414 42.6
      vertex 6.78248 106.413 42.6
      vertex 6.78248 109.587 42.6
    endloop
  endfacet
  facet normal 0 0 1
    outer loop
      vertex 6.58579 109.414 42.6
      vertex 6.58579 106.586 42.6
      vertex 6.78248 106.413 42.6
    endloop
  endfacet
  facet normal -0 0 1
    outer loop
      vertex 6.41329 109.218 42.6
      vertex 6.58579 106.586 42.6
      vertex 6.58579 109.414 42.6
    endloop
  endfacet
  facet normal 0 0 1
    outer loop
      vertex 6.41329 109.218 42.6
      vertex 6.41329 106.782 42.6
      vertex 6.58579 106.586 42.6
    endloop
  endfacet
  facet normal -0 0 1
    outer loop
      vertex 6.26795 109 42.6
      vertex 6.41329 106.782 42.6
      vertex 6.41329 109.218 42.6
    endloop
  endfacet
  facet normal 0 0 1
    outer loop
      vertex 6.26795 109 42.6
      vertex 6.26795 107 42.6
      vertex 6.41329 106.782 42.6
    endloop
  endfacet
  facet normal -0 0 1
    outer loop
      vertex 6.15224 108.765 42.6
      vertex 6.26795 107 42.6
      vertex 6.26795 109 42.6
    endloop
  endfacet
  facet normal 0 0 1
    outer loop
      vertex 6.15224 108.765 42.6
      vertex 6.15224 107.235 42.6
      vertex 6.26795 107 42.6
    endloop
  endfacet
  facet normal -0 0 1
    outer loop
      vertex 6.06815 108.518 42.6
      vertex 6.15224 107.235 42.6
      vertex 6.15224 108.765 42.6
    endloop
  endfacet
  facet normal 0 0 1
    outer loop
      vertex 6.06815 108.518 42.6
      vertex 6.06815 107.482 42.6
      vertex 6.15224 107.235 42.6
    endloop
  endfacet
  facet normal -0 0 1
    outer loop
      vertex 6.01711 108.261 42.6
      vertex 6.06815 107.482 42.6
      vertex 6.06815 108.518 42.6
    endloop
  endfacet
  facet normal 0 0 1
    outer loop
      vertex 6.01711 108.261 42.6
      vertex 6.01711 107.739 42.6
      vertex 6.06815 107.482 42.6
    endloop
  endfacet
  facet normal 0 -0 1
    outer loop
      vertex 6.01711 107.739 42.6
      vertex 6.01711 108.261 42.6
      vertex 6 108 42.6
    endloop
  endfacet
  facet normal 0.980732 0.195358 0
    outer loop
      vertex 162.462 8.58737 48.6
      vertex 162.347 9.16469 3
      vertex 162.347 9.16469 48.6
    endloop
  endfacet
  facet normal 0.980732 0.195358 0
    outer loop
      vertex 162.347 9.16469 3
      vertex 162.462 8.58737 48.6
      vertex 162.462 8.58737 3
    endloop
  endfacet
  facet normal 0.997914 0.0645602 0
    outer loop
      vertex 162.5 8 48.6
      vertex 162.462 8.58737 3
      vertex 162.462 8.58737 48.6
    endloop
  endfacet
  facet normal 0.997914 0.0645602 0
    outer loop
      vertex 162.462 8.58737 3
      vertex 162.5 8 48.6
      vertex 162.5 8 3
    endloop
  endfacet
  facet normal 0.980732 -0.195358 0
    outer loop
      vertex 162.347 6.83531 48.6
      vertex 162.462 7.41263 3
      vertex 162.462 7.41263 48.6
    endloop
  endfacet
  facet normal 0.980732 -0.195358 0
    outer loop
      vertex 162.462 7.41263 3
      vertex 162.347 6.83531 48.6
      vertex 162.347 6.83531 3
    endloop
  endfacet
  facet normal -0.751929 -0.659244 0
    outer loop
      vertex 154.818 4.81802 3
      vertex 154.43 5.26057 48.6
      vertex 154.43 5.26057 3
    endloop
  endfacet
  facet normal -0.751929 -0.659244 0
    outer loop
      vertex 154.43 5.26057 48.6
      vertex 154.818 4.81802 3
      vertex 154.818 4.81802 48.6
    endloop
  endfacet
  facet normal 0.658971 -0.752168 0
    outer loop
      vertex 160.739 4.42991 3
      vertex 161.182 4.81802 48.6
      vertex 160.739 4.42991 48.6
    endloop
  endfacet
  facet normal 0.658971 -0.752168 0
    outer loop
      vertex 161.182 4.81802 48.6
      vertex 160.739 4.42991 3
      vertex 161.182 4.81802 3
    endloop
  endfacet
  facet normal 0.831475 0.555562 0
    outer loop
      vertex 161.897 10.25 48.6
      vertex 161.57 10.7394 3
      vertex 161.57 10.7394 48.6
    endloop
  endfacet
  facet normal 0.831475 0.555562 0
    outer loop
      vertex 161.57 10.7394 3
      vertex 161.897 10.25 48.6
      vertex 161.897 10.25 3
    endloop
  endfacet
  facet normal 0.555877 0.831265 -0
    outer loop
      vertex 160.739 11.5701 3
      vertex 160.25 11.8971 48.6
      vertex 160.739 11.5701 48.6
    endloop
  endfacet
  facet normal 0.555877 0.831265 0
    outer loop
      vertex 160.25 11.8971 48.6
      vertex 160.739 11.5701 3
      vertex 160.25 11.8971 3
    endloop
  endfacet
  facet normal 0.897106 -0.441815 0
    outer loop
      vertex 161.897 5.75 48.6
      vertex 162.157 6.27793 3
      vertex 162.157 6.27793 48.6
    endloop
  endfacet
  facet normal 0.897106 -0.441815 0
    outer loop
      vertex 162.157 6.27793 3
      vertex 161.897 5.75 48.6
      vertex 161.897 5.75 3
    endloop
  endfacet
  facet normal 0.997914 -0.0645602 0
    outer loop
      vertex 162.462 7.41263 48.6
      vertex 162.5 8 3
      vertex 162.5 8 48.6
    endloop
  endfacet
  facet normal 0.997914 -0.0645602 0
    outer loop
      vertex 162.5 8 3
      vertex 162.462 7.41263 48.6
      vertex 162.462 7.41263 3
    endloop
  endfacet
  facet normal 0.321628 0.946866 -0
    outer loop
      vertex 159.722 12.1575 3
      vertex 159.165 12.3467 48.6
      vertex 159.722 12.1575 48.6
    endloop
  endfacet
  facet normal 0.321628 0.946866 0
    outer loop
      vertex 159.165 12.3467 48.6
      vertex 159.722 12.1575 3
      vertex 159.165 12.3467 3
    endloop
  endfacet
  facet normal -0.897106 0.441815 0
    outer loop
      vertex 153.843 9.72207 11
      vertex 154.103 10.25 48.6
      vertex 154.103 10.25 11
    endloop
  endfacet
  facet normal -0.897106 0.441815 0
    outer loop
      vertex 154.103 10.25 48.6
      vertex 153.843 9.72207 11
      vertex 153.843 9.72207 48.6
    endloop
  endfacet
  facet normal -0.658961 0.752177 0
    outer loop
      vertex 155.261 11.5701 3
      vertex 154.818 11.182 48.6
      vertex 155.261 11.5701 48.6
    endloop
  endfacet
  facet normal -0.658961 0.752177 0
    outer loop
      vertex 154.818 11.182 48.6
      vertex 155.261 11.5701 3
      vertex 154.818 11.182 3
    endloop
  endfacet
  facet normal 0.321644 -0.946861 0
    outer loop
      vertex 159.165 3.65333 3
      vertex 159.722 3.84254 48.6
      vertex 159.165 3.65333 48.6
    endloop
  endfacet
  facet normal 0.321644 -0.946861 0
    outer loop
      vertex 159.722 3.84254 48.6
      vertex 159.165 3.65333 3
      vertex 159.722 3.84254 3
    endloop
  endfacet
  facet normal -0.998494 -0.0548548 0
    outer loop
      vertex 153.534 7.48544 3
      vertex 153.538 7.41263 3
      vertex 153.534 7.48544 11
    endloop
  endfacet
  facet normal -0.997824 -0.0659321 0
    outer loop
      vertex 153.534 7.48544 11
      vertex 153.5 8 48.6
      vertex 153.5 8 11
    endloop
  endfacet
  facet normal -0.997914 -0.0645602 -1.88557e-05
    outer loop
      vertex 153.534 7.48544 11
      vertex 153.538 7.41263 48.6
      vertex 153.5 8 48.6
    endloop
  endfacet
  facet normal -0.998494 -0.0548548 -0
    outer loop
      vertex 153.538 7.41263 48.6
      vertex 153.534 7.48544 11
      vertex 153.538 7.41263 3
    endloop
  endfacet
  facet normal -0.321628 0.946866 0
    outer loop
      vertex 156.835 12.3467 3
      vertex 156.278 12.1575 48.6
      vertex 156.835 12.3467 48.6
    endloop
  endfacet
  facet normal -0.321628 0.946866 0
    outer loop
      vertex 156.278 12.1575 48.6
      vertex 156.835 12.3467 3
      vertex 156.278 12.1575 3
    endloop
  endfacet
  facet normal -0.831491 -0.555539 0
    outer loop
      vertex 154.43 5.26057 3
      vertex 154.103 5.75 48.6
      vertex 154.103 5.75 3
    endloop
  endfacet
  facet normal -0.831491 -0.555539 0
    outer loop
      vertex 154.103 5.75 48.6
      vertex 154.43 5.26057 3
      vertex 154.43 5.26057 48.6
    endloop
  endfacet
  facet normal -0.555877 0.831265 0
    outer loop
      vertex 155.75 11.8971 3
      vertex 155.261 11.5701 48.6
      vertex 155.75 11.8971 48.6
    endloop
  endfacet
  facet normal -0.555877 0.831265 0
    outer loop
      vertex 155.261 11.5701 48.6
      vertex 155.75 11.8971 3
      vertex 155.261 11.5701 3
    endloop
  endfacet
  facet normal -0.831475 0.555562 0
    outer loop
      vertex 154.103 10.25 11
      vertex 154.43 10.7394 48.6
      vertex 154.43 10.7394 11
    endloop
  endfacet
  facet normal -0.831475 0.555562 0
    outer loop
      vertex 154.43 10.7394 48.6
      vertex 154.103 10.25 11
      vertex 154.103 10.25 48.6
    endloop
  endfacet
  facet normal -0.997914 0.0645602 0
    outer loop
      vertex 153.5 8 11
      vertex 153.538 8.58737 48.6
      vertex 153.538 8.58737 11
    endloop
  endfacet
  facet normal -0.997914 0.0645602 0
    outer loop
      vertex 153.538 8.58737 48.6
      vertex 153.5 8 11
      vertex 153.5 8 48.6
    endloop
  endfacet
  facet normal -0.19486 -0.980831 0
    outer loop
      vertex 156.835 3.65333 3
      vertex 157.413 3.5385 48.6
      vertex 156.835 3.65333 48.6
    endloop
  endfacet
  facet normal -0.19486 -0.980831 -0
    outer loop
      vertex 157.413 3.5385 48.6
      vertex 156.835 3.65333 3
      vertex 157.413 3.5385 3
    endloop
  endfacet
  facet normal 0.194811 0.980841 -0
    outer loop
      vertex 159.165 12.3467 3
      vertex 158.587 12.4615 48.6
      vertex 159.165 12.3467 48.6
    endloop
  endfacet
  facet normal 0.194811 0.980841 0
    outer loop
      vertex 158.587 12.4615 48.6
      vertex 159.165 12.3467 3
      vertex 158.587 12.4615 3
    endloop
  endfacet
  facet normal -0.442315 0.89686 0
    outer loop
      vertex 156.278 12.1575 3
      vertex 155.75 11.8971 48.6
      vertex 156.278 12.1575 48.6
    endloop
  endfacet
  facet normal -0.442315 0.89686 0
    outer loop
      vertex 155.75 11.8971 48.6
      vertex 156.278 12.1575 3
      vertex 155.75 11.8971 3
    endloop
  endfacet
  facet normal 0.0654471 -0.997856 0
    outer loop
      vertex 158 3.5 3
      vertex 158.587 3.5385 48.6
      vertex 158 3.5 48.6
    endloop
  endfacet
  facet normal 0.0654471 -0.997856 0
    outer loop
      vertex 158.587 3.5385 48.6
      vertex 158 3.5 3
      vertex 158.587 3.5385 3
    endloop
  endfacet
  facet normal 0.946518 0.32265 0
    outer loop
      vertex 162.347 9.16469 48.6
      vertex 162.157 9.72207 3
      vertex 162.157 9.72207 48.6
    endloop
  endfacet
  facet normal 0.946518 0.32265 0
    outer loop
      vertex 162.157 9.72207 3
      vertex 162.347 9.16469 48.6
      vertex 162.347 9.16469 3
    endloop
  endfacet
  facet normal -0.946518 -0.32265 0
    outer loop
      vertex 153.843 6.27793 3
      vertex 153.653 6.83531 48.6
      vertex 153.653 6.83531 3
    endloop
  endfacet
  facet normal -0.946518 -0.32265 0
    outer loop
      vertex 153.653 6.83531 48.6
      vertex 153.843 6.27793 3
      vertex 153.843 6.27793 48.6
    endloop
  endfacet
  facet normal 0.946518 -0.32265 0
    outer loop
      vertex 162.157 6.27793 48.6
      vertex 162.347 6.83531 3
      vertex 162.347 6.83531 48.6
    endloop
  endfacet
  facet normal 0.946518 -0.32265 0
    outer loop
      vertex 162.347 6.83531 3
      vertex 162.157 6.27793 48.6
      vertex 162.157 6.27793 3
    endloop
  endfacet
  facet normal 0.442315 0.89686 -0
    outer loop
      vertex 160.25 11.8971 3
      vertex 159.722 12.1575 48.6
      vertex 160.25 11.8971 48.6
    endloop
  endfacet
  facet normal 0.442315 0.89686 0
    outer loop
      vertex 159.722 12.1575 48.6
      vertex 160.25 11.8971 3
      vertex 159.722 12.1575 3
    endloop
  endfacet
  facet normal -0.194811 0.980841 0
    outer loop
      vertex 157.413 12.4615 3
      vertex 156.835 12.3467 48.6
      vertex 157.413 12.4615 48.6
    endloop
  endfacet
  facet normal -0.194811 0.980841 0
    outer loop
      vertex 156.835 12.3467 48.6
      vertex 157.413 12.4615 3
      vertex 156.835 12.3467 3
    endloop
  endfacet
  facet normal 0.751966 0.659202 0
    outer loop
      vertex 161.57 10.7394 48.6
      vertex 161.182 11.182 3
      vertex 161.182 11.182 48.6
    endloop
  endfacet
  facet normal 0.751966 0.659202 0
    outer loop
      vertex 161.182 11.182 3
      vertex 161.57 10.7394 48.6
      vertex 161.57 10.7394 3
    endloop
  endfacet
  facet normal 0.751929 -0.659244 0
    outer loop
      vertex 161.182 4.81802 48.6
      vertex 161.57 5.26057 3
      vertex 161.57 5.26057 48.6
    endloop
  endfacet
  facet normal 0.751929 -0.659244 0
    outer loop
      vertex 161.57 5.26057 3
      vertex 161.182 4.81802 48.6
      vertex 161.182 4.81802 3
    endloop
  endfacet
  facet normal -0.751041 0.660256 0
    outer loop
      vertex 154.706 11.0546 11
      vertex 154.818 11.182 3
      vertex 154.706 11.0546 3
    endloop
  endfacet
  facet normal -0.751041 0.660256 0
    outer loop
      vertex 154.818 11.182 3
      vertex 154.706 11.0546 11
      vertex 154.818 11.182 48.6
    endloop
  endfacet
  facet normal -0.75234 0.658775 8.88727e-06
    outer loop
      vertex 154.43 10.7394 11
      vertex 154.818 11.182 48.6
      vertex 154.706 11.0546 11
    endloop
  endfacet
  facet normal -0.751966 0.659202 0
    outer loop
      vertex 154.818 11.182 48.6
      vertex 154.43 10.7394 11
      vertex 154.43 10.7394 48.6
    endloop
  endfacet
  facet normal 0 0 1
    outer loop
      vertex 160 8 48.6
      vertex 162.5 8 48.6
      vertex 162.462 8.58737 48.6
    endloop
  endfacet
  facet normal 0 0 1
    outer loop
      vertex 159.983 8.26105 48.6
      vertex 162.462 8.58737 48.6
      vertex 162.347 9.16469 48.6
    endloop
  endfacet
  facet normal 0 0 1
    outer loop
      vertex 162.5 8 48.6
      vertex 160 8 48.6
      vertex 162.462 7.41263 48.6
    endloop
  endfacet
  facet normal 0 0 1
    outer loop
      vertex 159.932 8.51764 48.6
      vertex 162.347 9.16469 48.6
      vertex 162.157 9.72207 48.6
    endloop
  endfacet
  facet normal -0 0 1
    outer loop
      vertex 159.983 7.73895 48.6
      vertex 162.462 7.41263 48.6
      vertex 160 8 48.6
    endloop
  endfacet
  facet normal 0 0 1
    outer loop
      vertex 159.848 8.76537 48.6
      vertex 162.157 9.72207 48.6
      vertex 161.897 10.25 48.6
    endloop
  endfacet
  facet normal 0 0 1
    outer loop
      vertex 162.462 7.41263 48.6
      vertex 159.983 7.73895 48.6
      vertex 162.347 6.83531 48.6
    endloop
  endfacet
  facet normal 0 0 1
    outer loop
      vertex 159.732 9 48.6
      vertex 161.897 10.25 48.6
      vertex 161.57 10.7394 48.6
    endloop
  endfacet
  facet normal -0 0 1
    outer loop
      vertex 159.932 7.48236 48.6
      vertex 162.347 6.83531 48.6
      vertex 159.983 7.73895 48.6
    endloop
  endfacet
  facet normal 0 0 1
    outer loop
      vertex 159.587 9.21752 48.6
      vertex 161.57 10.7394 48.6
      vertex 161.182 11.182 48.6
    endloop
  endfacet
  facet normal 0 0 1
    outer loop
      vertex 162.347 6.83531 48.6
      vertex 159.932 7.48236 48.6
      vertex 162.157 6.27793 48.6
    endloop
  endfacet
  facet normal 0 0 1
    outer loop
      vertex 159.414 9.41421 48.6
      vertex 161.182 11.182 48.6
      vertex 160.739 11.5701 48.6
    endloop
  endfacet
  facet normal -0 0 1
    outer loop
      vertex 159.848 7.23463 48.6
      vertex 162.157 6.27793 48.6
      vertex 159.932 7.48236 48.6
    endloop
  endfacet
  facet normal 0 0 1
    outer loop
      vertex 159.218 9.58671 48.6
      vertex 160.739 11.5701 48.6
      vertex 160.25 11.8971 48.6
    endloop
  endfacet
  facet normal 0 0 1
    outer loop
      vertex 162.157 6.27793 48.6
      vertex 159.848 7.23463 48.6
      vertex 161.897 5.75 48.6
    endloop
  endfacet
  facet normal -0 0 1
    outer loop
      vertex 159.732 7 48.6
      vertex 161.897 5.75 48.6
      vertex 159.848 7.23463 48.6
    endloop
  endfacet
  facet normal 0 0 1
    outer loop
      vertex 162.462 8.58737 48.6
      vertex 159.983 8.26105 48.6
      vertex 160 8 48.6
    endloop
  endfacet
  facet normal 0 0 1
    outer loop
      vertex 162.347 9.16469 48.6
      vertex 159.932 8.51764 48.6
      vertex 159.983 8.26105 48.6
    endloop
  endfacet
  facet normal 0 0 1
    outer loop
      vertex 162.157 9.72207 48.6
      vertex 159.848 8.76537 48.6
      vertex 159.932 8.51764 48.6
    endloop
  endfacet
  facet normal 0 0 1
    outer loop
      vertex 161.897 10.25 48.6
      vertex 159.732 9 48.6
      vertex 159.848 8.76537 48.6
    endloop
  endfacet
  facet normal 0 0 1
    outer loop
      vertex 159 9.73205 48.6
      vertex 160.25 11.8971 48.6
      vertex 159.722 12.1575 48.6
    endloop
  endfacet
  facet normal 0 0 1
    outer loop
      vertex 161.57 10.7394 48.6
      vertex 159.587 9.21752 48.6
      vertex 159.732 9 48.6
    endloop
  endfacet
  facet normal 0 0 1
    outer loop
      vertex 161.182 11.182 48.6
      vertex 159.414 9.41421 48.6
      vertex 159.587 9.21752 48.6
    endloop
  endfacet
  facet normal 0 0 1
    outer loop
      vertex 160.739 11.5701 48.6
      vertex 159.218 9.58671 48.6
      vertex 159.414 9.41421 48.6
    endloop
  endfacet
  facet normal 0 0 1
    outer loop
      vertex 158.765 9.84776 48.6
      vertex 159.722 12.1575 48.6
      vertex 159.165 12.3467 48.6
    endloop
  endfacet
  facet normal 0 0 1
    outer loop
      vertex 160.25 11.8971 48.6
      vertex 159 9.73205 48.6
      vertex 159.218 9.58671 48.6
    endloop
  endfacet
  facet normal 0 0 1
    outer loop
      vertex 159.722 12.1575 48.6
      vertex 158.765 9.84776 48.6
      vertex 159 9.73205 48.6
    endloop
  endfacet
  facet normal 0 0 1
    outer loop
      vertex 158.518 9.93185 48.6
      vertex 159.165 12.3467 48.6
      vertex 158.587 12.4615 48.6
    endloop
  endfacet
  facet normal 0 0 1
    outer loop
      vertex 159.165 12.3467 48.6
      vertex 158.518 9.93185 48.6
      vertex 158.765 9.84776 48.6
    endloop
  endfacet
  facet normal 0 0 1
    outer loop
      vertex 158.587 12.4615 48.6
      vertex 158.261 9.98289 48.6
      vertex 158.518 9.93185 48.6
    endloop
  endfacet
  facet normal 0 0 1
    outer loop
      vertex 158 12.5 48.6
      vertex 158.261 9.98289 48.6
      vertex 158.587 12.4615 48.6
    endloop
  endfacet
  facet normal 0 0 1
    outer loop
      vertex 158 12.5 48.6
      vertex 158 10 48.6
      vertex 158.261 9.98289 48.6
    endloop
  endfacet
  facet normal 0 0 1
    outer loop
      vertex 158 12.5 48.6
      vertex 157.739 9.98289 48.6
      vertex 158 10 48.6
    endloop
  endfacet
  facet normal -0 0 1
    outer loop
      vertex 157.413 12.4615 48.6
      vertex 157.739 9.98289 48.6
      vertex 158 12.5 48.6
    endloop
  endfacet
  facet normal 0 0 1
    outer loop
      vertex 157.739 9.98289 48.6
      vertex 157.413 12.4615 48.6
      vertex 157.482 9.93185 48.6
    endloop
  endfacet
  facet normal -0 0 1
    outer loop
      vertex 156.835 12.3467 48.6
      vertex 157.482 9.93185 48.6
      vertex 157.413 12.4615 48.6
    endloop
  endfacet
  facet normal 0 0 1
    outer loop
      vertex 157.482 9.93185 48.6
      vertex 156.835 12.3467 48.6
      vertex 157.235 9.84776 48.6
    endloop
  endfacet
  facet normal -0 0 1
    outer loop
      vertex 156.278 12.1575 48.6
      vertex 157.235 9.84776 48.6
      vertex 156.835 12.3467 48.6
    endloop
  endfacet
  facet normal 0 0 1
    outer loop
      vertex 157.235 9.84776 48.6
      vertex 156.278 12.1575 48.6
      vertex 157 9.73205 48.6
    endloop
  endfacet
  facet normal -0 0 1
    outer loop
      vertex 155.75 11.8971 48.6
      vertex 157 9.73205 48.6
      vertex 156.278 12.1575 48.6
    endloop
  endfacet
  facet normal 0 0 1
    outer loop
      vertex 157 9.73205 48.6
      vertex 155.75 11.8971 48.6
      vertex 156.782 9.58671 48.6
    endloop
  endfacet
  facet normal -0 0 1
    outer loop
      vertex 155.261 11.5701 48.6
      vertex 156.782 9.58671 48.6
      vertex 155.75 11.8971 48.6
    endloop
  endfacet
  facet normal 0 0 1
    outer loop
      vertex 156.782 9.58671 48.6
      vertex 155.261 11.5701 48.6
      vertex 156.586 9.41421 48.6
    endloop
  endfacet
  facet normal -0 0 1
    outer loop
      vertex 154.818 11.182 48.6
      vertex 156.586 9.41421 48.6
      vertex 155.261 11.5701 48.6
    endloop
  endfacet
  facet normal 0 0 1
    outer loop
      vertex 156.586 9.41421 48.6
      vertex 154.818 11.182 48.6
      vertex 156.413 9.21752 48.6
    endloop
  endfacet
  facet normal -0 0 1
    outer loop
      vertex 154.43 10.7394 48.6
      vertex 156.413 9.21752 48.6
      vertex 154.818 11.182 48.6
    endloop
  endfacet
  facet normal -0 0 1
    outer loop
      vertex 154.103 10.25 48.6
      vertex 156.268 9 48.6
      vertex 154.43 10.7394 48.6
    endloop
  endfacet
  facet normal 0 0 1
    outer loop
      vertex 156.413 9.21752 48.6
      vertex 154.43 10.7394 48.6
      vertex 156.268 9 48.6
    endloop
  endfacet
  facet normal 0 0 1
    outer loop
      vertex 161.897 5.75 48.6
      vertex 159.732 7 48.6
      vertex 161.57 5.26057 48.6
    endloop
  endfacet
  facet normal -0 0 1
    outer loop
      vertex 159.587 6.78248 48.6
      vertex 161.57 5.26057 48.6
      vertex 159.732 7 48.6
    endloop
  endfacet
  facet normal 0 0 1
    outer loop
      vertex 161.57 5.26057 48.6
      vertex 159.587 6.78248 48.6
      vertex 161.182 4.81802 48.6
    endloop
  endfacet
  facet normal -0 0 1
    outer loop
      vertex 159.414 6.58579 48.6
      vertex 161.182 4.81802 48.6
      vertex 159.587 6.78248 48.6
    endloop
  endfacet
  facet normal 0 0 1
    outer loop
      vertex 161.182 4.81802 48.6
      vertex 159.414 6.58579 48.6
      vertex 160.739 4.42991 48.6
    endloop
  endfacet
  facet normal -0 0 1
    outer loop
      vertex 159.218 6.41329 48.6
      vertex 160.739 4.42991 48.6
      vertex 159.414 6.58579 48.6
    endloop
  endfacet
  facet normal 0 0 1
    outer loop
      vertex 160.739 4.42991 48.6
      vertex 159.218 6.41329 48.6
      vertex 160.25 4.10289 48.6
    endloop
  endfacet
  facet normal -0 0 1
    outer loop
      vertex 159 6.26795 48.6
      vertex 160.25 4.10289 48.6
      vertex 159.218 6.41329 48.6
    endloop
  endfacet
  facet normal 0 0 1
    outer loop
      vertex 160.25 4.10289 48.6
      vertex 159 6.26795 48.6
      vertex 159.722 3.84254 48.6
    endloop
  endfacet
  facet normal -0 0 1
    outer loop
      vertex 158.765 6.15224 48.6
      vertex 159.722 3.84254 48.6
      vertex 159 6.26795 48.6
    endloop
  endfacet
  facet normal 0 0 1
    outer loop
      vertex 159.722 3.84254 48.6
      vertex 158.765 6.15224 48.6
      vertex 159.165 3.65333 48.6
    endloop
  endfacet
  facet normal -0 0 1
    outer loop
      vertex 158.518 6.06815 48.6
      vertex 159.165 3.65333 48.6
      vertex 158.765 6.15224 48.6
    endloop
  endfacet
  facet normal 0 0 1
    outer loop
      vertex 159.165 3.65333 48.6
      vertex 158.518 6.06815 48.6
      vertex 158.587 3.5385 48.6
    endloop
  endfacet
  facet normal -0 0 1
    outer loop
      vertex 158.261 6.01711 48.6
      vertex 158.587 3.5385 48.6
      vertex 158.518 6.06815 48.6
    endloop
  endfacet
  facet normal -0 0 1
    outer loop
      vertex 158 6 48.6
      vertex 158.587 3.5385 48.6
      vertex 158.261 6.01711 48.6
    endloop
  endfacet
  facet normal 0 0 1
    outer loop
      vertex 158 6 48.6
      vertex 158 3.5 48.6
      vertex 158.587 3.5385 48.6
    endloop
  endfacet
  facet normal 0 0 1
    outer loop
      vertex 157.739 6.01711 48.6
      vertex 158 3.5 48.6
      vertex 158 6 48.6
    endloop
  endfacet
  facet normal 0 0 1
    outer loop
      vertex 157.413 3.5385 48.6
      vertex 157.739 6.01711 48.6
      vertex 157.482 6.06815 48.6
    endloop
  endfacet
  facet normal 0 0 1
    outer loop
      vertex 157.739 6.01711 48.6
      vertex 157.413 3.5385 48.6
      vertex 158 3.5 48.6
    endloop
  endfacet
  facet normal 0 0 1
    outer loop
      vertex 156.835 3.65333 48.6
      vertex 157.482 6.06815 48.6
      vertex 157.235 6.15224 48.6
    endloop
  endfacet
  facet normal 0 0 1
    outer loop
      vertex 156.278 3.84254 48.6
      vertex 157.235 6.15224 48.6
      vertex 157 6.26795 48.6
    endloop
  endfacet
  facet normal 0 0 1
    outer loop
      vertex 157.482 6.06815 48.6
      vertex 156.835 3.65333 48.6
      vertex 157.413 3.5385 48.6
    endloop
  endfacet
  facet normal 0 0 1
    outer loop
      vertex 155.75 4.10289 48.6
      vertex 157 6.26795 48.6
      vertex 156.782 6.41329 48.6
    endloop
  endfacet
  facet normal 0 0 1
    outer loop
      vertex 155.261 4.42991 48.6
      vertex 156.782 6.41329 48.6
      vertex 156.586 6.58579 48.6
    endloop
  endfacet
  facet normal 0 0 1
    outer loop
      vertex 154.818 4.81802 48.6
      vertex 156.586 6.58579 48.6
      vertex 156.413 6.78248 48.6
    endloop
  endfacet
  facet normal 0 0 1
    outer loop
      vertex 157.235 6.15224 48.6
      vertex 156.278 3.84254 48.6
      vertex 156.835 3.65333 48.6
    endloop
  endfacet
  facet normal 0 0 1
    outer loop
      vertex 154.43 5.26057 48.6
      vertex 156.413 6.78248 48.6
      vertex 156.268 7 48.6
    endloop
  endfacet
  facet normal 0 0 1
    outer loop
      vertex 154.103 5.75 48.6
      vertex 156.268 7 48.6
      vertex 156.152 7.23463 48.6
    endloop
  endfacet
  facet normal 0 0 1
    outer loop
      vertex 153.843 6.27793 48.6
      vertex 156.152 7.23463 48.6
      vertex 156.068 7.48236 48.6
    endloop
  endfacet
  facet normal 0 0 1
    outer loop
      vertex 153.653 6.83531 48.6
      vertex 156.068 7.48236 48.6
      vertex 156.017 7.73895 48.6
    endloop
  endfacet
  facet normal 0 0 1
    outer loop
      vertex 157 6.26795 48.6
      vertex 155.75 4.10289 48.6
      vertex 156.278 3.84254 48.6
    endloop
  endfacet
  facet normal 0 0 1
    outer loop
      vertex 153.538 7.41263 48.6
      vertex 156.017 7.73895 48.6
      vertex 156 8 48.6
    endloop
  endfacet
  facet normal 0 0 1
    outer loop
      vertex 156.268 9 48.6
      vertex 154.103 10.25 48.6
      vertex 156.152 8.76537 48.6
    endloop
  endfacet
  facet normal -0 0 1
    outer loop
      vertex 153.843 9.72207 48.6
      vertex 156.152 8.76537 48.6
      vertex 154.103 10.25 48.6
    endloop
  endfacet
  facet normal 0 0 1
    outer loop
      vertex 156.782 6.41329 48.6
      vertex 155.261 4.42991 48.6
      vertex 155.75 4.10289 48.6
    endloop
  endfacet
  facet normal 0 0 1
    outer loop
      vertex 156.152 8.76537 48.6
      vertex 153.843 9.72207 48.6
      vertex 156.068 8.51764 48.6
    endloop
  endfacet
  facet normal 0 0 1
    outer loop
      vertex 156.586 6.58579 48.6
      vertex 154.818 4.81802 48.6
      vertex 155.261 4.42991 48.6
    endloop
  endfacet
  facet normal -0 0 1
    outer loop
      vertex 153.653 9.16469 48.6
      vertex 156.068 8.51764 48.6
      vertex 153.843 9.72207 48.6
    endloop
  endfacet
  facet normal 0 0 1
    outer loop
      vertex 156.413 6.78248 48.6
      vertex 154.43 5.26057 48.6
      vertex 154.818 4.81802 48.6
    endloop
  endfacet
  facet normal 0 0 1
    outer loop
      vertex 156.068 8.51764 48.6
      vertex 153.653 9.16469 48.6
      vertex 156.017 8.26105 48.6
    endloop
  endfacet
  facet normal 0 0 1
    outer loop
      vertex 156.268 7 48.6
      vertex 154.103 5.75 48.6
      vertex 154.43 5.26057 48.6
    endloop
  endfacet
  facet normal -0 0 1
    outer loop
      vertex 153.538 8.58737 48.6
      vertex 156.017 8.26105 48.6
      vertex 153.653 9.16469 48.6
    endloop
  endfacet
  facet normal 0 0 1
    outer loop
      vertex 156.152 7.23463 48.6
      vertex 153.843 6.27793 48.6
      vertex 154.103 5.75 48.6
    endloop
  endfacet
  facet normal 0 0 1
    outer loop
      vertex 156.017 8.26105 48.6
      vertex 153.538 8.58737 48.6
      vertex 156 8 48.6
    endloop
  endfacet
  facet normal 0 0 1
    outer loop
      vertex 156.068 7.48236 48.6
      vertex 153.653 6.83531 48.6
      vertex 153.843 6.27793 48.6
    endloop
  endfacet
  facet normal 0 0 1
    outer loop
      vertex 153.5 8 48.6
      vertex 156 8 48.6
      vertex 153.538 8.58737 48.6
    endloop
  endfacet
  facet normal 0 0 1
    outer loop
      vertex 156.017 7.73895 48.6
      vertex 153.538 7.41263 48.6
      vertex 153.653 6.83531 48.6
    endloop
  endfacet
  facet normal 0 0 1
    outer loop
      vertex 156 8 48.6
      vertex 153.5 8 48.6
      vertex 153.538 7.41263 48.6
    endloop
  endfacet
  facet normal -0.946518 0.32265 0
    outer loop
      vertex 153.653 9.16469 11
      vertex 153.843 9.72207 48.6
      vertex 153.843 9.72207 11
    endloop
  endfacet
  facet normal -0.946518 0.32265 0
    outer loop
      vertex 153.843 9.72207 48.6
      vertex 153.653 9.16469 11
      vertex 153.653 9.16469 48.6
    endloop
  endfacet
  facet normal 0.19486 -0.980831 0
    outer loop
      vertex 158.587 3.5385 3
      vertex 159.165 3.65333 48.6
      vertex 158.587 3.5385 48.6
    endloop
  endfacet
  facet normal 0.19486 -0.980831 0
    outer loop
      vertex 159.165 3.65333 48.6
      vertex 158.587 3.5385 3
      vertex 159.165 3.65333 3
    endloop
  endfacet
  facet normal 0.442247 -0.896893 0
    outer loop
      vertex 159.722 3.84254 3
      vertex 160.25 4.10289 48.6
      vertex 159.722 3.84254 48.6
    endloop
  endfacet
  facet normal 0.442247 -0.896893 0
    outer loop
      vertex 160.25 4.10289 48.6
      vertex 159.722 3.84254 3
      vertex 160.25 4.10289 3
    endloop
  endfacet
  facet normal 0.658961 0.752177 -0
    outer loop
      vertex 161.182 11.182 3
      vertex 160.739 11.5701 48.6
      vertex 161.182 11.182 48.6
    endloop
  endfacet
  facet normal 0.658961 0.752177 0
    outer loop
      vertex 160.739 11.5701 48.6
      vertex 161.182 11.182 3
      vertex 160.739 11.5701 3
    endloop
  endfacet
  facet normal -0.897106 -0.441815 0
    outer loop
      vertex 154.103 5.75 3
      vertex 153.843 6.27793 48.6
      vertex 153.843 6.27793 3
    endloop
  endfacet
  facet normal -0.897106 -0.441815 0
    outer loop
      vertex 153.843 6.27793 48.6
      vertex 154.103 5.75 3
      vertex 154.103 5.75 48.6
    endloop
  endfacet
  facet normal 0.5559 -0.831249 0
    outer loop
      vertex 160.25 4.10289 3
      vertex 160.739 4.42991 48.6
      vertex 160.25 4.10289 48.6
    endloop
  endfacet
  facet normal 0.5559 -0.831249 0
    outer loop
      vertex 160.739 4.42991 48.6
      vertex 160.25 4.10289 3
      vertex 160.739 4.42991 3
    endloop
  endfacet
  facet normal 0.831491 -0.555539 0
    outer loop
      vertex 161.57 5.26057 48.6
      vertex 161.897 5.75 3
      vertex 161.897 5.75 48.6
    endloop
  endfacet
  facet normal 0.831491 -0.555539 0
    outer loop
      vertex 161.897 5.75 3
      vertex 161.57 5.26057 48.6
      vertex 161.57 5.26057 3
    endloop
  endfacet
  facet normal 0.897106 0.441815 0
    outer loop
      vertex 162.157 9.72207 48.6
      vertex 161.897 10.25 3
      vertex 161.897 10.25 48.6
    endloop
  endfacet
  facet normal 0.897106 0.441815 0
    outer loop
      vertex 161.897 10.25 3
      vertex 162.157 9.72207 48.6
      vertex 162.157 9.72207 3
    endloop
  endfacet
  facet normal 0.0654471 0.997856 -0
    outer loop
      vertex 158.587 12.4615 3
      vertex 158 12.5 48.6
      vertex 158.587 12.4615 48.6
    endloop
  endfacet
  facet normal 0.0654471 0.997856 0
    outer loop
      vertex 158 12.5 48.6
      vertex 158.587 12.4615 3
      vertex 158 12.5 3
    endloop
  endfacet
  facet normal -0.980732 0.195358 0
    outer loop
      vertex 153.538 8.58737 11
      vertex 153.653 9.16469 48.6
      vertex 153.653 9.16469 11
    endloop
  endfacet
  facet normal -0.980732 0.195358 0
    outer loop
      vertex 153.653 9.16469 48.6
      vertex 153.538 8.58737 11
      vertex 153.538 8.58737 48.6
    endloop
  endfacet
  facet normal -0.0654471 0.997856 0
    outer loop
      vertex 158 12.5 3
      vertex 157.413 12.4615 48.6
      vertex 158 12.5 48.6
    endloop
  endfacet
  facet normal -0.0654471 0.997856 0
    outer loop
      vertex 157.413 12.4615 48.6
      vertex 158 12.5 3
      vertex 157.413 12.4615 3
    endloop
  endfacet
  facet normal -0.658971 -0.752168 0
    outer loop
      vertex 154.818 4.81802 3
      vertex 155.261 4.42991 48.6
      vertex 154.818 4.81802 48.6
    endloop
  endfacet
  facet normal -0.658971 -0.752168 -0
    outer loop
      vertex 155.261 4.42991 48.6
      vertex 154.818 4.81802 3
      vertex 155.261 4.42991 3
    endloop
  endfacet
  facet normal -0.321644 -0.946861 0
    outer loop
      vertex 156.278 3.84254 3
      vertex 156.835 3.65333 48.6
      vertex 156.278 3.84254 48.6
    endloop
  endfacet
  facet normal -0.321644 -0.946861 -0
    outer loop
      vertex 156.835 3.65333 48.6
      vertex 156.278 3.84254 3
      vertex 156.835 3.65333 3
    endloop
  endfacet
  facet normal -0.0654471 -0.997856 0
    outer loop
      vertex 157.413 3.5385 3
      vertex 158 3.5 48.6
      vertex 157.413 3.5385 48.6
    endloop
  endfacet
  facet normal -0.0654471 -0.997856 -0
    outer loop
      vertex 158 3.5 48.6
      vertex 157.413 3.5385 3
      vertex 158 3.5 3
    endloop
  endfacet
  facet normal -0.980732 -0.195358 0
    outer loop
      vertex 153.653 6.83531 3
      vertex 153.538 7.41263 48.6
      vertex 153.538 7.41263 3
    endloop
  endfacet
  facet normal -0.980732 -0.195358 0
    outer loop
      vertex 153.538 7.41263 48.6
      vertex 153.653 6.83531 3
      vertex 153.653 6.83531 48.6
    endloop
  endfacet
  facet normal -0.442247 -0.896893 0
    outer loop
      vertex 155.75 4.10289 3
      vertex 156.278 3.84254 48.6
      vertex 155.75 4.10289 48.6
    endloop
  endfacet
  facet normal -0.442247 -0.896893 -0
    outer loop
      vertex 156.278 3.84254 48.6
      vertex 155.75 4.10289 3
      vertex 156.278 3.84254 3
    endloop
  endfacet
  facet normal -0.5559 -0.831249 0
    outer loop
      vertex 155.261 4.42991 3
      vertex 155.75 4.10289 48.6
      vertex 155.261 4.42991 48.6
    endloop
  endfacet
  facet normal -0.5559 -0.831249 -0
    outer loop
      vertex 155.75 4.10289 48.6
      vertex 155.261 4.42991 3
      vertex 155.75 4.10289 3
    endloop
  endfacet
  facet normal -0.0654151 0.997858 0
    outer loop
      vertex 158.261 6.01711 42.6
      vertex 158 6 48.6
      vertex 158.261 6.01711 48.6
    endloop
  endfacet
  facet normal -0.0654151 0.997858 0
    outer loop
      vertex 158 6 48.6
      vertex 158.261 6.01711 42.6
      vertex 158 6 42.6
    endloop
  endfacet
  facet normal 0.0654151 -0.997858 0
    outer loop
      vertex 157.739 9.98289 42.6
      vertex 158 10 48.6
      vertex 157.739 9.98289 48.6
    endloop
  endfacet
  facet normal 0.0654151 -0.997858 0
    outer loop
      vertex 158 10 48.6
      vertex 157.739 9.98289 42.6
      vertex 158 10 42.6
    endloop
  endfacet
  facet normal 0.441738 -0.897144 0
    outer loop
      vertex 157 9.73205 42.6
      vertex 157.235 9.84776 48.6
      vertex 157 9.73205 48.6
    endloop
  endfacet
  facet normal 0.441738 -0.897144 0
    outer loop
      vertex 157.235 9.84776 48.6
      vertex 157 9.73205 42.6
      vertex 157.235 9.84776 42.6
    endloop
  endfacet
  facet normal -0.980814 -0.194947 0
    outer loop
      vertex 159.983 8.26105 42.6
      vertex 159.932 8.51764 48.6
      vertex 159.932 8.51764 42.6
    endloop
  endfacet
  facet normal -0.980814 -0.194947 0
    outer loop
      vertex 159.932 8.51764 48.6
      vertex 159.983 8.26105 42.6
      vertex 159.983 8.26105 48.6
    endloop
  endfacet
  facet normal -0.322281 -0.946644 0
    outer loop
      vertex 158.518 9.93185 42.6
      vertex 158.765 9.84776 48.6
      vertex 158.518 9.93185 48.6
    endloop
  endfacet
  facet normal -0.322281 -0.946644 -0
    outer loop
      vertex 158.765 9.84776 48.6
      vertex 158.518 9.93185 42.6
      vertex 158.765 9.84776 42.6
    endloop
  endfacet
  facet normal 0.660671 -0.750676 0
    outer loop
      vertex 156.586 9.41421 42.6
      vertex 156.782 9.58671 48.6
      vertex 156.586 9.41421 48.6
    endloop
  endfacet
  facet normal 0.660671 -0.750676 0
    outer loop
      vertex 156.782 9.58671 48.6
      vertex 156.586 9.41421 42.6
      vertex 156.782 9.58671 42.6
    endloop
  endfacet
  facet normal -0.896428 -0.44319 0
    outer loop
      vertex 159.848 8.76537 42.6
      vertex 159.732 9 48.6
      vertex 159.732 9 42.6
    endloop
  endfacet
  facet normal -0.896428 -0.44319 0
    outer loop
      vertex 159.732 9 48.6
      vertex 159.848 8.76537 42.6
      vertex 159.848 8.76537 48.6
    endloop
  endfacet
  facet normal -0.832074 0.554665 0
    outer loop
      vertex 159.587 6.78248 42.6
      vertex 159.732 7 48.6
      vertex 159.732 7 42.6
    endloop
  endfacet
  facet normal -0.832074 0.554665 0
    outer loop
      vertex 159.732 7 48.6
      vertex 159.587 6.78248 42.6
      vertex 159.587 6.78248 48.6
    endloop
  endfacet
  facet normal 0.947038 0.321121 0
    outer loop
      vertex 156.152 7.23463 48.6
      vertex 156.068 7.48236 42.6
      vertex 156.068 7.48236 48.6
    endloop
  endfacet
  facet normal 0.947038 0.321121 0
    outer loop
      vertex 156.068 7.48236 42.6
      vertex 156.152 7.23463 48.6
      vertex 156.152 7.23463 42.6
    endloop
  endfacet
  facet normal 0.660671 0.750676 -0
    outer loop
      vertex 156.782 6.41329 42.6
      vertex 156.586 6.58579 48.6
      vertex 156.782 6.41329 48.6
    endloop
  endfacet
  facet normal 0.660671 0.750676 0
    outer loop
      vertex 156.586 6.58579 48.6
      vertex 156.782 6.41329 42.6
      vertex 156.586 6.58579 42.6
    endloop
  endfacet
  facet normal 0.322281 0.946644 -0
    outer loop
      vertex 157.482 6.06815 42.6
      vertex 157.235 6.15224 48.6
      vertex 157.482 6.06815 48.6
    endloop
  endfacet
  facet normal 0.322281 0.946644 0
    outer loop
      vertex 157.235 6.15224 48.6
      vertex 157.482 6.06815 42.6
      vertex 157.235 6.15224 42.6
    endloop
  endfacet
  facet normal -0.554718 -0.832039 0
    outer loop
      vertex 159 9.73205 42.6
      vertex 159.218 9.58671 48.6
      vertex 159 9.73205 48.6
    endloop
  endfacet
  facet normal -0.554718 -0.832039 -0
    outer loop
      vertex 159.218 9.58671 48.6
      vertex 159 9.73205 42.6
      vertex 159.218 9.58671 42.6
    endloop
  endfacet
  facet normal -0.997886 -0.064984 0
    outer loop
      vertex 160 8 42.6
      vertex 159.983 8.26105 48.6
      vertex 159.983 8.26105 42.6
    endloop
  endfacet
  facet normal -0.997886 -0.064984 0
    outer loop
      vertex 159.983 8.26105 48.6
      vertex 160 8 42.6
      vertex 160 8 48.6
    endloop
  endfacet
  facet normal 0.896428 -0.44319 0
    outer loop
      vertex 156.152 8.76537 48.6
      vertex 156.268 9 42.6
      vertex 156.268 9 48.6
    endloop
  endfacet
  facet normal 0.896428 -0.44319 0
    outer loop
      vertex 156.268 9 42.6
      vertex 156.152 8.76537 48.6
      vertex 156.152 8.76537 42.6
    endloop
  endfacet
  facet normal 0.832074 -0.554665 0
    outer loop
      vertex 156.268 9 48.6
      vertex 156.413 9.21752 42.6
      vertex 156.413 9.21752 48.6
    endloop
  endfacet
  facet normal 0.832074 -0.554665 0
    outer loop
      vertex 156.413 9.21752 42.6
      vertex 156.268 9 48.6
      vertex 156.268 9 42.6
    endloop
  endfacet
  facet normal -0.441738 -0.897144 0
    outer loop
      vertex 158.765 9.84776 42.6
      vertex 159 9.73205 48.6
      vertex 158.765 9.84776 48.6
    endloop
  endfacet
  facet normal -0.441738 -0.897144 -0
    outer loop
      vertex 159 9.73205 48.6
      vertex 158.765 9.84776 42.6
      vertex 159 9.73205 42.6
    endloop
  endfacet
  facet normal 0.322281 -0.946644 0
    outer loop
      vertex 157.235 9.84776 42.6
      vertex 157.482 9.93185 48.6
      vertex 157.235 9.84776 48.6
    endloop
  endfacet
  facet normal 0.322281 -0.946644 0
    outer loop
      vertex 157.482 9.93185 48.6
      vertex 157.235 9.84776 42.6
      vertex 157.482 9.93185 42.6
    endloop
  endfacet
  facet normal -0.896428 0.44319 0
    outer loop
      vertex 159.732 7 42.6
      vertex 159.848 7.23463 48.6
      vertex 159.848 7.23463 42.6
    endloop
  endfacet
  facet normal -0.896428 0.44319 0
    outer loop
      vertex 159.848 7.23463 48.6
      vertex 159.732 7 42.6
      vertex 159.732 7 48.6
    endloop
  endfacet
  facet normal 0.0654151 0.997858 -0
    outer loop
      vertex 158 6 42.6
      vertex 157.739 6.01711 48.6
      vertex 158 6 48.6
    endloop
  endfacet
  facet normal 0.0654151 0.997858 0
    outer loop
      vertex 157.739 6.01711 48.6
      vertex 158 6 42.6
      vertex 157.739 6.01711 42.6
    endloop
  endfacet
  facet normal -0.997886 0.064984 0
    outer loop
      vertex 159.983 7.73895 42.6
      vertex 160 8 48.6
      vertex 160 8 42.6
    endloop
  endfacet
  facet normal -0.997886 0.064984 0
    outer loop
      vertex 160 8 48.6
      vertex 159.983 7.73895 42.6
      vertex 159.983 7.73895 48.6
    endloop
  endfacet
  facet normal 0.194795 -0.980844 0
    outer loop
      vertex 157.482 9.93185 42.6
      vertex 157.739 9.98289 48.6
      vertex 157.482 9.93185 48.6
    endloop
  endfacet
  facet normal 0.194795 -0.980844 0
    outer loop
      vertex 157.739 9.98289 48.6
      vertex 157.482 9.93185 42.6
      vertex 157.739 9.98289 42.6
    endloop
  endfacet
  facet normal -0.750879 -0.66044 0
    outer loop
      vertex 159.587 9.21752 42.6
      vertex 159.414 9.41421 48.6
      vertex 159.414 9.41421 42.6
    endloop
  endfacet
  facet normal -0.750879 -0.66044 0
    outer loop
      vertex 159.414 9.41421 48.6
      vertex 159.587 9.21752 42.6
      vertex 159.587 9.21752 48.6
    endloop
  endfacet
  facet normal 0.980814 0.194947 0
    outer loop
      vertex 156.068 7.48236 48.6
      vertex 156.017 7.73895 42.6
      vertex 156.017 7.73895 48.6
    endloop
  endfacet
  facet normal 0.980814 0.194947 0
    outer loop
      vertex 156.017 7.73895 42.6
      vertex 156.068 7.48236 48.6
      vertex 156.068 7.48236 42.6
    endloop
  endfacet
  facet normal 0.194795 0.980844 -0
    outer loop
      vertex 157.739 6.01711 42.6
      vertex 157.482 6.06815 48.6
      vertex 157.739 6.01711 48.6
    endloop
  endfacet
  facet normal 0.194795 0.980844 0
    outer loop
      vertex 157.482 6.06815 48.6
      vertex 157.739 6.01711 42.6
      vertex 157.482 6.06815 42.6
    endloop
  endfacet
  facet normal -0.832074 -0.554665 0
    outer loop
      vertex 159.732 9 42.6
      vertex 159.587 9.21752 48.6
      vertex 159.587 9.21752 42.6
    endloop
  endfacet
  facet normal -0.832074 -0.554665 0
    outer loop
      vertex 159.587 9.21752 48.6
      vertex 159.732 9 42.6
      vertex 159.732 9 48.6
    endloop
  endfacet
  facet normal -0.660671 -0.750676 0
    outer loop
      vertex 159.218 9.58671 42.6
      vertex 159.414 9.41421 48.6
      vertex 159.218 9.58671 48.6
    endloop
  endfacet
  facet normal -0.660671 -0.750676 -0
    outer loop
      vertex 159.414 9.41421 48.6
      vertex 159.218 9.58671 42.6
      vertex 159.414 9.41421 42.6
    endloop
  endfacet
  facet normal 0.947038 -0.321121 0
    outer loop
      vertex 156.068 8.51764 48.6
      vertex 156.152 8.76537 42.6
      vertex 156.152 8.76537 48.6
    endloop
  endfacet
  facet normal 0.947038 -0.321121 0
    outer loop
      vertex 156.152 8.76537 42.6
      vertex 156.068 8.51764 48.6
      vertex 156.068 8.51764 42.6
    endloop
  endfacet
  facet normal 0.554718 -0.832039 0
    outer loop
      vertex 156.782 9.58671 42.6
      vertex 157 9.73205 48.6
      vertex 156.782 9.58671 48.6
    endloop
  endfacet
  facet normal 0.554718 -0.832039 0
    outer loop
      vertex 157 9.73205 48.6
      vertex 156.782 9.58671 42.6
      vertex 157 9.73205 42.6
    endloop
  endfacet
  facet normal -0.194795 0.980844 0
    outer loop
      vertex 158.518 6.06815 42.6
      vertex 158.261 6.01711 48.6
      vertex 158.518 6.06815 48.6
    endloop
  endfacet
  facet normal -0.194795 0.980844 0
    outer loop
      vertex 158.261 6.01711 48.6
      vertex 158.518 6.06815 42.6
      vertex 158.261 6.01711 42.6
    endloop
  endfacet
  facet normal -0.750879 0.66044 0
    outer loop
      vertex 159.414 6.58579 42.6
      vertex 159.587 6.78248 48.6
      vertex 159.587 6.78248 42.6
    endloop
  endfacet
  facet normal -0.750879 0.66044 0
    outer loop
      vertex 159.587 6.78248 48.6
      vertex 159.414 6.58579 42.6
      vertex 159.414 6.58579 48.6
    endloop
  endfacet
  facet normal -0.660671 0.750676 0
    outer loop
      vertex 159.414 6.58579 42.6
      vertex 159.218 6.41329 48.6
      vertex 159.414 6.58579 48.6
    endloop
  endfacet
  facet normal -0.660671 0.750676 0
    outer loop
      vertex 159.218 6.41329 48.6
      vertex 159.414 6.58579 42.6
      vertex 159.218 6.41329 42.6
    endloop
  endfacet
  facet normal -0.322281 0.946644 0
    outer loop
      vertex 158.765 6.15224 42.6
      vertex 158.518 6.06815 48.6
      vertex 158.765 6.15224 48.6
    endloop
  endfacet
  facet normal -0.322281 0.946644 0
    outer loop
      vertex 158.518 6.06815 48.6
      vertex 158.765 6.15224 42.6
      vertex 158.518 6.06815 42.6
    endloop
  endfacet
  facet normal 0.750879 -0.66044 0
    outer loop
      vertex 156.413 9.21752 48.6
      vertex 156.586 9.41421 42.6
      vertex 156.586 9.41421 48.6
    endloop
  endfacet
  facet normal 0.750879 -0.66044 0
    outer loop
      vertex 156.586 9.41421 42.6
      vertex 156.413 9.21752 48.6
      vertex 156.413 9.21752 42.6
    endloop
  endfacet
  facet normal -0.947038 -0.321121 0
    outer loop
      vertex 159.932 8.51764 42.6
      vertex 159.848 8.76537 48.6
      vertex 159.848 8.76537 42.6
    endloop
  endfacet
  facet normal -0.947038 -0.321121 0
    outer loop
      vertex 159.848 8.76537 48.6
      vertex 159.932 8.51764 42.6
      vertex 159.932 8.51764 48.6
    endloop
  endfacet
  facet normal 0.750879 0.66044 0
    outer loop
      vertex 156.586 6.58579 48.6
      vertex 156.413 6.78248 42.6
      vertex 156.413 6.78248 48.6
    endloop
  endfacet
  facet normal 0.750879 0.66044 0
    outer loop
      vertex 156.413 6.78248 42.6
      vertex 156.586 6.58579 48.6
      vertex 156.586 6.58579 42.6
    endloop
  endfacet
  facet normal 0.997886 -0.064984 0
    outer loop
      vertex 156 8 48.6
      vertex 156.017 8.26105 42.6
      vertex 156.017 8.26105 48.6
    endloop
  endfacet
  facet normal 0.997886 -0.064984 0
    outer loop
      vertex 156.017 8.26105 42.6
      vertex 156 8 48.6
      vertex 156 8 42.6
    endloop
  endfacet
  facet normal 0.980814 -0.194947 0
    outer loop
      vertex 156.017 8.26105 48.6
      vertex 156.068 8.51764 42.6
      vertex 156.068 8.51764 48.6
    endloop
  endfacet
  facet normal 0.980814 -0.194947 0
    outer loop
      vertex 156.068 8.51764 42.6
      vertex 156.017 8.26105 48.6
      vertex 156.017 8.26105 42.6
    endloop
  endfacet
  facet normal -0.554718 0.832039 0
    outer loop
      vertex 159.218 6.41329 42.6
      vertex 159 6.26795 48.6
      vertex 159.218 6.41329 48.6
    endloop
  endfacet
  facet normal -0.554718 0.832039 0
    outer loop
      vertex 159 6.26795 48.6
      vertex 159.218 6.41329 42.6
      vertex 159 6.26795 42.6
    endloop
  endfacet
  facet normal -0.980814 0.194947 0
    outer loop
      vertex 159.932 7.48236 42.6
      vertex 159.983 7.73895 48.6
      vertex 159.983 7.73895 42.6
    endloop
  endfacet
  facet normal -0.980814 0.194947 0
    outer loop
      vertex 159.983 7.73895 48.6
      vertex 159.932 7.48236 42.6
      vertex 159.932 7.48236 48.6
    endloop
  endfacet
  facet normal -0.947038 0.321121 0
    outer loop
      vertex 159.848 7.23463 42.6
      vertex 159.932 7.48236 48.6
      vertex 159.932 7.48236 42.6
    endloop
  endfacet
  facet normal -0.947038 0.321121 0
    outer loop
      vertex 159.932 7.48236 48.6
      vertex 159.848 7.23463 42.6
      vertex 159.848 7.23463 48.6
    endloop
  endfacet
  facet normal -0.441738 0.897144 0
    outer loop
      vertex 159 6.26795 42.6
      vertex 158.765 6.15224 48.6
      vertex 159 6.26795 48.6
    endloop
  endfacet
  facet normal -0.441738 0.897144 0
    outer loop
      vertex 158.765 6.15224 48.6
      vertex 159 6.26795 42.6
      vertex 158.765 6.15224 42.6
    endloop
  endfacet
  facet normal 0.554718 0.832039 -0
    outer loop
      vertex 157 6.26795 42.6
      vertex 156.782 6.41329 48.6
      vertex 157 6.26795 48.6
    endloop
  endfacet
  facet normal 0.554718 0.832039 0
    outer loop
      vertex 156.782 6.41329 48.6
      vertex 157 6.26795 42.6
      vertex 156.782 6.41329 42.6
    endloop
  endfacet
  facet normal 0.896428 0.44319 0
    outer loop
      vertex 156.268 7 48.6
      vertex 156.152 7.23463 42.6
      vertex 156.152 7.23463 48.6
    endloop
  endfacet
  facet normal 0.896428 0.44319 0
    outer loop
      vertex 156.152 7.23463 42.6
      vertex 156.268 7 48.6
      vertex 156.268 7 42.6
    endloop
  endfacet
  facet normal 0.832074 0.554665 0
    outer loop
      vertex 156.413 6.78248 48.6
      vertex 156.268 7 42.6
      vertex 156.268 7 48.6
    endloop
  endfacet
  facet normal 0.832074 0.554665 0
    outer loop
      vertex 156.268 7 42.6
      vertex 156.413 6.78248 48.6
      vertex 156.413 6.78248 42.6
    endloop
  endfacet
  facet normal 0.997886 0.064984 0
    outer loop
      vertex 156.017 7.73895 48.6
      vertex 156 8 42.6
      vertex 156 8 48.6
    endloop
  endfacet
  facet normal 0.997886 0.064984 0
    outer loop
      vertex 156 8 42.6
      vertex 156.017 7.73895 48.6
      vertex 156.017 7.73895 42.6
    endloop
  endfacet
  facet normal -0.194795 -0.980844 0
    outer loop
      vertex 158.261 9.98289 42.6
      vertex 158.518 9.93185 48.6
      vertex 158.261 9.98289 48.6
    endloop
  endfacet
  facet normal -0.194795 -0.980844 -0
    outer loop
      vertex 158.518 9.93185 48.6
      vertex 158.261 9.98289 42.6
      vertex 158.518 9.93185 42.6
    endloop
  endfacet
  facet normal -0.0654151 -0.997858 0
    outer loop
      vertex 158 10 42.6
      vertex 158.261 9.98289 48.6
      vertex 158 10 48.6
    endloop
  endfacet
  facet normal -0.0654151 -0.997858 -0
    outer loop
      vertex 158.261 9.98289 48.6
      vertex 158 10 42.6
      vertex 158.261 9.98289 42.6
    endloop
  endfacet
  facet normal 0.441738 0.897144 -0
    outer loop
      vertex 157.235 6.15224 42.6
      vertex 157 6.26795 48.6
      vertex 157.235 6.15224 48.6
    endloop
  endfacet
  facet normal 0.441738 0.897144 0
    outer loop
      vertex 157 6.26795 48.6
      vertex 157.235 6.15224 42.6
      vertex 157 6.26795 42.6
    endloop
  endfacet
  facet normal 0 0 1
    outer loop
      vertex 159.983 8.26105 42.6
      vertex 159.983 7.73895 42.6
      vertex 160 8 42.6
    endloop
  endfacet
  facet normal 0 0 1
    outer loop
      vertex 159.932 8.51764 42.6
      vertex 159.983 7.73895 42.6
      vertex 159.983 8.26105 42.6
    endloop
  endfacet
  facet normal 0 0 1
    outer loop
      vertex 159.932 8.51764 42.6
      vertex 159.932 7.48236 42.6
      vertex 159.983 7.73895 42.6
    endloop
  endfacet
  facet normal 0 0 1
    outer loop
      vertex 159.848 8.76537 42.6
      vertex 159.932 7.48236 42.6
      vertex 159.932 8.51764 42.6
    endloop
  endfacet
  facet normal 0 0 1
    outer loop
      vertex 159.848 8.76537 42.6
      vertex 159.848 7.23463 42.6
      vertex 159.932 7.48236 42.6
    endloop
  endfacet
  facet normal 0 0 1
    outer loop
      vertex 159.732 9 42.6
      vertex 159.848 7.23463 42.6
      vertex 159.848 8.76537 42.6
    endloop
  endfacet
  facet normal 0 0 1
    outer loop
      vertex 159.732 9 42.6
      vertex 159.732 7 42.6
      vertex 159.848 7.23463 42.6
    endloop
  endfacet
  facet normal 0 0 1
    outer loop
      vertex 159.587 9.21752 42.6
      vertex 159.732 7 42.6
      vertex 159.732 9 42.6
    endloop
  endfacet
  facet normal 0 0 1
    outer loop
      vertex 159.587 9.21752 42.6
      vertex 159.587 6.78248 42.6
      vertex 159.732 7 42.6
    endloop
  endfacet
  facet normal 0 0 1
    outer loop
      vertex 159.414 9.41421 42.6
      vertex 159.587 6.78248 42.6
      vertex 159.587 9.21752 42.6
    endloop
  endfacet
  facet normal 0 0 1
    outer loop
      vertex 159.414 9.41421 42.6
      vertex 159.414 6.58579 42.6
      vertex 159.587 6.78248 42.6
    endloop
  endfacet
  facet normal 0 0 1
    outer loop
      vertex 159.218 9.58671 42.6
      vertex 159.414 6.58579 42.6
      vertex 159.414 9.41421 42.6
    endloop
  endfacet
  facet normal 0 0 1
    outer loop
      vertex 159.218 9.58671 42.6
      vertex 159.218 6.41329 42.6
      vertex 159.414 6.58579 42.6
    endloop
  endfacet
  facet normal 0 0 1
    outer loop
      vertex 159 9.73205 42.6
      vertex 159.218 6.41329 42.6
      vertex 159.218 9.58671 42.6
    endloop
  endfacet
  facet normal 0 0 1
    outer loop
      vertex 159 9.73205 42.6
      vertex 159 6.26795 42.6
      vertex 159.218 6.41329 42.6
    endloop
  endfacet
  facet normal 0 0 1
    outer loop
      vertex 158.765 9.84776 42.6
      vertex 159 6.26795 42.6
      vertex 159 9.73205 42.6
    endloop
  endfacet
  facet normal 0 0 1
    outer loop
      vertex 158.765 9.84776 42.6
      vertex 158.765 6.15224 42.6
      vertex 159 6.26795 42.6
    endloop
  endfacet
  facet normal 0 0 1
    outer loop
      vertex 158.518 9.93185 42.6
      vertex 158.765 6.15224 42.6
      vertex 158.765 9.84776 42.6
    endloop
  endfacet
  facet normal 0 0 1
    outer loop
      vertex 158.518 9.93185 42.6
      vertex 158.518 6.06815 42.6
      vertex 158.765 6.15224 42.6
    endloop
  endfacet
  facet normal 0 0 1
    outer loop
      vertex 158.261 9.98289 42.6
      vertex 158.518 6.06815 42.6
      vertex 158.518 9.93185 42.6
    endloop
  endfacet
  facet normal 0 0 1
    outer loop
      vertex 158.261 9.98289 42.6
      vertex 158.261 6.01711 42.6
      vertex 158.518 6.06815 42.6
    endloop
  endfacet
  facet normal 0 0 1
    outer loop
      vertex 158 10 42.6
      vertex 158.261 6.01711 42.6
      vertex 158.261 9.98289 42.6
    endloop
  endfacet
  facet normal 0 0 1
    outer loop
      vertex 158 10 42.6
      vertex 158 6 42.6
      vertex 158.261 6.01711 42.6
    endloop
  endfacet
  facet normal -0 0 1
    outer loop
      vertex 157.739 9.98289 42.6
      vertex 158 6 42.6
      vertex 158 10 42.6
    endloop
  endfacet
  facet normal 0 0 1
    outer loop
      vertex 157.739 9.98289 42.6
      vertex 157.739 6.01711 42.6
      vertex 158 6 42.6
    endloop
  endfacet
  facet normal -0 0 1
    outer loop
      vertex 157.482 9.93185 42.6
      vertex 157.739 6.01711 42.6
      vertex 157.739 9.98289 42.6
    endloop
  endfacet
  facet normal 0 0 1
    outer loop
      vertex 157.482 9.93185 42.6
      vertex 157.482 6.06815 42.6
      vertex 157.739 6.01711 42.6
    endloop
  endfacet
  facet normal -0 0 1
    outer loop
      vertex 157.235 9.84776 42.6
      vertex 157.482 6.06815 42.6
      vertex 157.482 9.93185 42.6
    endloop
  endfacet
  facet normal 0 0 1
    outer loop
      vertex 157.235 9.84776 42.6
      vertex 157.235 6.15224 42.6
      vertex 157.482 6.06815 42.6
    endloop
  endfacet
  facet normal -0 0 1
    outer loop
      vertex 157 9.73205 42.6
      vertex 157.235 6.15224 42.6
      vertex 157.235 9.84776 42.6
    endloop
  endfacet
  facet normal 0 0 1
    outer loop
      vertex 157 9.73205 42.6
      vertex 157 6.26795 42.6
      vertex 157.235 6.15224 42.6
    endloop
  endfacet
  facet normal -0 0 1
    outer loop
      vertex 156.782 9.58671 42.6
      vertex 157 6.26795 42.6
      vertex 157 9.73205 42.6
    endloop
  endfacet
  facet normal 0 0 1
    outer loop
      vertex 156.782 9.58671 42.6
      vertex 156.782 6.41329 42.6
      vertex 157 6.26795 42.6
    endloop
  endfacet
  facet normal -0 0 1
    outer loop
      vertex 156.586 9.41421 42.6
      vertex 156.782 6.41329 42.6
      vertex 156.782 9.58671 42.6
    endloop
  endfacet
  facet normal 0 0 1
    outer loop
      vertex 156.586 9.41421 42.6
      vertex 156.586 6.58579 42.6
      vertex 156.782 6.41329 42.6
    endloop
  endfacet
  facet normal -0 0 1
    outer loop
      vertex 156.413 9.21752 42.6
      vertex 156.586 6.58579 42.6
      vertex 156.586 9.41421 42.6
    endloop
  endfacet
  facet normal 0 0 1
    outer loop
      vertex 156.413 9.21752 42.6
      vertex 156.413 6.78248 42.6
      vertex 156.586 6.58579 42.6
    endloop
  endfacet
  facet normal -0 0 1
    outer loop
      vertex 156.268 9 42.6
      vertex 156.413 6.78248 42.6
      vertex 156.413 9.21752 42.6
    endloop
  endfacet
  facet normal 0 0 1
    outer loop
      vertex 156.268 9 42.6
      vertex 156.268 7 42.6
      vertex 156.413 6.78248 42.6
    endloop
  endfacet
  facet normal -0 0 1
    outer loop
      vertex 156.152 8.76537 42.6
      vertex 156.268 7 42.6
      vertex 156.268 9 42.6
    endloop
  endfacet
  facet normal 0 0 1
    outer loop
      vertex 156.152 8.76537 42.6
      vertex 156.152 7.23463 42.6
      vertex 156.268 7 42.6
    endloop
  endfacet
  facet normal -0 0 1
    outer loop
      vertex 156.068 8.51764 42.6
      vertex 156.152 7.23463 42.6
      vertex 156.152 8.76537 42.6
    endloop
  endfacet
  facet normal 0 0 1
    outer loop
      vertex 156.068 8.51764 42.6
      vertex 156.068 7.48236 42.6
      vertex 156.152 7.23463 42.6
    endloop
  endfacet
  facet normal -0 0 1
    outer loop
      vertex 156.017 8.26105 42.6
      vertex 156.068 7.48236 42.6
      vertex 156.068 8.51764 42.6
    endloop
  endfacet
  facet normal 0 0 1
    outer loop
      vertex 156.017 8.26105 42.6
      vertex 156.017 7.73895 42.6
      vertex 156.068 7.48236 42.6
    endloop
  endfacet
  facet normal 0 -0 1
    outer loop
      vertex 156.017 7.73895 42.6
      vertex 156.017 8.26105 42.6
      vertex 156 8 42.6
    endloop
  endfacet
  facet normal 0.980776 0.195137 0
    outer loop
      vertex 162.462 108.587 48.6
      vertex 162.347 109.165 3
      vertex 162.347 109.165 48.6
    endloop
  endfacet
  facet normal 0.980776 0.195137 0
    outer loop
      vertex 162.347 109.165 3
      vertex 162.462 108.587 48.6
      vertex 162.462 108.587 3
    endloop
  endfacet
  facet normal 0.997911 0.0646007 0
    outer loop
      vertex 162.5 108 48.6
      vertex 162.462 108.587 3
      vertex 162.462 108.587 48.6
    endloop
  endfacet
  facet normal 0.997911 0.0646007 0
    outer loop
      vertex 162.462 108.587 3
      vertex 162.5 108 48.6
      vertex 162.5 108 3
    endloop
  endfacet
  facet normal 0.980776 -0.195137 0
    outer loop
      vertex 162.347 106.835 48.6
      vertex 162.462 107.413 3
      vertex 162.462 107.413 48.6
    endloop
  endfacet
  facet normal 0.980776 -0.195137 0
    outer loop
      vertex 162.462 107.413 3
      vertex 162.347 106.835 48.6
      vertex 162.347 106.835 3
    endloop
  endfacet
  facet normal -0.752261 -0.658865 0
    outer loop
      vertex 154.818 104.818 3
      vertex 154.43 105.261 48.6
      vertex 154.43 105.261 3
    endloop
  endfacet
  facet normal -0.752261 -0.658865 0
    outer loop
      vertex 154.43 105.261 48.6
      vertex 154.818 104.818 3
      vertex 154.818 104.818 48.6
    endloop
  endfacet
  facet normal 0.658865 -0.752261 0
    outer loop
      vertex 160.739 104.43 3
      vertex 161.182 104.818 48.6
      vertex 160.739 104.43 48.6
    endloop
  endfacet
  facet normal 0.658865 -0.752261 0
    outer loop
      vertex 161.182 104.818 48.6
      vertex 160.739 104.43 3
      vertex 161.182 104.818 3
    endloop
  endfacet
  facet normal 0.831265 0.555877 0
    outer loop
      vertex 161.897 110.25 48.6
      vertex 161.57 110.739 3
      vertex 161.57 110.739 48.6
    endloop
  endfacet
  facet normal 0.831265 0.555877 0
    outer loop
      vertex 161.57 110.739 3
      vertex 161.897 110.25 48.6
      vertex 161.897 110.25 3
    endloop
  endfacet
  facet normal 0.555877 0.831265 -0
    outer loop
      vertex 160.739 111.57 3
      vertex 160.25 111.897 48.6
      vertex 160.739 111.57 48.6
    endloop
  endfacet
  facet normal 0.555877 0.831265 0
    outer loop
      vertex 160.25 111.897 48.6
      vertex 160.739 111.57 3
      vertex 160.25 111.897 3
    endloop
  endfacet
  facet normal 0.897129 -0.441768 0
    outer loop
      vertex 161.897 105.75 48.6
      vertex 162.157 106.278 3
      vertex 162.157 106.278 48.6
    endloop
  endfacet
  facet normal 0.897129 -0.441768 0
    outer loop
      vertex 162.157 106.278 3
      vertex 161.897 105.75 48.6
      vertex 161.897 105.75 3
    endloop
  endfacet
  facet normal 0.997911 -0.0646007 0
    outer loop
      vertex 162.462 107.413 48.6
      vertex 162.5 108 3
      vertex 162.5 108 48.6
    endloop
  endfacet
  facet normal 0.997911 -0.0646007 0
    outer loop
      vertex 162.5 108 3
      vertex 162.462 107.413 48.6
      vertex 162.462 107.413 3
    endloop
  endfacet
  facet normal 0.322847 0.946451 -0
    outer loop
      vertex 159.722 112.157 3
      vertex 159.165 112.347 48.6
      vertex 159.722 112.157 48.6
    endloop
  endfacet
  facet normal 0.322847 0.946451 0
    outer loop
      vertex 159.165 112.347 48.6
      vertex 159.722 112.157 3
      vertex 159.165 112.347 3
    endloop
  endfacet
  facet normal -0.897129 0.441768 0
    outer loop
      vertex 153.843 109.722 3
      vertex 154.103 110.25 48.6
      vertex 154.103 110.25 3
    endloop
  endfacet
  facet normal -0.897129 0.441768 0
    outer loop
      vertex 154.103 110.25 48.6
      vertex 153.843 109.722 3
      vertex 153.843 109.722 48.6
    endloop
  endfacet
  facet normal -0.658865 0.752261 0
    outer loop
      vertex 155.261 111.57 3
      vertex 154.818 111.182 48.6
      vertex 155.261 111.57 48.6
    endloop
  endfacet
  facet normal -0.658865 0.752261 0
    outer loop
      vertex 154.818 111.182 48.6
      vertex 155.261 111.57 3
      vertex 154.818 111.182 3
    endloop
  endfacet
  facet normal 0.322847 -0.946451 0
    outer loop
      vertex 159.165 103.653 3
      vertex 159.722 103.843 48.6
      vertex 159.165 103.653 48.6
    endloop
  endfacet
  facet normal 0.322847 -0.946451 0
    outer loop
      vertex 159.722 103.843 48.6
      vertex 159.165 103.653 3
      vertex 159.722 103.843 3
    endloop
  endfacet
  facet normal -0.997911 -0.0646007 0
    outer loop
      vertex 153.538 107.413 3
      vertex 153.5 108 48.6
      vertex 153.5 108 3
    endloop
  endfacet
  facet normal -0.997911 -0.0646007 0
    outer loop
      vertex 153.5 108 48.6
      vertex 153.538 107.413 3
      vertex 153.538 107.413 48.6
    endloop
  endfacet
  facet normal -0.322847 0.946451 0
    outer loop
      vertex 156.835 112.347 3
      vertex 156.278 112.157 48.6
      vertex 156.835 112.347 48.6
    endloop
  endfacet
  facet normal -0.322847 0.946451 0
    outer loop
      vertex 156.278 112.157 48.6
      vertex 156.835 112.347 3
      vertex 156.278 112.157 3
    endloop
  endfacet
  facet normal -0.831265 -0.555877 0
    outer loop
      vertex 154.43 105.261 3
      vertex 154.103 105.75 48.6
      vertex 154.103 105.75 3
    endloop
  endfacet
  facet normal -0.831265 -0.555877 0
    outer loop
      vertex 154.103 105.75 48.6
      vertex 154.43 105.261 3
      vertex 154.43 105.261 48.6
    endloop
  endfacet
  facet normal -0.555877 0.831265 0
    outer loop
      vertex 155.75 111.897 3
      vertex 155.261 111.57 48.6
      vertex 155.75 111.897 48.6
    endloop
  endfacet
  facet normal -0.555877 0.831265 0
    outer loop
      vertex 155.261 111.57 48.6
      vertex 155.75 111.897 3
      vertex 155.261 111.57 3
    endloop
  endfacet
  facet normal -0.831265 0.555877 0
    outer loop
      vertex 154.103 110.25 3
      vertex 154.43 110.739 48.6
      vertex 154.43 110.739 3
    endloop
  endfacet
  facet normal -0.831265 0.555877 0
    outer loop
      vertex 154.43 110.739 48.6
      vertex 154.103 110.25 3
      vertex 154.103 110.25 48.6
    endloop
  endfacet
  facet normal -0.997911 0.0646007 0
    outer loop
      vertex 153.5 108 3
      vertex 153.538 108.587 48.6
      vertex 153.538 108.587 3
    endloop
  endfacet
  facet normal -0.997911 0.0646007 0
    outer loop
      vertex 153.538 108.587 48.6
      vertex 153.5 108 3
      vertex 153.5 108 48.6
    endloop
  endfacet
  facet normal -0.195137 -0.980776 0
    outer loop
      vertex 156.835 103.653 3
      vertex 157.413 103.538 48.6
      vertex 156.835 103.653 48.6
    endloop
  endfacet
  facet normal -0.195137 -0.980776 -0
    outer loop
      vertex 157.413 103.538 48.6
      vertex 156.835 103.653 3
      vertex 157.413 103.538 3
    endloop
  endfacet
  facet normal 0.195137 0.980776 -0
    outer loop
      vertex 159.165 112.347 3
      vertex 158.587 112.462 48.6
      vertex 159.165 112.347 48.6
    endloop
  endfacet
  facet normal 0.195137 0.980776 0
    outer loop
      vertex 158.587 112.462 48.6
      vertex 159.165 112.347 3
      vertex 158.587 112.462 3
    endloop
  endfacet
  facet normal -0.441768 0.897129 0
    outer loop
      vertex 156.278 112.157 3
      vertex 155.75 111.897 48.6
      vertex 156.278 112.157 48.6
    endloop
  endfacet
  facet normal -0.441768 0.897129 0
    outer loop
      vertex 155.75 111.897 48.6
      vertex 156.278 112.157 3
      vertex 155.75 111.897 3
    endloop
  endfacet
  facet normal 0.0646007 -0.997911 0
    outer loop
      vertex 158 103.5 3
      vertex 158.587 103.538 48.6
      vertex 158 103.5 48.6
    endloop
  endfacet
  facet normal 0.0646007 -0.997911 0
    outer loop
      vertex 158.587 103.538 48.6
      vertex 158 103.5 3
      vertex 158.587 103.538 3
    endloop
  endfacet
  facet normal 0.946451 0.322847 0
    outer loop
      vertex 162.347 109.165 48.6
      vertex 162.157 109.722 3
      vertex 162.157 109.722 48.6
    endloop
  endfacet
  facet normal 0.946451 0.322847 0
    outer loop
      vertex 162.157 109.722 3
      vertex 162.347 109.165 48.6
      vertex 162.347 109.165 3
    endloop
  endfacet
  facet normal -0.946451 -0.322847 0
    outer loop
      vertex 153.843 106.278 3
      vertex 153.653 106.835 48.6
      vertex 153.653 106.835 3
    endloop
  endfacet
  facet normal -0.946451 -0.322847 0
    outer loop
      vertex 153.653 106.835 48.6
      vertex 153.843 106.278 3
      vertex 153.843 106.278 48.6
    endloop
  endfacet
  facet normal 0.946451 -0.322847 0
    outer loop
      vertex 162.157 106.278 48.6
      vertex 162.347 106.835 3
      vertex 162.347 106.835 48.6
    endloop
  endfacet
  facet normal 0.946451 -0.322847 0
    outer loop
      vertex 162.347 106.835 3
      vertex 162.157 106.278 48.6
      vertex 162.157 106.278 3
    endloop
  endfacet
  facet normal 0.441768 0.897129 -0
    outer loop
      vertex 160.25 111.897 3
      vertex 159.722 112.157 48.6
      vertex 160.25 111.897 48.6
    endloop
  endfacet
  facet normal 0.441768 0.897129 0
    outer loop
      vertex 159.722 112.157 48.6
      vertex 160.25 111.897 3
      vertex 159.722 112.157 3
    endloop
  endfacet
  facet normal -0.195137 0.980776 0
    outer loop
      vertex 157.413 112.462 3
      vertex 156.835 112.347 48.6
      vertex 157.413 112.462 48.6
    endloop
  endfacet
  facet normal -0.195137 0.980776 0
    outer loop
      vertex 156.835 112.347 48.6
      vertex 157.413 112.462 3
      vertex 156.835 112.347 3
    endloop
  endfacet
  facet normal 0.752261 0.658865 0
    outer loop
      vertex 161.57 110.739 48.6
      vertex 161.182 111.182 3
      vertex 161.182 111.182 48.6
    endloop
  endfacet
  facet normal 0.752261 0.658865 0
    outer loop
      vertex 161.182 111.182 3
      vertex 161.57 110.739 48.6
      vertex 161.57 110.739 3
    endloop
  endfacet
  facet normal 0.752261 -0.658865 0
    outer loop
      vertex 161.182 104.818 48.6
      vertex 161.57 105.261 3
      vertex 161.57 105.261 48.6
    endloop
  endfacet
  facet normal 0.752261 -0.658865 0
    outer loop
      vertex 161.57 105.261 3
      vertex 161.182 104.818 48.6
      vertex 161.182 104.818 3
    endloop
  endfacet
  facet normal -0.752261 0.658865 0
    outer loop
      vertex 154.43 110.739 3
      vertex 154.818 111.182 48.6
      vertex 154.818 111.182 3
    endloop
  endfacet
  facet normal -0.752261 0.658865 0
    outer loop
      vertex 154.818 111.182 48.6
      vertex 154.43 110.739 3
      vertex 154.43 110.739 48.6
    endloop
  endfacet
  facet normal 0 0 1
    outer loop
      vertex 160 108 48.6
      vertex 162.5 108 48.6
      vertex 162.462 108.587 48.6
    endloop
  endfacet
  facet normal 0 0 1
    outer loop
      vertex 159.983 108.261 48.6
      vertex 162.462 108.587 48.6
      vertex 162.347 109.165 48.6
    endloop
  endfacet
  facet normal 0 0 1
    outer loop
      vertex 162.5 108 48.6
      vertex 160 108 48.6
      vertex 162.462 107.413 48.6
    endloop
  endfacet
  facet normal 0 0 1
    outer loop
      vertex 159.932 108.518 48.6
      vertex 162.347 109.165 48.6
      vertex 162.157 109.722 48.6
    endloop
  endfacet
  facet normal -0 0 1
    outer loop
      vertex 159.983 107.739 48.6
      vertex 162.462 107.413 48.6
      vertex 160 108 48.6
    endloop
  endfacet
  facet normal 0 0 1
    outer loop
      vertex 159.848 108.765 48.6
      vertex 162.157 109.722 48.6
      vertex 161.897 110.25 48.6
    endloop
  endfacet
  facet normal 0 0 1
    outer loop
      vertex 162.462 107.413 48.6
      vertex 159.983 107.739 48.6
      vertex 162.347 106.835 48.6
    endloop
  endfacet
  facet normal 0 0 1
    outer loop
      vertex 159.732 109 48.6
      vertex 161.897 110.25 48.6
      vertex 161.57 110.739 48.6
    endloop
  endfacet
  facet normal -0 0 1
    outer loop
      vertex 159.932 107.482 48.6
      vertex 162.347 106.835 48.6
      vertex 159.983 107.739 48.6
    endloop
  endfacet
  facet normal 0 0 1
    outer loop
      vertex 159.587 109.218 48.6
      vertex 161.57 110.739 48.6
      vertex 161.182 111.182 48.6
    endloop
  endfacet
  facet normal 0 0 1
    outer loop
      vertex 162.347 106.835 48.6
      vertex 159.932 107.482 48.6
      vertex 162.157 106.278 48.6
    endloop
  endfacet
  facet normal 0 0 1
    outer loop
      vertex 159.414 109.414 48.6
      vertex 161.182 111.182 48.6
      vertex 160.739 111.57 48.6
    endloop
  endfacet
  facet normal -0 0 1
    outer loop
      vertex 159.848 107.235 48.6
      vertex 162.157 106.278 48.6
      vertex 159.932 107.482 48.6
    endloop
  endfacet
  facet normal 0 0 1
    outer loop
      vertex 159.218 109.587 48.6
      vertex 160.739 111.57 48.6
      vertex 160.25 111.897 48.6
    endloop
  endfacet
  facet normal 0 0 1
    outer loop
      vertex 162.157 106.278 48.6
      vertex 159.848 107.235 48.6
      vertex 161.897 105.75 48.6
    endloop
  endfacet
  facet normal -0 0 1
    outer loop
      vertex 159.732 107 48.6
      vertex 161.897 105.75 48.6
      vertex 159.848 107.235 48.6
    endloop
  endfacet
  facet normal 0 0 1
    outer loop
      vertex 162.462 108.587 48.6
      vertex 159.983 108.261 48.6
      vertex 160 108 48.6
    endloop
  endfacet
  facet normal 0 0 1
    outer loop
      vertex 162.347 109.165 48.6
      vertex 159.932 108.518 48.6
      vertex 159.983 108.261 48.6
    endloop
  endfacet
  facet normal 0 0 1
    outer loop
      vertex 162.157 109.722 48.6
      vertex 159.848 108.765 48.6
      vertex 159.932 108.518 48.6
    endloop
  endfacet
  facet normal 0 0 1
    outer loop
      vertex 161.897 110.25 48.6
      vertex 159.732 109 48.6
      vertex 159.848 108.765 48.6
    endloop
  endfacet
  facet normal 0 0 1
    outer loop
      vertex 159 109.732 48.6
      vertex 160.25 111.897 48.6
      vertex 159.722 112.157 48.6
    endloop
  endfacet
  facet normal 0 0 1
    outer loop
      vertex 161.57 110.739 48.6
      vertex 159.587 109.218 48.6
      vertex 159.732 109 48.6
    endloop
  endfacet
  facet normal 0 0 1
    outer loop
      vertex 161.182 111.182 48.6
      vertex 159.414 109.414 48.6
      vertex 159.587 109.218 48.6
    endloop
  endfacet
  facet normal 0 0 1
    outer loop
      vertex 160.739 111.57 48.6
      vertex 159.218 109.587 48.6
      vertex 159.414 109.414 48.6
    endloop
  endfacet
  facet normal 0 0 1
    outer loop
      vertex 158.765 109.848 48.6
      vertex 159.722 112.157 48.6
      vertex 159.165 112.347 48.6
    endloop
  endfacet
  facet normal 0 0 1
    outer loop
      vertex 160.25 111.897 48.6
      vertex 159 109.732 48.6
      vertex 159.218 109.587 48.6
    endloop
  endfacet
  facet normal 0 0 1
    outer loop
      vertex 159.722 112.157 48.6
      vertex 158.765 109.848 48.6
      vertex 159 109.732 48.6
    endloop
  endfacet
  facet normal 0 0 1
    outer loop
      vertex 158.518 109.932 48.6
      vertex 159.165 112.347 48.6
      vertex 158.587 112.462 48.6
    endloop
  endfacet
  facet normal 0 0 1
    outer loop
      vertex 159.165 112.347 48.6
      vertex 158.518 109.932 48.6
      vertex 158.765 109.848 48.6
    endloop
  endfacet
  facet normal 0 0 1
    outer loop
      vertex 158.587 112.462 48.6
      vertex 158.261 109.983 48.6
      vertex 158.518 109.932 48.6
    endloop
  endfacet
  facet normal 0 0 1
    outer loop
      vertex 158 112.5 48.6
      vertex 158.261 109.983 48.6
      vertex 158.587 112.462 48.6
    endloop
  endfacet
  facet normal 0 0 1
    outer loop
      vertex 158 112.5 48.6
      vertex 158 110 48.6
      vertex 158.261 109.983 48.6
    endloop
  endfacet
  facet normal 0 0 1
    outer loop
      vertex 158 112.5 48.6
      vertex 157.739 109.983 48.6
      vertex 158 110 48.6
    endloop
  endfacet
  facet normal -0 0 1
    outer loop
      vertex 157.413 112.462 48.6
      vertex 157.739 109.983 48.6
      vertex 158 112.5 48.6
    endloop
  endfacet
  facet normal 0 0 1
    outer loop
      vertex 157.739 109.983 48.6
      vertex 157.413 112.462 48.6
      vertex 157.482 109.932 48.6
    endloop
  endfacet
  facet normal -0 0 1
    outer loop
      vertex 156.835 112.347 48.6
      vertex 157.482 109.932 48.6
      vertex 157.413 112.462 48.6
    endloop
  endfacet
  facet normal 0 0 1
    outer loop
      vertex 157.482 109.932 48.6
      vertex 156.835 112.347 48.6
      vertex 157.235 109.848 48.6
    endloop
  endfacet
  facet normal -0 0 1
    outer loop
      vertex 156.278 112.157 48.6
      vertex 157.235 109.848 48.6
      vertex 156.835 112.347 48.6
    endloop
  endfacet
  facet normal 0 0 1
    outer loop
      vertex 157.235 109.848 48.6
      vertex 156.278 112.157 48.6
      vertex 157 109.732 48.6
    endloop
  endfacet
  facet normal -0 0 1
    outer loop
      vertex 155.75 111.897 48.6
      vertex 157 109.732 48.6
      vertex 156.278 112.157 48.6
    endloop
  endfacet
  facet normal 0 0 1
    outer loop
      vertex 157 109.732 48.6
      vertex 155.75 111.897 48.6
      vertex 156.782 109.587 48.6
    endloop
  endfacet
  facet normal -0 0 1
    outer loop
      vertex 155.261 111.57 48.6
      vertex 156.782 109.587 48.6
      vertex 155.75 111.897 48.6
    endloop
  endfacet
  facet normal 0 0 1
    outer loop
      vertex 156.782 109.587 48.6
      vertex 155.261 111.57 48.6
      vertex 156.586 109.414 48.6
    endloop
  endfacet
  facet normal -0 0 1
    outer loop
      vertex 154.818 111.182 48.6
      vertex 156.586 109.414 48.6
      vertex 155.261 111.57 48.6
    endloop
  endfacet
  facet normal 0 0 1
    outer loop
      vertex 156.586 109.414 48.6
      vertex 154.818 111.182 48.6
      vertex 156.413 109.218 48.6
    endloop
  endfacet
  facet normal -0 0 1
    outer loop
      vertex 154.43 110.739 48.6
      vertex 156.413 109.218 48.6
      vertex 154.818 111.182 48.6
    endloop
  endfacet
  facet normal -0 0 1
    outer loop
      vertex 154.103 110.25 48.6
      vertex 156.268 109 48.6
      vertex 154.43 110.739 48.6
    endloop
  endfacet
  facet normal 0 0 1
    outer loop
      vertex 156.413 109.218 48.6
      vertex 154.43 110.739 48.6
      vertex 156.268 109 48.6
    endloop
  endfacet
  facet normal 0 0 1
    outer loop
      vertex 161.897 105.75 48.6
      vertex 159.732 107 48.6
      vertex 161.57 105.261 48.6
    endloop
  endfacet
  facet normal -0 0 1
    outer loop
      vertex 159.587 106.782 48.6
      vertex 161.57 105.261 48.6
      vertex 159.732 107 48.6
    endloop
  endfacet
  facet normal 0 0 1
    outer loop
      vertex 161.57 105.261 48.6
      vertex 159.587 106.782 48.6
      vertex 161.182 104.818 48.6
    endloop
  endfacet
  facet normal -0 0 1
    outer loop
      vertex 159.414 106.586 48.6
      vertex 161.182 104.818 48.6
      vertex 159.587 106.782 48.6
    endloop
  endfacet
  facet normal 0 0 1
    outer loop
      vertex 161.182 104.818 48.6
      vertex 159.414 106.586 48.6
      vertex 160.739 104.43 48.6
    endloop
  endfacet
  facet normal -0 0 1
    outer loop
      vertex 159.218 106.413 48.6
      vertex 160.739 104.43 48.6
      vertex 159.414 106.586 48.6
    endloop
  endfacet
  facet normal 0 0 1
    outer loop
      vertex 160.739 104.43 48.6
      vertex 159.218 106.413 48.6
      vertex 160.25 104.103 48.6
    endloop
  endfacet
  facet normal -0 0 1
    outer loop
      vertex 159 106.268 48.6
      vertex 160.25 104.103 48.6
      vertex 159.218 106.413 48.6
    endloop
  endfacet
  facet normal 0 0 1
    outer loop
      vertex 160.25 104.103 48.6
      vertex 159 106.268 48.6
      vertex 159.722 103.843 48.6
    endloop
  endfacet
  facet normal -0 0 1
    outer loop
      vertex 158.765 106.152 48.6
      vertex 159.722 103.843 48.6
      vertex 159 106.268 48.6
    endloop
  endfacet
  facet normal 0 0 1
    outer loop
      vertex 159.722 103.843 48.6
      vertex 158.765 106.152 48.6
      vertex 159.165 103.653 48.6
    endloop
  endfacet
  facet normal -0 0 1
    outer loop
      vertex 158.518 106.068 48.6
      vertex 159.165 103.653 48.6
      vertex 158.765 106.152 48.6
    endloop
  endfacet
  facet normal 0 0 1
    outer loop
      vertex 159.165 103.653 48.6
      vertex 158.518 106.068 48.6
      vertex 158.587 103.538 48.6
    endloop
  endfacet
  facet normal -0 0 1
    outer loop
      vertex 158.261 106.017 48.6
      vertex 158.587 103.538 48.6
      vertex 158.518 106.068 48.6
    endloop
  endfacet
  facet normal -0 0 1
    outer loop
      vertex 158 106 48.6
      vertex 158.587 103.538 48.6
      vertex 158.261 106.017 48.6
    endloop
  endfacet
  facet normal 0 0 1
    outer loop
      vertex 158 106 48.6
      vertex 158 103.5 48.6
      vertex 158.587 103.538 48.6
    endloop
  endfacet
  facet normal 0 0 1
    outer loop
      vertex 157.739 106.017 48.6
      vertex 158 103.5 48.6
      vertex 158 106 48.6
    endloop
  endfacet
  facet normal 0 0 1
    outer loop
      vertex 157.413 103.538 48.6
      vertex 157.739 106.017 48.6
      vertex 157.482 106.068 48.6
    endloop
  endfacet
  facet normal 0 0 1
    outer loop
      vertex 157.739 106.017 48.6
      vertex 157.413 103.538 48.6
      vertex 158 103.5 48.6
    endloop
  endfacet
  facet normal 0 0 1
    outer loop
      vertex 156.835 103.653 48.6
      vertex 157.482 106.068 48.6
      vertex 157.235 106.152 48.6
    endloop
  endfacet
  facet normal 0 0 1
    outer loop
      vertex 156.278 103.843 48.6
      vertex 157.235 106.152 48.6
      vertex 157 106.268 48.6
    endloop
  endfacet
  facet normal 0 0 1
    outer loop
      vertex 157.482 106.068 48.6
      vertex 156.835 103.653 48.6
      vertex 157.413 103.538 48.6
    endloop
  endfacet
  facet normal 0 0 1
    outer loop
      vertex 155.75 104.103 48.6
      vertex 157 106.268 48.6
      vertex 156.782 106.413 48.6
    endloop
  endfacet
  facet normal 0 0 1
    outer loop
      vertex 155.261 104.43 48.6
      vertex 156.782 106.413 48.6
      vertex 156.586 106.586 48.6
    endloop
  endfacet
  facet normal 0 0 1
    outer loop
      vertex 154.818 104.818 48.6
      vertex 156.586 106.586 48.6
      vertex 156.413 106.782 48.6
    endloop
  endfacet
  facet normal 0 0 1
    outer loop
      vertex 157.235 106.152 48.6
      vertex 156.278 103.843 48.6
      vertex 156.835 103.653 48.6
    endloop
  endfacet
  facet normal 0 0 1
    outer loop
      vertex 154.43 105.261 48.6
      vertex 156.413 106.782 48.6
      vertex 156.268 107 48.6
    endloop
  endfacet
  facet normal 0 0 1
    outer loop
      vertex 154.103 105.75 48.6
      vertex 156.268 107 48.6
      vertex 156.152 107.235 48.6
    endloop
  endfacet
  facet normal 0 0 1
    outer loop
      vertex 153.843 106.278 48.6
      vertex 156.152 107.235 48.6
      vertex 156.068 107.482 48.6
    endloop
  endfacet
  facet normal 0 0 1
    outer loop
      vertex 153.653 106.835 48.6
      vertex 156.068 107.482 48.6
      vertex 156.017 107.739 48.6
    endloop
  endfacet
  facet normal 0 0 1
    outer loop
      vertex 157 106.268 48.6
      vertex 155.75 104.103 48.6
      vertex 156.278 103.843 48.6
    endloop
  endfacet
  facet normal 0 0 1
    outer loop
      vertex 153.538 107.413 48.6
      vertex 156.017 107.739 48.6
      vertex 156 108 48.6
    endloop
  endfacet
  facet normal 0 0 1
    outer loop
      vertex 156.268 109 48.6
      vertex 154.103 110.25 48.6
      vertex 156.152 108.765 48.6
    endloop
  endfacet
  facet normal -0 0 1
    outer loop
      vertex 153.843 109.722 48.6
      vertex 156.152 108.765 48.6
      vertex 154.103 110.25 48.6
    endloop
  endfacet
  facet normal 0 0 1
    outer loop
      vertex 156.782 106.413 48.6
      vertex 155.261 104.43 48.6
      vertex 155.75 104.103 48.6
    endloop
  endfacet
  facet normal 0 0 1
    outer loop
      vertex 156.152 108.765 48.6
      vertex 153.843 109.722 48.6
      vertex 156.068 108.518 48.6
    endloop
  endfacet
  facet normal 0 0 1
    outer loop
      vertex 156.586 106.586 48.6
      vertex 154.818 104.818 48.6
      vertex 155.261 104.43 48.6
    endloop
  endfacet
  facet normal -0 0 1
    outer loop
      vertex 153.653 109.165 48.6
      vertex 156.068 108.518 48.6
      vertex 153.843 109.722 48.6
    endloop
  endfacet
  facet normal 0 0 1
    outer loop
      vertex 156.413 106.782 48.6
      vertex 154.43 105.261 48.6
      vertex 154.818 104.818 48.6
    endloop
  endfacet
  facet normal 0 0 1
    outer loop
      vertex 156.068 108.518 48.6
      vertex 153.653 109.165 48.6
      vertex 156.017 108.261 48.6
    endloop
  endfacet
  facet normal 0 0 1
    outer loop
      vertex 156.268 107 48.6
      vertex 154.103 105.75 48.6
      vertex 154.43 105.261 48.6
    endloop
  endfacet
  facet normal -0 0 1
    outer loop
      vertex 153.538 108.587 48.6
      vertex 156.017 108.261 48.6
      vertex 153.653 109.165 48.6
    endloop
  endfacet
  facet normal 0 0 1
    outer loop
      vertex 156.152 107.235 48.6
      vertex 153.843 106.278 48.6
      vertex 154.103 105.75 48.6
    endloop
  endfacet
  facet normal 0 0 1
    outer loop
      vertex 156.017 108.261 48.6
      vertex 153.538 108.587 48.6
      vertex 156 108 48.6
    endloop
  endfacet
  facet normal 0 0 1
    outer loop
      vertex 156.068 107.482 48.6
      vertex 153.653 106.835 48.6
      vertex 153.843 106.278 48.6
    endloop
  endfacet
  facet normal 0 0 1
    outer loop
      vertex 153.5 108 48.6
      vertex 156 108 48.6
      vertex 153.538 108.587 48.6
    endloop
  endfacet
  facet normal 0 0 1
    outer loop
      vertex 156.017 107.739 48.6
      vertex 153.538 107.413 48.6
      vertex 153.653 106.835 48.6
    endloop
  endfacet
  facet normal 0 0 1
    outer loop
      vertex 156 108 48.6
      vertex 153.5 108 48.6
      vertex 153.538 107.413 48.6
    endloop
  endfacet
  facet normal -0.946451 0.322847 0
    outer loop
      vertex 153.653 109.165 3
      vertex 153.843 109.722 48.6
      vertex 153.843 109.722 3
    endloop
  endfacet
  facet normal -0.946451 0.322847 0
    outer loop
      vertex 153.843 109.722 48.6
      vertex 153.653 109.165 3
      vertex 153.653 109.165 48.6
    endloop
  endfacet
  facet normal 0.195137 -0.980776 0
    outer loop
      vertex 158.587 103.538 3
      vertex 159.165 103.653 48.6
      vertex 158.587 103.538 48.6
    endloop
  endfacet
  facet normal 0.195137 -0.980776 0
    outer loop
      vertex 159.165 103.653 48.6
      vertex 158.587 103.538 3
      vertex 159.165 103.653 3
    endloop
  endfacet
  facet normal 0.441768 -0.897129 0
    outer loop
      vertex 159.722 103.843 3
      vertex 160.25 104.103 48.6
      vertex 159.722 103.843 48.6
    endloop
  endfacet
  facet normal 0.441768 -0.897129 0
    outer loop
      vertex 160.25 104.103 48.6
      vertex 159.722 103.843 3
      vertex 160.25 104.103 3
    endloop
  endfacet
  facet normal 0.658865 0.752261 -0
    outer loop
      vertex 161.182 111.182 3
      vertex 160.739 111.57 48.6
      vertex 161.182 111.182 48.6
    endloop
  endfacet
  facet normal 0.658865 0.752261 0
    outer loop
      vertex 160.739 111.57 48.6
      vertex 161.182 111.182 3
      vertex 160.739 111.57 3
    endloop
  endfacet
  facet normal -0.897129 -0.441768 0
    outer loop
      vertex 154.103 105.75 3
      vertex 153.843 106.278 48.6
      vertex 153.843 106.278 3
    endloop
  endfacet
  facet normal -0.897129 -0.441768 0
    outer loop
      vertex 153.843 106.278 48.6
      vertex 154.103 105.75 3
      vertex 154.103 105.75 48.6
    endloop
  endfacet
  facet normal 0.555877 -0.831265 0
    outer loop
      vertex 160.25 104.103 3
      vertex 160.739 104.43 48.6
      vertex 160.25 104.103 48.6
    endloop
  endfacet
  facet normal 0.555877 -0.831265 0
    outer loop
      vertex 160.739 104.43 48.6
      vertex 160.25 104.103 3
      vertex 160.739 104.43 3
    endloop
  endfacet
  facet normal 0.831265 -0.555877 0
    outer loop
      vertex 161.57 105.261 48.6
      vertex 161.897 105.75 3
      vertex 161.897 105.75 48.6
    endloop
  endfacet
  facet normal 0.831265 -0.555877 0
    outer loop
      vertex 161.897 105.75 3
      vertex 161.57 105.261 48.6
      vertex 161.57 105.261 3
    endloop
  endfacet
  facet normal 0.897129 0.441768 0
    outer loop
      vertex 162.157 109.722 48.6
      vertex 161.897 110.25 3
      vertex 161.897 110.25 48.6
    endloop
  endfacet
  facet normal 0.897129 0.441768 0
    outer loop
      vertex 161.897 110.25 3
      vertex 162.157 109.722 48.6
      vertex 162.157 109.722 3
    endloop
  endfacet
  facet normal 0.0646007 0.997911 -0
    outer loop
      vertex 158.587 112.462 3
      vertex 158 112.5 48.6
      vertex 158.587 112.462 48.6
    endloop
  endfacet
  facet normal 0.0646007 0.997911 0
    outer loop
      vertex 158 112.5 48.6
      vertex 158.587 112.462 3
      vertex 158 112.5 3
    endloop
  endfacet
  facet normal -0.980776 0.195137 0
    outer loop
      vertex 153.538 108.587 3
      vertex 153.653 109.165 48.6
      vertex 153.653 109.165 3
    endloop
  endfacet
  facet normal -0.980776 0.195137 0
    outer loop
      vertex 153.653 109.165 48.6
      vertex 153.538 108.587 3
      vertex 153.538 108.587 48.6
    endloop
  endfacet
  facet normal -0.0646007 0.997911 0
    outer loop
      vertex 158 112.5 3
      vertex 157.413 112.462 48.6
      vertex 158 112.5 48.6
    endloop
  endfacet
  facet normal -0.0646007 0.997911 0
    outer loop
      vertex 157.413 112.462 48.6
      vertex 158 112.5 3
      vertex 157.413 112.462 3
    endloop
  endfacet
  facet normal -0.658865 -0.752261 0
    outer loop
      vertex 154.818 104.818 3
      vertex 155.261 104.43 48.6
      vertex 154.818 104.818 48.6
    endloop
  endfacet
  facet normal -0.658865 -0.752261 -0
    outer loop
      vertex 155.261 104.43 48.6
      vertex 154.818 104.818 3
      vertex 155.261 104.43 3
    endloop
  endfacet
  facet normal -0.322847 -0.946451 0
    outer loop
      vertex 156.278 103.843 3
      vertex 156.835 103.653 48.6
      vertex 156.278 103.843 48.6
    endloop
  endfacet
  facet normal -0.322847 -0.946451 -0
    outer loop
      vertex 156.835 103.653 48.6
      vertex 156.278 103.843 3
      vertex 156.835 103.653 3
    endloop
  endfacet
  facet normal -0.0646007 -0.997911 0
    outer loop
      vertex 157.413 103.538 3
      vertex 158 103.5 48.6
      vertex 157.413 103.538 48.6
    endloop
  endfacet
  facet normal -0.0646007 -0.997911 -0
    outer loop
      vertex 158 103.5 48.6
      vertex 157.413 103.538 3
      vertex 158 103.5 3
    endloop
  endfacet
  facet normal -0.980776 -0.195137 0
    outer loop
      vertex 153.653 106.835 3
      vertex 153.538 107.413 48.6
      vertex 153.538 107.413 3
    endloop
  endfacet
  facet normal -0.980776 -0.195137 0
    outer loop
      vertex 153.538 107.413 48.6
      vertex 153.653 106.835 3
      vertex 153.653 106.835 48.6
    endloop
  endfacet
  facet normal -0.441768 -0.897129 0
    outer loop
      vertex 155.75 104.103 3
      vertex 156.278 103.843 48.6
      vertex 155.75 104.103 48.6
    endloop
  endfacet
  facet normal -0.441768 -0.897129 -0
    outer loop
      vertex 156.278 103.843 48.6
      vertex 155.75 104.103 3
      vertex 156.278 103.843 3
    endloop
  endfacet
  facet normal -0.555877 -0.831265 0
    outer loop
      vertex 155.261 104.43 3
      vertex 155.75 104.103 48.6
      vertex 155.261 104.43 48.6
    endloop
  endfacet
  facet normal -0.555877 -0.831265 -0
    outer loop
      vertex 155.75 104.103 48.6
      vertex 155.261 104.43 3
      vertex 155.75 104.103 3
    endloop
  endfacet
  facet normal -0.0649964 0.997886 0
    outer loop
      vertex 158.261 106.017 42.6
      vertex 158 106 48.6
      vertex 158.261 106.017 48.6
    endloop
  endfacet
  facet normal -0.0649964 0.997886 0
    outer loop
      vertex 158 106 48.6
      vertex 158.261 106.017 42.6
      vertex 158 106 42.6
    endloop
  endfacet
  facet normal 0.0649964 -0.997886 0
    outer loop
      vertex 157.739 109.983 42.6
      vertex 158 110 48.6
      vertex 157.739 109.983 48.6
    endloop
  endfacet
  facet normal 0.0649964 -0.997886 0
    outer loop
      vertex 158 110 48.6
      vertex 157.739 109.983 42.6
      vertex 158 110 42.6
    endloop
  endfacet
  facet normal 0.442629 -0.896705 0
    outer loop
      vertex 157 109.732 42.6
      vertex 157.235 109.848 48.6
      vertex 157 109.732 48.6
    endloop
  endfacet
  facet normal 0.442629 -0.896705 0
    outer loop
      vertex 157.235 109.848 48.6
      vertex 157 109.732 42.6
      vertex 157.235 109.848 42.6
    endloop
  endfacet
  facet normal -0.980873 -0.194648 0
    outer loop
      vertex 159.983 108.261 42.6
      vertex 159.932 108.518 48.6
      vertex 159.932 108.518 42.6
    endloop
  endfacet
  facet normal -0.980873 -0.194648 0
    outer loop
      vertex 159.932 108.518 48.6
      vertex 159.983 108.261 42.6
      vertex 159.983 108.261 48.6
    endloop
  endfacet
  facet normal -0.321971 -0.946749 0
    outer loop
      vertex 158.518 109.932 42.6
      vertex 158.765 109.848 48.6
      vertex 158.518 109.932 48.6
    endloop
  endfacet
  facet normal -0.321971 -0.946749 -0
    outer loop
      vertex 158.765 109.848 48.6
      vertex 158.518 109.932 42.6
      vertex 158.765 109.848 42.6
    endloop
  endfacet
  facet normal 0.661748 -0.749726 0
    outer loop
      vertex 156.586 109.414 42.6
      vertex 156.782 109.587 48.6
      vertex 156.586 109.414 48.6
    endloop
  endfacet
  facet normal 0.661748 -0.749726 0
    outer loop
      vertex 156.782 109.587 48.6
      vertex 156.586 109.414 42.6
      vertex 156.782 109.587 42.6
    endloop
  endfacet
  facet normal -0.896705 -0.442629 0
    outer loop
      vertex 159.848 108.765 42.6
      vertex 159.732 109 48.6
      vertex 159.732 109 42.6
    endloop
  endfacet
  facet normal -0.896705 -0.442629 0
    outer loop
      vertex 159.732 109 48.6
      vertex 159.848 108.765 42.6
      vertex 159.848 108.765 48.6
    endloop
  endfacet
  facet normal -0.832637 0.553818 0
    outer loop
      vertex 159.587 106.782 42.6
      vertex 159.732 107 48.6
      vertex 159.732 107 42.6
    endloop
  endfacet
  facet normal -0.832637 0.553818 0
    outer loop
      vertex 159.732 107 48.6
      vertex 159.587 106.782 42.6
      vertex 159.587 106.782 48.6
    endloop
  endfacet
  facet normal 0.946749 0.321971 0
    outer loop
      vertex 156.152 107.235 48.6
      vertex 156.068 107.482 42.6
      vertex 156.068 107.482 48.6
    endloop
  endfacet
  facet normal 0.946749 0.321971 0
    outer loop
      vertex 156.068 107.482 42.6
      vertex 156.152 107.235 48.6
      vertex 156.152 107.235 42.6
    endloop
  endfacet
  facet normal 0.661748 0.749726 -0
    outer loop
      vertex 156.782 106.413 42.6
      vertex 156.586 106.586 48.6
      vertex 156.782 106.413 48.6
    endloop
  endfacet
  facet normal 0.661748 0.749726 0
    outer loop
      vertex 156.586 106.586 48.6
      vertex 156.782 106.413 42.6
      vertex 156.586 106.586 42.6
    endloop
  endfacet
  facet normal 0.321971 0.946749 -0
    outer loop
      vertex 157.482 106.068 42.6
      vertex 157.235 106.152 48.6
      vertex 157.482 106.068 48.6
    endloop
  endfacet
  facet normal 0.321971 0.946749 0
    outer loop
      vertex 157.235 106.152 48.6
      vertex 157.482 106.068 42.6
      vertex 157.235 106.152 42.6
    endloop
  endfacet
  facet normal -0.553818 -0.832637 0
    outer loop
      vertex 159 109.732 42.6
      vertex 159.218 109.587 48.6
      vertex 159 109.732 48.6
    endloop
  endfacet
  facet normal -0.553818 -0.832637 -0
    outer loop
      vertex 159.218 109.587 48.6
      vertex 159 109.732 42.6
      vertex 159.218 109.587 42.6
    endloop
  endfacet
  facet normal -0.997886 -0.0649964 0
    outer loop
      vertex 160 108 42.6
      vertex 159.983 108.261 48.6
      vertex 159.983 108.261 42.6
    endloop
  endfacet
  facet normal -0.997886 -0.0649964 0
    outer loop
      vertex 159.983 108.261 48.6
      vertex 160 108 42.6
      vertex 160 108 48.6
    endloop
  endfacet
  facet normal 0.896705 -0.442629 0
    outer loop
      vertex 156.152 108.765 48.6
      vertex 156.268 109 42.6
      vertex 156.268 109 48.6
    endloop
  endfacet
  facet normal 0.896705 -0.442629 0
    outer loop
      vertex 156.268 109 42.6
      vertex 156.152 108.765 48.6
      vertex 156.152 108.765 42.6
    endloop
  endfacet
  facet normal 0.832637 -0.553818 0
    outer loop
      vertex 156.268 109 48.6
      vertex 156.413 109.218 42.6
      vertex 156.413 109.218 48.6
    endloop
  endfacet
  facet normal 0.832637 -0.553818 0
    outer loop
      vertex 156.413 109.218 42.6
      vertex 156.268 109 48.6
      vertex 156.268 109 42.6
    endloop
  endfacet
  facet normal -0.442629 -0.896705 0
    outer loop
      vertex 158.765 109.848 42.6
      vertex 159 109.732 48.6
      vertex 158.765 109.848 48.6
    endloop
  endfacet
  facet normal -0.442629 -0.896705 -0
    outer loop
      vertex 159 109.732 48.6
      vertex 158.765 109.848 42.6
      vertex 159 109.732 42.6
    endloop
  endfacet
  facet normal 0.321971 -0.946749 0
    outer loop
      vertex 157.235 109.848 42.6
      vertex 157.482 109.932 48.6
      vertex 157.235 109.848 48.6
    endloop
  endfacet
  facet normal 0.321971 -0.946749 0
    outer loop
      vertex 157.482 109.932 48.6
      vertex 157.235 109.848 42.6
      vertex 157.482 109.932 42.6
    endloop
  endfacet
  facet normal -0.896705 0.442629 0
    outer loop
      vertex 159.732 107 42.6
      vertex 159.848 107.235 48.6
      vertex 159.848 107.235 42.6
    endloop
  endfacet
  facet normal -0.896705 0.442629 0
    outer loop
      vertex 159.848 107.235 48.6
      vertex 159.732 107 42.6
      vertex 159.732 107 48.6
    endloop
  endfacet
  facet normal 0.0649964 0.997886 -0
    outer loop
      vertex 158 106 42.6
      vertex 157.739 106.017 48.6
      vertex 158 106 48.6
    endloop
  endfacet
  facet normal 0.0649964 0.997886 0
    outer loop
      vertex 157.739 106.017 48.6
      vertex 158 106 42.6
      vertex 157.739 106.017 42.6
    endloop
  endfacet
  facet normal -0.997886 0.0649964 0
    outer loop
      vertex 159.983 107.739 42.6
      vertex 160 108 48.6
      vertex 160 108 42.6
    endloop
  endfacet
  facet normal -0.997886 0.0649964 0
    outer loop
      vertex 160 108 48.6
      vertex 159.983 107.739 42.6
      vertex 159.983 107.739 48.6
    endloop
  endfacet
  facet normal 0.194648 -0.980873 0
    outer loop
      vertex 157.482 109.932 42.6
      vertex 157.739 109.983 48.6
      vertex 157.482 109.932 48.6
    endloop
  endfacet
  facet normal 0.194648 -0.980873 0
    outer loop
      vertex 157.739 109.983 48.6
      vertex 157.482 109.932 42.6
      vertex 157.739 109.983 42.6
    endloop
  endfacet
  facet normal -0.749726 -0.661748 0
    outer loop
      vertex 159.587 109.218 42.6
      vertex 159.414 109.414 48.6
      vertex 159.414 109.414 42.6
    endloop
  endfacet
  facet normal -0.749726 -0.661748 0
    outer loop
      vertex 159.414 109.414 48.6
      vertex 159.587 109.218 42.6
      vertex 159.587 109.218 48.6
    endloop
  endfacet
  facet normal 0.980873 0.194648 0
    outer loop
      vertex 156.068 107.482 48.6
      vertex 156.017 107.739 42.6
      vertex 156.017 107.739 48.6
    endloop
  endfacet
  facet normal 0.980873 0.194648 0
    outer loop
      vertex 156.017 107.739 42.6
      vertex 156.068 107.482 48.6
      vertex 156.068 107.482 42.6
    endloop
  endfacet
  facet normal 0.194648 0.980873 -0
    outer loop
      vertex 157.739 106.017 42.6
      vertex 157.482 106.068 48.6
      vertex 157.739 106.017 48.6
    endloop
  endfacet
  facet normal 0.194648 0.980873 0
    outer loop
      vertex 157.482 106.068 48.6
      vertex 157.739 106.017 42.6
      vertex 157.482 106.068 42.6
    endloop
  endfacet
  facet normal -0.832637 -0.553818 0
    outer loop
      vertex 159.732 109 42.6
      vertex 159.587 109.218 48.6
      vertex 159.587 109.218 42.6
    endloop
  endfacet
  facet normal -0.832637 -0.553818 0
    outer loop
      vertex 159.587 109.218 48.6
      vertex 159.732 109 42.6
      vertex 159.732 109 48.6
    endloop
  endfacet
  facet normal -0.661748 -0.749726 0
    outer loop
      vertex 159.218 109.587 42.6
      vertex 159.414 109.414 48.6
      vertex 159.218 109.587 48.6
    endloop
  endfacet
  facet normal -0.661748 -0.749726 -0
    outer loop
      vertex 159.414 109.414 48.6
      vertex 159.218 109.587 42.6
      vertex 159.414 109.414 42.6
    endloop
  endfacet
  facet normal 0.946749 -0.321971 0
    outer loop
      vertex 156.068 108.518 48.6
      vertex 156.152 108.765 42.6
      vertex 156.152 108.765 48.6
    endloop
  endfacet
  facet normal 0.946749 -0.321971 0
    outer loop
      vertex 156.152 108.765 42.6
      vertex 156.068 108.518 48.6
      vertex 156.068 108.518 42.6
    endloop
  endfacet
  facet normal 0.553818 -0.832637 0
    outer loop
      vertex 156.782 109.587 42.6
      vertex 157 109.732 48.6
      vertex 156.782 109.587 48.6
    endloop
  endfacet
  facet normal 0.553818 -0.832637 0
    outer loop
      vertex 157 109.732 48.6
      vertex 156.782 109.587 42.6
      vertex 157 109.732 42.6
    endloop
  endfacet
  facet normal -0.194648 0.980873 0
    outer loop
      vertex 158.518 106.068 42.6
      vertex 158.261 106.017 48.6
      vertex 158.518 106.068 48.6
    endloop
  endfacet
  facet normal -0.194648 0.980873 0
    outer loop
      vertex 158.261 106.017 48.6
      vertex 158.518 106.068 42.6
      vertex 158.261 106.017 42.6
    endloop
  endfacet
  facet normal -0.749726 0.661748 0
    outer loop
      vertex 159.414 106.586 42.6
      vertex 159.587 106.782 48.6
      vertex 159.587 106.782 42.6
    endloop
  endfacet
  facet normal -0.749726 0.661748 0
    outer loop
      vertex 159.587 106.782 48.6
      vertex 159.414 106.586 42.6
      vertex 159.414 106.586 48.6
    endloop
  endfacet
  facet normal -0.661748 0.749726 0
    outer loop
      vertex 159.414 106.586 42.6
      vertex 159.218 106.413 48.6
      vertex 159.414 106.586 48.6
    endloop
  endfacet
  facet normal -0.661748 0.749726 0
    outer loop
      vertex 159.218 106.413 48.6
      vertex 159.414 106.586 42.6
      vertex 159.218 106.413 42.6
    endloop
  endfacet
  facet normal -0.321971 0.946749 0
    outer loop
      vertex 158.765 106.152 42.6
      vertex 158.518 106.068 48.6
      vertex 158.765 106.152 48.6
    endloop
  endfacet
  facet normal -0.321971 0.946749 0
    outer loop
      vertex 158.518 106.068 48.6
      vertex 158.765 106.152 42.6
      vertex 158.518 106.068 42.6
    endloop
  endfacet
  facet normal 0.749726 -0.661748 0
    outer loop
      vertex 156.413 109.218 48.6
      vertex 156.586 109.414 42.6
      vertex 156.586 109.414 48.6
    endloop
  endfacet
  facet normal 0.749726 -0.661748 0
    outer loop
      vertex 156.586 109.414 42.6
      vertex 156.413 109.218 48.6
      vertex 156.413 109.218 42.6
    endloop
  endfacet
  facet normal -0.946749 -0.321971 0
    outer loop
      vertex 159.932 108.518 42.6
      vertex 159.848 108.765 48.6
      vertex 159.848 108.765 42.6
    endloop
  endfacet
  facet normal -0.946749 -0.321971 0
    outer loop
      vertex 159.848 108.765 48.6
      vertex 159.932 108.518 42.6
      vertex 159.932 108.518 48.6
    endloop
  endfacet
  facet normal 0.749726 0.661748 0
    outer loop
      vertex 156.586 106.586 48.6
      vertex 156.413 106.782 42.6
      vertex 156.413 106.782 48.6
    endloop
  endfacet
  facet normal 0.749726 0.661748 0
    outer loop
      vertex 156.413 106.782 42.6
      vertex 156.586 106.586 48.6
      vertex 156.586 106.586 42.6
    endloop
  endfacet
  facet normal 0.997886 -0.0649964 0
    outer loop
      vertex 156 108 48.6
      vertex 156.017 108.261 42.6
      vertex 156.017 108.261 48.6
    endloop
  endfacet
  facet normal 0.997886 -0.0649964 0
    outer loop
      vertex 156.017 108.261 42.6
      vertex 156 108 48.6
      vertex 156 108 42.6
    endloop
  endfacet
  facet normal 0.980873 -0.194648 0
    outer loop
      vertex 156.017 108.261 48.6
      vertex 156.068 108.518 42.6
      vertex 156.068 108.518 48.6
    endloop
  endfacet
  facet normal 0.980873 -0.194648 0
    outer loop
      vertex 156.068 108.518 42.6
      vertex 156.017 108.261 48.6
      vertex 156.017 108.261 42.6
    endloop
  endfacet
  facet normal -0.553818 0.832637 0
    outer loop
      vertex 159.218 106.413 42.6
      vertex 159 106.268 48.6
      vertex 159.218 106.413 48.6
    endloop
  endfacet
  facet normal -0.553818 0.832637 0
    outer loop
      vertex 159 106.268 48.6
      vertex 159.218 106.413 42.6
      vertex 159 106.268 42.6
    endloop
  endfacet
  facet normal -0.980873 0.194648 0
    outer loop
      vertex 159.932 107.482 42.6
      vertex 159.983 107.739 48.6
      vertex 159.983 107.739 42.6
    endloop
  endfacet
  facet normal -0.980873 0.194648 0
    outer loop
      vertex 159.983 107.739 48.6
      vertex 159.932 107.482 42.6
      vertex 159.932 107.482 48.6
    endloop
  endfacet
  facet normal -0.946749 0.321971 0
    outer loop
      vertex 159.848 107.235 42.6
      vertex 159.932 107.482 48.6
      vertex 159.932 107.482 42.6
    endloop
  endfacet
  facet normal -0.946749 0.321971 0
    outer loop
      vertex 159.932 107.482 48.6
      vertex 159.848 107.235 42.6
      vertex 159.848 107.235 48.6
    endloop
  endfacet
  facet normal -0.442629 0.896705 0
    outer loop
      vertex 159 106.268 42.6
      vertex 158.765 106.152 48.6
      vertex 159 106.268 48.6
    endloop
  endfacet
  facet normal -0.442629 0.896705 0
    outer loop
      vertex 158.765 106.152 48.6
      vertex 159 106.268 42.6
      vertex 158.765 106.152 42.6
    endloop
  endfacet
  facet normal 0.553818 0.832637 -0
    outer loop
      vertex 157 106.268 42.6
      vertex 156.782 106.413 48.6
      vertex 157 106.268 48.6
    endloop
  endfacet
  facet normal 0.553818 0.832637 0
    outer loop
      vertex 156.782 106.413 48.6
      vertex 157 106.268 42.6
      vertex 156.782 106.413 42.6
    endloop
  endfacet
  facet normal 0.896705 0.442629 0
    outer loop
      vertex 156.268 107 48.6
      vertex 156.152 107.235 42.6
      vertex 156.152 107.235 48.6
    endloop
  endfacet
  facet normal 0.896705 0.442629 0
    outer loop
      vertex 156.152 107.235 42.6
      vertex 156.268 107 48.6
      vertex 156.268 107 42.6
    endloop
  endfacet
  facet normal 0.832637 0.553818 0
    outer loop
      vertex 156.413 106.782 48.6
      vertex 156.268 107 42.6
      vertex 156.268 107 48.6
    endloop
  endfacet
  facet normal 0.832637 0.553818 0
    outer loop
      vertex 156.268 107 42.6
      vertex 156.413 106.782 48.6
      vertex 156.413 106.782 42.6
    endloop
  endfacet
  facet normal 0.997886 0.0649964 0
    outer loop
      vertex 156.017 107.739 48.6
      vertex 156 108 42.6
      vertex 156 108 48.6
    endloop
  endfacet
  facet normal 0.997886 0.0649964 0
    outer loop
      vertex 156 108 42.6
      vertex 156.017 107.739 48.6
      vertex 156.017 107.739 42.6
    endloop
  endfacet
  facet normal -0.194648 -0.980873 0
    outer loop
      vertex 158.261 109.983 42.6
      vertex 158.518 109.932 48.6
      vertex 158.261 109.983 48.6
    endloop
  endfacet
  facet normal -0.194648 -0.980873 -0
    outer loop
      vertex 158.518 109.932 48.6
      vertex 158.261 109.983 42.6
      vertex 158.518 109.932 42.6
    endloop
  endfacet
  facet normal -0.0649964 -0.997886 0
    outer loop
      vertex 158 110 42.6
      vertex 158.261 109.983 48.6
      vertex 158 110 48.6
    endloop
  endfacet
  facet normal -0.0649964 -0.997886 -0
    outer loop
      vertex 158.261 109.983 48.6
      vertex 158 110 42.6
      vertex 158.261 109.983 42.6
    endloop
  endfacet
  facet normal 0.442629 0.896705 -0
    outer loop
      vertex 157.235 106.152 42.6
      vertex 157 106.268 48.6
      vertex 157.235 106.152 48.6
    endloop
  endfacet
  facet normal 0.442629 0.896705 0
    outer loop
      vertex 157 106.268 48.6
      vertex 157.235 106.152 42.6
      vertex 157 106.268 42.6
    endloop
  endfacet
  facet normal 0 0 1
    outer loop
      vertex 159.983 108.261 42.6
      vertex 159.983 107.739 42.6
      vertex 160 108 42.6
    endloop
  endfacet
  facet normal 0 0 1
    outer loop
      vertex 159.932 108.518 42.6
      vertex 159.983 107.739 42.6
      vertex 159.983 108.261 42.6
    endloop
  endfacet
  facet normal 0 0 1
    outer loop
      vertex 159.932 108.518 42.6
      vertex 159.932 107.482 42.6
      vertex 159.983 107.739 42.6
    endloop
  endfacet
  facet normal 0 0 1
    outer loop
      vertex 159.848 108.765 42.6
      vertex 159.932 107.482 42.6
      vertex 159.932 108.518 42.6
    endloop
  endfacet
  facet normal 0 0 1
    outer loop
      vertex 159.848 108.765 42.6
      vertex 159.848 107.235 42.6
      vertex 159.932 107.482 42.6
    endloop
  endfacet
  facet normal 0 0 1
    outer loop
      vertex 159.732 109 42.6
      vertex 159.848 107.235 42.6
      vertex 159.848 108.765 42.6
    endloop
  endfacet
  facet normal 0 0 1
    outer loop
      vertex 159.732 109 42.6
      vertex 159.732 107 42.6
      vertex 159.848 107.235 42.6
    endloop
  endfacet
  facet normal 0 0 1
    outer loop
      vertex 159.587 109.218 42.6
      vertex 159.732 107 42.6
      vertex 159.732 109 42.6
    endloop
  endfacet
  facet normal 0 0 1
    outer loop
      vertex 159.587 109.218 42.6
      vertex 159.587 106.782 42.6
      vertex 159.732 107 42.6
    endloop
  endfacet
  facet normal 0 0 1
    outer loop
      vertex 159.414 109.414 42.6
      vertex 159.587 106.782 42.6
      vertex 159.587 109.218 42.6
    endloop
  endfacet
  facet normal 0 0 1
    outer loop
      vertex 159.414 109.414 42.6
      vertex 159.414 106.586 42.6
      vertex 159.587 106.782 42.6
    endloop
  endfacet
  facet normal 0 0 1
    outer loop
      vertex 159.218 109.587 42.6
      vertex 159.414 106.586 42.6
      vertex 159.414 109.414 42.6
    endloop
  endfacet
  facet normal 0 0 1
    outer loop
      vertex 159.218 109.587 42.6
      vertex 159.218 106.413 42.6
      vertex 159.414 106.586 42.6
    endloop
  endfacet
  facet normal 0 0 1
    outer loop
      vertex 159 109.732 42.6
      vertex 159.218 106.413 42.6
      vertex 159.218 109.587 42.6
    endloop
  endfacet
  facet normal 0 0 1
    outer loop
      vertex 159 109.732 42.6
      vertex 159 106.268 42.6
      vertex 159.218 106.413 42.6
    endloop
  endfacet
  facet normal 0 0 1
    outer loop
      vertex 158.765 109.848 42.6
      vertex 159 106.268 42.6
      vertex 159 109.732 42.6
    endloop
  endfacet
  facet normal 0 0 1
    outer loop
      vertex 158.765 109.848 42.6
      vertex 158.765 106.152 42.6
      vertex 159 106.268 42.6
    endloop
  endfacet
  facet normal 0 0 1
    outer loop
      vertex 158.518 109.932 42.6
      vertex 158.765 106.152 42.6
      vertex 158.765 109.848 42.6
    endloop
  endfacet
  facet normal 0 0 1
    outer loop
      vertex 158.518 109.932 42.6
      vertex 158.518 106.068 42.6
      vertex 158.765 106.152 42.6
    endloop
  endfacet
  facet normal 0 0 1
    outer loop
      vertex 158.261 109.983 42.6
      vertex 158.518 106.068 42.6
      vertex 158.518 109.932 42.6
    endloop
  endfacet
  facet normal 0 0 1
    outer loop
      vertex 158.261 109.983 42.6
      vertex 158.261 106.017 42.6
      vertex 158.518 106.068 42.6
    endloop
  endfacet
  facet normal 0 0 1
    outer loop
      vertex 158 110 42.6
      vertex 158.261 106.017 42.6
      vertex 158.261 109.983 42.6
    endloop
  endfacet
  facet normal 0 0 1
    outer loop
      vertex 158 110 42.6
      vertex 158 106 42.6
      vertex 158.261 106.017 42.6
    endloop
  endfacet
  facet normal -0 0 1
    outer loop
      vertex 157.739 109.983 42.6
      vertex 158 106 42.6
      vertex 158 110 42.6
    endloop
  endfacet
  facet normal 0 0 1
    outer loop
      vertex 157.739 109.983 42.6
      vertex 157.739 106.017 42.6
      vertex 158 106 42.6
    endloop
  endfacet
  facet normal -0 0 1
    outer loop
      vertex 157.482 109.932 42.6
      vertex 157.739 106.017 42.6
      vertex 157.739 109.983 42.6
    endloop
  endfacet
  facet normal 0 0 1
    outer loop
      vertex 157.482 109.932 42.6
      vertex 157.482 106.068 42.6
      vertex 157.739 106.017 42.6
    endloop
  endfacet
  facet normal -0 0 1
    outer loop
      vertex 157.235 109.848 42.6
      vertex 157.482 106.068 42.6
      vertex 157.482 109.932 42.6
    endloop
  endfacet
  facet normal 0 0 1
    outer loop
      vertex 157.235 109.848 42.6
      vertex 157.235 106.152 42.6
      vertex 157.482 106.068 42.6
    endloop
  endfacet
  facet normal -0 0 1
    outer loop
      vertex 157 109.732 42.6
      vertex 157.235 106.152 42.6
      vertex 157.235 109.848 42.6
    endloop
  endfacet
  facet normal 0 0 1
    outer loop
      vertex 157 109.732 42.6
      vertex 157 106.268 42.6
      vertex 157.235 106.152 42.6
    endloop
  endfacet
  facet normal -0 0 1
    outer loop
      vertex 156.782 109.587 42.6
      vertex 157 106.268 42.6
      vertex 157 109.732 42.6
    endloop
  endfacet
  facet normal 0 0 1
    outer loop
      vertex 156.782 109.587 42.6
      vertex 156.782 106.413 42.6
      vertex 157 106.268 42.6
    endloop
  endfacet
  facet normal -0 0 1
    outer loop
      vertex 156.586 109.414 42.6
      vertex 156.782 106.413 42.6
      vertex 156.782 109.587 42.6
    endloop
  endfacet
  facet normal 0 0 1
    outer loop
      vertex 156.586 109.414 42.6
      vertex 156.586 106.586 42.6
      vertex 156.782 106.413 42.6
    endloop
  endfacet
  facet normal -0 0 1
    outer loop
      vertex 156.413 109.218 42.6
      vertex 156.586 106.586 42.6
      vertex 156.586 109.414 42.6
    endloop
  endfacet
  facet normal 0 0 1
    outer loop
      vertex 156.413 109.218 42.6
      vertex 156.413 106.782 42.6
      vertex 156.586 106.586 42.6
    endloop
  endfacet
  facet normal -0 0 1
    outer loop
      vertex 156.268 109 42.6
      vertex 156.413 106.782 42.6
      vertex 156.413 109.218 42.6
    endloop
  endfacet
  facet normal 0 0 1
    outer loop
      vertex 156.268 109 42.6
      vertex 156.268 107 42.6
      vertex 156.413 106.782 42.6
    endloop
  endfacet
  facet normal -0 0 1
    outer loop
      vertex 156.152 108.765 42.6
      vertex 156.268 107 42.6
      vertex 156.268 109 42.6
    endloop
  endfacet
  facet normal 0 0 1
    outer loop
      vertex 156.152 108.765 42.6
      vertex 156.152 107.235 42.6
      vertex 156.268 107 42.6
    endloop
  endfacet
  facet normal -0 0 1
    outer loop
      vertex 156.068 108.518 42.6
      vertex 156.152 107.235 42.6
      vertex 156.152 108.765 42.6
    endloop
  endfacet
  facet normal 0 0 1
    outer loop
      vertex 156.068 108.518 42.6
      vertex 156.068 107.482 42.6
      vertex 156.152 107.235 42.6
    endloop
  endfacet
  facet normal -0 0 1
    outer loop
      vertex 156.017 108.261 42.6
      vertex 156.068 107.482 42.6
      vertex 156.068 108.518 42.6
    endloop
  endfacet
  facet normal 0 0 1
    outer loop
      vertex 156.017 108.261 42.6
      vertex 156.017 107.739 42.6
      vertex 156.068 107.482 42.6
    endloop
  endfacet
  facet normal 0 -0 1
    outer loop
      vertex 156.017 107.739 42.6
      vertex 156.017 108.261 42.6
      vertex 156 108 42.6
    endloop
  endfacet
endsolid OpenSCAD_Model
